,rank,company,revenues,revenue % change,profits($M),assets($M),profits % change,employees,change in rank 500,country/territory
0,1,Walmart,"$514,405.00",2.8%,"$6,670.00","$219,295.00",-32.4%,"2,200,000",-,U.S.
1,2,Sinopec Group,"$414,649.90",26.8%,"$5,845.00","$329,186.30",280.1%,"619,151",1,China
2,3,Royal Dutch Shell,"$396,556.00",27.2%,"$23,352.00","$399,194.00",79.9%,"81,000",2,Netherlands
3,4,China National Petroleum,"$392,976.60",20.5%,"$2,270.50","$601,899.90",-,"1,382,401",-,China
4,5,State Grid,"$387,056.00",10.9%,"$8,174.80","$572,309.50",-14.3%,"917,717",-3,China
5,6,Saudi Aramco,"$355,905.00",35.3%,"$110,974.50","$358,872.90",46.9%,"76,418",-,Saudi Arabia
6,7,BP,"$303,738.00",24.2%,"$9,383.00","$282,176.00",176.9%,"73,000",1,Britain
7,8,Exxon Mobil,"$290,212.00",18.8%,"$20,840.00","$346,196.00",5.7%,"71,000",1,U.S.
8,9,Volkswagen,"$278,341.50",7%,"$14,322.50","$523,672.30",9.3%,"664,496",-2,Germany
9,10,Toyota Motor,"$272,612.00",2.8%,"$16,982.00","$469,295.60",-24.6%,"370,870",-4,Japan
10,11,Apple,"$265,595.00",15.9%,"$59,531.00","$365,725.00",23.1%,"132,000",-,U.S.
11,12,Berkshire Hathaway,"$247,837.00",2.4%,"$4,021.00","$707,794.00",-91.1%,"389,000",-2,U.S.
12,13,Amazon.com,"$232,887.00",30.9%,"$10,073.00","$162,648.00",232.1%,"647,500",5,U.S.
13,14,UnitedHealth Group,"$226,247.00",12.5%,"$11,986.00","$152,221.00",13.5%,"300,000",1,U.S.
14,15,Samsung Electronics,"$221,579.40",4.5%,"$39,895.20","$304,165.30",9.1%,"309,630",-3,South Korea
15,16,Glencore,"$219,754.00",6.9%,"$3,408.00","$128,672.00",-41%,"85,504",-2,Switzerland
16,17,McKesson,"$214,319.00",2.9%,$34,"$59,672.00",-49.3%,"70,000",-4,U.S.
17,18,Daimler,"$197,515.30",6.6%,"$8,555.00","$321,890.50",-27.9%,"298,683",-2,Germany
18,19,CVS Health,"$194,579.00",5.3%,$-594,"$196,456.00",-109%,"295,000",-2,U.S.
19,20,Total,"$184,106.00",23.5%,"$11,446.00","$256,762.00",32.6%,"104,460",8,France
20,21,China State Construction Engineering,"$181,524.50",16.3%,"$3,159.50","$272,768.80",18.1%,"302,827",2,China
21,22,Trafigura Group,"$180,744.10",32.5%,$849.2,"$53,801.00",0.2%,"4,316",10,Singapore
22,23,Hon Hai Precision Industry,"$175,617.00",13.5%,"$4,281.60","$110,012.90",-6.1%,"667,680",1,Taiwan
23,24,EXOR Group,"$175,009.50",8.2%,"$1,589.70","$190,052.30",1.3%,"314,790",-5,Netherlands
24,25,AT&T,"$170,756.00",6.4%,"$19,370.00","$531,864.00",-34.2%,"268,220",-5,U.S.
25,26,Industrial & Commercial Bank of China,"$168,979.00",10.4%,"$45,002.30","$4,034,481.60",6.3%,"449,296",-,China
26,27,AmerisourceBergen,"$167,939.60",9.7%,"$1,658.40","$37,669.80",355%,"20,500",-2,U.S.
27,28,Chevron,"$166,339.00",23.6%,"$14,824.00","$253,863.00",61.2%,"48,600",5,U.S.
28,29,Ping An Insurance,"$163,597.40",13.5%,"$16,237.20","$1,040,383.40",23.2%,"376,900",-,China
29,30,Ford Motor,"$160,338.00",2.3%,"$3,677.00","$256,540.00",-51.6%,"199,000",-8,U.S.
30,31,China Construction Bank,"$151,110.80",9%,"$38,498.40","$3,382,421.70",7.4%,"366,996",-,China
31,32,General Motors,"$147,049.00",-6.5%,"$8,014.00","$227,339.00",-,"173,000",-11,U.S.
32,33,Mitsubishi,"$145,243.30",112.7%,"$5,328.00","$149,388.30",5.4%,"79,994",96,Japan
33,34,Honda Motor,"$143,302.90",3.4%,"$5,504.60","$184,504.60",-42.4%,"219,722",-4,Japan
34,35,Costco Wholesale,"$141,576.00",9.7%,"$3,134.00","$40,830.00",17%,"194,000",-,U.S.
35,36,Agricultural Bank of China,"$139,523.60",14%,"$30,656.50","$3,293,105.00",7.4%,"477,526",4,China
36,37,Alphabet,"$136,819.00",23.4%,"$30,736.00","$232,792.00",142.7%,"98,771",15,U.S.
37,38,Cardinal Health,"$136,809.00",5.3%,$256,"$39,951.00",-80.1%,"50,200",-4,U.S.
38,39,SAIC Motor,"$136,392.50",5.9%,"$5,443.80","$114,011.70",6.9%,"147,738",-3,China
39,40,Walgreens Boots Alliance,"$131,537.00",11.3%,"$5,024.00","$68,124.00",23.2%,"299,000",3,U.S.
40,41,JPMorgan Chase & Co.,"$131,412.00",15.4%,"$32,474.00","$2,622,532.00",32.9%,"256,105",6,U.S.
41,42,Gazprom,"$131,302.00",17.3%,"$23,199.10","$300,354.80",89.4%,"466,100",7,Russia
42,43,Verizon Communications,"$130,863.00",3.8%,"$15,528.00","$264,829.00",-48.4%,"144,500",-6,U.S.
43,44,Bank of China,"$127,714.10",10.6%,"$27,225.20","$3,097,612.00",6.7%,"310,119",2,China
44,45,Allianz,"$126,799.60",2.6%,"$8,806.40","$1,025,919.10",14.8%,"142,460",-7,Germany
45,46,AXA,"$125,578.20",-16%,"$2,525.60","$1,063,784.40",-63.9%,"104,065",-19,France
46,47,Kroger,"$121,162.00",-1.2%,"$3,110.00","$38,118.00",63.1%,"453,000",-8,U.S.
47,48,General Electric,"$120,268.00",-1.6%,"$-22,355.00","$309,129.00",-,"283,000",-7,U.S.
48,49,Fannie Mae,"$120,101.00",6.9%,"$15,959.00","$3,418,318.00",547.9%,"7,400",-1,U.S.
49,50,Lukoil,"$119,145.00",26.9%,"$9,863.70","$82,734.80",37.3%,"102,500",13,Russia
50,51,China Life Insurance,"$116,171.50",-3.4%,"$-2,566.90","$580,331.60",-1063.10%,"175,077",-9,China
51,52,Japan Post Holdings,"$115,220.50",-1.2%,"$4,324.00","$2,585,802.00",4%,"245,922",-7,Japan
52,53,BMW Group,"$115,042.80",3.4%,"$8,399.30","$238,864.10",-13.6%,"134,682",-2,Germany
53,54,Phillips 66,"$114,217.00",24.7%,"$5,595.00","$54,302.00",9.6%,"14,200",13,U.S.
54,55,China Railway Engineering Group,"$112,132.70",9.1%,"$1,240.90","$137,914.20",6.1%,"307,992",1,China
55,56,China Mobile Communications,"$112,096.00",1.8%,"$11,745.30","$255,216.60",7.4%,"462,046",-3,China
56,57,Valero Energy,"$111,407.00",26%,"$3,122.00","$50,155.00",-23.2%,"10,261",17,U.S.
57,58,Bank of America Corp.,"$110,584.00",10.3%,"$28,147.00","$2,354,507.00",54.4%,"204,489",2,U.S.
58,59,China Railway Construction,"$110,455.90",9.5%,"$1,186.90","$134,180.20",-9.3%,"356,326",-1,China
59,60,Microsoft,"$110,360.00",22.7%,"$16,571.00","$258,848.00",-21.8%,"131,000",11,U.S.
60,61,Huawei Investment & Holding,"$109,030.40",22.1%,"$8,953.90","$96,973.70",27.5%,"188,000",11,China
61,62,Home Depot,"$108,203.00",7.2%,"$11,121.00","$44,003.00",28.9%,"413,000",-5,U.S.
62,63,China National Offshore Oil,"$108,130.40",32.7%,"$7,331.10","$177,193.60",142.9%,"93,601",24,China
63,64,Nippon Telegraph & Telephone,"$107,146.90",0.6%,"$7,707.50","$201,456.10",-6.1%,"303,351",-9,Japan
64,65,Itochu,"$104,627.30",110.4%,"$4,514.30","$91,250.60",24.9%,"139,157",139,Japan
65,66,Nissan Motor,"$104,390.60",-3.2%,"$2,878.40","$171,251.00",-57.3%,"148,513",-12,Japan
66,67,China Development Bank,"$103,072.90",28.3%,"$16,744.30","$2,356,616.20",0.7%,"9,507",-,China
67,68,Boeing,"$101,127.00",8.3%,"$10,460.00","$117,359.00",27.6%,"153,000",-4,U.S.
68,69,Wells Fargo,"$101,060.00",3.4%,"$22,393.00","$1,895,883.00",0.9%,"258,700",-7,U.S.
69,70,Siemens,"$98,802.00",7.9%,"$6,908.90","$161,335.90",3.6%,"379,000",-4,Germany
70,71,Citigroup,"$97,120.00",10.4%,"$18,045.00","$1,917,383.00",-,"204,000",5,U.S.
71,72,Marathon Petroleum,"$97,102.00",43.6%,"$2,780.00","$92,940.00",-19%,"60,350",59,U.S.
72,73,SK Holdings,"$95,904.50",14.8%,"$2,048.00","$107,069.10",38%,"104,374",11,South Korea
73,74,Petrobras,"$95,584.00",7.6%,"$7,173.00","$222,068.00",-,"63,361",-1,Brazil
74,75,Comcast,"$94,507.00",11.8%,"$11,731.00","$251,684.00",-48.4%,"184,000",5,U.S.
75,76,Nestlé,"$93,512.50",2.5%,"$10,364.80","$139,045.10",42%,"308,000",-7,Switzerland
76,77,Bosch Group,"$92,601.90",5.2%,"$3,596.00","$95,616.50",15.9%,"409,881",-2,Germany
77,78,Uniper,"$92,260.80",13.3%,$-533.4,"$57,841.50",-,"11,828",10,Germany
78,79,Anthem,"$92,105.00",2.3%,"$3,750.00","$71,571.00",-2.4%,"63,900",-9,U.S.
79,80,China Resources,"$91,986.00",11.9%,"$3,474.60","$209,651.50",10.2%,"421,274",6,China
80,81,Carrefour,"$91,955.20",0.7%,$-662.1,"$54,153.10",-,"363,862",-13,France
81,82,Dongfeng Motor,"$90,934.20",-2.5%,"$1,599.70","$66,397.10",14.3%,"167,528",-17,China
82,83,ENI,"$90,799.80",13.5%,"$4,869.40","$135,300.30",28%,"31,701",6,Italy
83,84,Dell Technologies,"$90,621.00",15.2%,"$-2,310.00","$111,820.00",-,"157,000",9,U.S.
84,85,Banco Santander,"$90,531.90",3.6%,"$9,217.10","$1,667,946.80",23.5%,"194,015",-8,Spain
85,86,Rosneft Oil,"$90,055.00",25%,"$8,745.80","$189,980.10",129.7%,"308,000",29,Russia
86,87,China FAW Group,"$89,804.70",29.2%,"$2,660.30","$66,682.90",-6.8%,"142,451",38,China
87,88,Sinochem Group,"$89,358.10",16.4%,$701.4,"$71,332.70",-6.9%,"66,713",10,China
88,89,Enel,"$89,305.70",6.1%,"$5,651.80","$189,079.60",32.7%,"69,272",-6,Italy
89,90,Deutsche Telekom,"$89,286.80",5.7%,"$2,556.20","$166,163.60",-34.5%,"215,675",-9,Germany
90,91,Crédit Agricole,"$88,325.00",4.9%,"$5,192.70","$1,856,682.30",26.2%,"73,346",-9,France
91,92,Assicurazioni Generali,"$88,157.40",-12.3%,"$2,725.00","$589,590.30",14.6%,"70,734",-33,Italy
92,93,China Communications Construction,"$88,140.90",11%,"$1,585.20","$198,943.70",2.6%,"178,572",-2,China
93,94,Hyundai Motor,"$87,999.20",3.2%,"$1,370.80","$161,921.40",-61.6%,"122,217",-16,South Korea
94,95,Pemex,"$87,403.30",18.4%,"$-9,377.90","$105,384.40",-,"131,108",12,Mexico
95,96,Peugeot,"$87,364.30",18.9%,"$3,336.30","$70,811.10",53.4%,"216,539",12,France
96,97,Pacific Construction Group,"$86,622.60",12.2%,"$3,390.90","$58,175.00",7.9%,"387,525",-1,China
97,98,SoftBank Group,"$86,604.70",4.8%,"$12,727.90","$326,163.20",35.7%,"76,866",-13,Japan
98,99,HSBC Holdings,"$86,131.00",8.2%,"$13,727.00","$2,558,124.00",27.1%,"235,217",-9,Britain
99,100,DuPont,"$85,977.00",37.2%,"$3,844.00","$188,030.00",163.3%,"98,000",47,U.S.
100,101,China Post Group,"$85,627.90",18.6%,"$4,133.60","$1,429,122.30",-16.7%,"935,191",12,China
101,102,Hitachi,"$85,507.80",1.1%,"$2,007.20","$86,984.70",-38.7%,"295,941",-23,Japan
102,103,Tesco,"$84,270.60",11.8%,"$1,743.10","$65,227.60",10.2%,"321,490",-1,Britain
103,104,BNP Paribas,"$83,973.70",-28.5%,"$8,881.90","$2,332,675.50",1.6%,"197,162",-60,France
104,105,JXTG Holdings,"$82,733.30",8%,"$2,907.10","$76,604.40",-11%,"40,695",-6,Japan
105,106,Reliance Industries,"$82,331.20",32.1%,"$5,660.80","$144,715.20",1.2%,"194,056",42,India
106,107,China Energy Investment,"$81,977.70",8.5%,"$3,531.40","$259,644.40",41.5%,"338,472",-6,China
107,108,State Farm Insurance Cos.,"$81,732.20",4.3%,"$8,788.40","$272,518.40",298.3%,"56,788",-13,U.S.
108,109,Johnson & Johnson,"$81,581.00",6.7%,"$15,297.00","$152,954.00",1076.70%,"135,100",-9,U.S.
109,110,Electricité de France,"$81,403.30",3.7%,"$1,389.10","$323,662.20",-61.2%,"165,790",-16,France
110,111,China Southern Power Grid,"$80,963.60",11.2%,"$1,782.40","$118,705.60",-8%,"289,735",-1,China
111,112,China Minmetals,"$80,076.40",9.7%,$-373.6,"$130,626.80",-,"199,442",-3,China
112,113,Equinor,"$79,593.00",30.1%,"$7,535.00","$112,508.00",64.2%,"20,525",37,Norway
113,114,International Business Machines,"$79,591.00",0.6%,"$8,728.00","$123,382.00",51.7%,"381,100",-22,U.S.
114,115,BASF,"$78,798.70",8.4%,"$5,555.10","$98,933.50",-18.9%,"122,404",-3,Germany
115,116,Sony,"$78,157.70",1.4%,"$8,264.00","$189,586.90",86.6%,"114,400",-19,Japan
116,117,Indian Oil,"$77,587.00",17.7%,"$2,484.70","$48,385.60",-27.8%,"35,442",20,India
117,118,AEON,"$77,122.50",2.4%,$214,"$90,293.60",-2.8%,"288,326",-15,Japan
118,119,Amer International Group,"$76,363.10",4.9%,"$1,483.00","$21,240.60",-4.1%,"16,901",-8,China
119,120,ArcelorMittal,"$76,033.00",10.7%,"$5,149.00","$91,249.00",12.7%,"208,583",7,Luxembourg
120,121,People's Insurance Co. of China,"$75,377.30",5.3%,"$1,952.00","$150,259.30",-18.1%,"198,457",-4,China
121,122,Target,"$75,356.00",4.8%,"$2,937.00","$41,290.00",0.1%,"360,000",-6,U.S.
122,123,Airbus,"$75,185.00",-0.1%,"$3,604.20","$131,671.30",11.3%,"133,671",-18,Netherlands
123,124,Deutsche Post DHL Group,"$75,000.90",6.3%,"$2,448.80","$57,687.20",-19.9%,"499,018",-5,Germany
124,125,Nippon Life Insurance,"$74,202.30",8%,"$2,514.50","$712,112.70",14.2%,"89,198",1,Japan
125,126,Engie,"$74,144.10",-1.5%,"$1,219.10","$175,681.40",-24%,"160,301",-22,France
126,127,Royal Ahold Delhaize,"$74,103.90",4.5%,"$2,116.00","$38,097.30",3.3%,"225,000",-9,Netherlands
127,128,Freddie Mac,"$73,598.00",-1.4%,"$9,235.00","$2,063,060.00",64.2%,"6,621",-22,U.S.
128,129,Beijing Automotive Group,"$72,677.40",4.4%,"$1,097.70","$66,789.50",-29.4%,"127,163",-5,China
129,130,PTT,"$72,307.20",22.9%,"$3,704.40","$72,348.40",-7%,"26,613",33,Thailand
130,131,Panasonic,"$72,178.40",0.2%,"$2,562.80","$54,341.10",20.3%,"271,869",-17,Japan
131,132,United Parcel Service,"$71,861.00",9.1%,"$4,791.00","$50,016.00",-2.4%,"364,575",6,U.S.
132,133,Lowe's,"$71,309.00",3.9%,"$2,314.00","$34,508.00",-32.9%,"245,000",-5,U.S.
133,134,COFCO,"$71,223.30",2.2%,$337.8,"$81,657.40",-14.2%,"117,842",-12,China
134,135,Intel,"$70,848.00",12.9%,"$21,053.00","$127,963.00",119.3%,"107,400",11,U.S.
135,136,U.S. Postal Service,"$70,660.00",1.5%,"$-3,913.00","$26,688.00",-,"565,802",-13,U.S.
136,137,CITIC Group,"$70,659.00",15.2%,"$4,566.00","$986,297.00",41.6%,"287,500",12,China
137,138,China Evergrande Group,"$70,478.90",53.2%,"$5,652.60","$273,829.00",56.8%,"131,694",92,China
138,139,JD.com,"$69,847.60",29.4%,$-376.7,"$30,465.20",-,"178,927",42,China
139,140,China North Industries Group,"$68,777.70",6.4%,$966.4,"$57,675.40",12.7%,"210,507",-,China
140,141,China Telecommunications,"$68,709.50",7.4%,"$1,664.60","$122,945.90",-8.5%,"403,014",-,China
141,142,MetLife,"$67,941.00",2.7%,"$5,123.00","$687,538.00",27.8%,"48,000",-6,U.S.
142,143,Renault,"$67,764.10",2.3%,"$3,896.90","$131,440.40",-32.4%,"183,002",-9,France
143,144,ChemChina,"$67,397.50",16.2%,"$-2,207.60","$116,353.60",-,"138,652",23,China
144,145,Munich Re Group,"$67,225.90",-4.2%,"$2,726.20","$308,802.00",544.9%,"41,410",-25,Germany
145,146,Procter & Gamble,"$66,832.00",0.9%,"$9,750.00","$118,310.00",-36.4%,"92,000",-11,U.S.
146,147,Marubeni,"$66,753.50",-1.9%,"$2,082.50","$61,526.00",9.2%,"46,711",-17,Japan
147,148,United Technologies,"$66,501.00",11.1%,"$5,269.00","$134,211.00",15.8%,"240,200",11,U.S.
148,149,China Baowu Steel Group,"$66,310.00",12.5%,"$2,168.20","$103,676.10",721.3%,"161,399",13,China
149,150,Bank of Communications,"$65,644.80",13.7%,"$11,131.30","$1,388,230.00",7.1%,"92,714",18,China
150,151,Aviation Industry Corp. of China,"$65,534.40",10.6%,$695,"$138,082.70",91.4%,"446,613",10,China
151,152,FedEx,"$65,450.00",8.5%,"$4,572.00","$52,330.00",52.6%,"359,530",3,U.S.
152,153,Dai-ichi Life Holdings,"$64,794.90",2%,"$2,029.60","$505,478.10",-38.2%,"62,938",-8,Japan
153,154,PepsiCo,"$64,661.00",1.8%,"$12,515.00","$77,648.00",157.7%,"267,000",-10,U.S.
154,155,Archer Daniels Midland,"$64,341.00",5.8%,"$1,810.00","$40,833.00",13.5%,"31,600",-3,U.S.
155,156,Prudential Financial,"$62,992.00",5.5%,"$4,074.00","$815,078.00",-48.2%,"50,492",4,U.S.
156,157,Mitsui,"$62,751.40",42.1%,"$3,735.90","$107,940.50",-1.1%,"43,993",89,Japan
157,158,Petronas,"$62,230.60",19.6%,"$11,868.30","$154,071.20",35.5%,"48,001",33,Malaysia
158,159,Seven & I Holdings,"$61,486.50",13.4%,"$1,838.00","$52,069.20",13%,"58,165",20,Japan
159,160,Oil & Natural Gas,"$61,420.40",19.9%,"$4,360.60","$71,563.40",27.2%,"43,743",37,India
160,161,PowerChina,"$61,224.00",13.7%,$803.8,"$123,815.20",-15.1%,"185,269",21,China
161,162,Toyota Tsusho,"$60,994.30",4.1%,"$1,196.10","$40,132.50",1.8%,"58,565",3,Japan
162,163,Roche Group,"$60,846.20",7.4%,"$10,738.10","$79,680.30",22.4%,"94,442",6,Switzerland
163,164,Auchan Holding,"$60,749.20",1.2%,"$-1,351.30","$41,073.70",-535.9%,"340,577",-8,France
164,165,Albertsons Cos.,"$60,534.50",1%,$131.1,"$20,776.60",183.2%,"267,000",-8,U.S.
165,166,Mitsubishi UFJ Financial Group,"$60,405.30",10.3%,"$7,871.00","$2,811,411.40",-11.9%,"119,390",11,Japan
166,167,Unilever,"$60,167.30",-0.6%,"$11,080.60","$67,958.20",62.4%,"154,848",-14,Britain/Neth.
167,168,Centene,"$60,116.00",23.8%,$900,"$30,901.00",8.7%,"47,300",42,U.S.
168,169,Sinopharm,"$59,980.20",15.7%,$884.4,"$49,823.40",28.2%,"128,600",25,China
169,170,Walt Disney,"$59,434.00",7.8%,"$12,598.00","$98,598.00",40.3%,"201,000",6,U.S.
170,171,POSCO,"$59,223.20",11.2%,"$1,556.10","$70,607.70",-36.2%,"33,784",13,South Korea
171,172,Sysco,"$58,727.30",6.1%,"$1,430.80","$18,070.40",25.2%,"67,000",2,U.S.
172,173,HP,"$58,472.00",12.3%,"$5,327.00","$34,622.00",110.9%,"55,000",17,U.S.
173,174,Société Générale,"$58,390.00",-16.5%,"$4,560.20","$1,496,676.20",44.2%,"140,250",-53,France
174,175,Pertamina,"$57,933.60",34.9%,"$2,526.80","$64,718.50",-0.5%,"31,569",78,Indonesia
175,176,Telefónica,"$57,465.90",-2%,"$3,931.10","$130,355.70",11.3%,"120,138",-12,Spain
176,177,Country Garden Holdings,"$57,308.70",70.7%,"$5,233.50","$237,367.50",35.7%,"131,387",176,China
177,178,Tokyo Electric Power,"$57,167.40",8.3%,"$2,096.10","$115,274.20",-27%,"41,086",8,Japan
178,179,Humana,"$56,912.00",5.8%,"$1,683.00","$25,413.00",-31.3%,"41,600",4,U.S.
179,180,Brookfield Asset Management,"$56,771.00",39.2%,"$3,584.00","$256,281.00",145.1%,"100,750",92,Canada
180,181,Hengli Group,"$56,198.60",23.3%,$582.9,"$22,400.30",-42.6%,"81,350",54,China
181,182,Alibaba Group Holding,"$56,147.20",48.7%,"$13,094.40","$143,608.20",35.4%,"101,958",118,China
182,183,RWE,"$56,016.70",17.1%,$465,"$91,563.40",-78.8%,"58,441",31,Germany
183,184,Facebook,"$55,838.00",37.4%,"$22,112.00","$97,334.00",38.8%,"35,587",90,U.S.
184,185,LG Electronics,"$55,757.40",2.7%,"$1,127.20","$39,731.50",-26.2%,"72,600",-7,South Korea
185,186,Nippon Steel Corporation,"$55,720.20",8.1%,"$2,265.30","$72,734.50",38.8%,"115,878",12,Japan
186,187,Christian Dior,"$55,262.60",12.3%,"$3,037.80","$88,320.80",20.3%,"141,914",21,France
187,188,China Merchants Bank,"$55,063.50",15.2%,"$12,179.00","$982,526.00",17.3%,"74,590",25,China
188,189,Guangzhou Automobile Industry Group,"$55,037.20",9.4%,$885.5,"$42,549.70",-10.5%,"113,474",13,China
189,190,Caterpillar,"$54,722.00",20.4%,"$6,147.00","$78,509.00",715.3%,"104,000",48,U.S.
190,191,Itaú Unibanco Holding,"$54,662.50",-17.5%,"$6,814.80","$400,690.80",-9%,"100,335",-58,Brazil
191,192,Anheuser-Busch InBev,"$54,619.00",-3.2%,"$4,368.00","$232,103.00",-45.4%,"172,603",-22,Belgium
192,193,Korea Electric Power,"$54,567.90",4%,"$-1,194.90","$166,038.40",-204%,"46,377",-5,South Korea
193,194,Energy Transfer,"$54,436.00",14.6%,"$1,694.00","$88,246.00",77.6%,"11,768",23,U.S.
194,195,Wesfarmers,"$53,985.30",4.6%,$927.4,"$27,282.40",-57.2%,"217,000",-,Australia
195,196,América Móvil,"$53,977.60",-0.1%,"$2,733.00","$72,580.00",76.3%,"194,431",-16,Mexico
196,197,Lockheed Martin,"$53,762.00",5.3%,"$5,046.00","$44,876.00",152%,"105,000",3,U.S.
197,198,Pfizer,"$53,647.00",2.1%,"$11,153.00","$159,422.00",-47.7%,"92,400",-11,U.S.
198,199,China Pacific Insurance (Group),"$53,572.10",13.2%,"$2,724.10","$194,584.50",25.6%,"107,741",21,China
199,200,Repsol,"$53,176.00",27%,"$2,762.80","$69,469.30",15.6%,"22,735",62,Spain
200,201,Novartis,"$53,166.00",6%,"$12,611.00","$145,563.00",63.7%,"125,161",2,Switzerland
201,202,Greenland Holding Group,"$52,720.90",22.7%,"$1,719.60","$150,974.50",28.6%,"39,091",50,China
202,203,China National Building Material Group,"$52,610.60",17.7%,$69.4,"$84,608.20",356.3%,"207,958",40,China
203,204,Goldman Sachs Group,"$52,528.00",24.3%,"$10,459.00","$931,796.00",144%,"36,600",55,U.S.
204,205,Continental,"$52,404.70",5.6%,"$3,419.30","$46,229.10",1.6%,"243,226",1,Germany
205,206,Vinci,"$52,345.20",13.1%,"$3,520.40","$86,133.10",13.7%,"211,233",20,France
206,207,Finatis,"$52,272.00",1.3%,$-208.9,"$45,172.50",-,"218,923",-11,France
207,208,Deutsche Bahn,"$52,004.10",8.1%,$623.1,"$66,896.40",-25.8%,"318,528",3,Germany
208,209,Sumitomo Mitsui Financial Group,"$51,728.00",-0.6%,"$6,554.10","$1,840,238.10",-1.1%,"86,659",-17,Japan
209,210,Alimentation Couche-Tard,"$51,394.40",35.6%,"$1,673.60","$23,140.60",38.4%,"130,000",89,Canada
210,211,Shandong Energy Group,"$51,245.60",12.3%,$573,"$43,756.60",17.1%,"160,064",23,China
211,212,Lenovo Group,"$51,037.90",12.5%,$596.3,"$29,988.50",-,"57,000",28,China
212,213,Industrial Bank,"$50,991.40",12.1%,"$9,164.50","$977,563.40",8.3%,"59,659",24,China
213,214,HBIS Group,"$50,920.60",12.2%,$-77.8,"$63,725.20",-,"118,656",25,China
214,215,ThyssenKrupp,"$50,856.10",7.3%,$9.5,"$39,334.30",-,"161,096",3,Germany
215,216,Shanghai Pudong Development Bank,"$50,545.70",9.2%,"$8,453.00","$916,091.00",5.3%,"55,692",11,China
216,217,Vodafone Group,"$50,532.40",-15.6%,"$-9,281.10","$160,391.20",-425.7%,"98,996",-59,Britain
217,218,Morgan Stanley,"$50,193.00",15%,"$8,748.00","$853,531.00",43.2%,"60,348",31,U.S.
218,219,JBS,"$49,709.70",-2.8%,$6.9,"$29,454.70",-95.9%,"230,086",-20,Brazil
219,220,Zhejiang Geely Holding Group,"$49,665.40",20.6%,"$1,969.30","$48,564.80",8.2%,"124,846",47,China
220,221,Banco Bradesco,"$49,612.30",-14.6%,"$4,537.50","$336,888.40",-15.2%,"86,772",-55,Brazil
221,222,MS&AD Insurance Group Holdings,"$49,609.60",5.3%,"$1,738.00","$209,022.70",25%,"41,467",-1,Japan
222,223,Groupe BPCE,"$49,529.30",-19%,"$3,571.20","$1,456,097.40",4.8%,"100,245",-72,France
223,224,Tokio Marine Holdings,"$49,395.70",1.4%,"$2,476.50","$203,590.90",-3.4%,"40,848",-15,Japan
224,225,Cisco Systems,"$49,330.00",2.8%,$110,"$108,784.00",-98.9%,"74,200",-13,U.S.
225,226,Saint-Gobain,"$49,300.40",7.2%,$495.7,"$50,340.00",-71.9%,"181,001",5,France
226,227,Kia Motors,"$49,238.40",4%,"$1,050.70","$46,416.20",22.7%,"52,578",-8,South Korea
227,228,Orange,"$48,836.50",5.4%,"$2,306.00","$110,404.70",7.3%,"150,711",-3,France
228,229,Cigna,"$48,650.00",16.9%,"$2,637.00","$153,226.00",17.9%,"73,800",34,U.S.
229,230,Denso,"$48,368.00",4.9%,"$2,295.60","$52,339.50",-20.7%,"171,992",-1,Japan
230,231,Sumitomo,"$48,155.70",10.5%,"$2,890.90","$71,532.70",3.8%,"65,662",19,Japan
231,232,China Minsheng Banking,"$47,981.30",10.8%,"$7,608.40","$873,155.30",3.2%,"58,338",19,China
232,233,Woolworths Group,"$47,842.10",3.6%,"$1,335.70","$17,402.30",15.5%,"201,522",-5,Australia
233,234,Banco Bilbao Vizcaya Argentaria,"$47,608.00",2.4%,"$6,283.20","$773,455.50",58.4%,"125,627",-10,Spain
234,235,American International Group,"$47,389.00",-4.3%,$-6,"$491,984.00",-,"49,600",-28,U.S.
235,236,State Bank of India,"$47,286.00",-0.6%,$328.8,"$561,369.60",-,"257,252",-20,India
236,237,Tencent Holdings,"$47,272.70",34.4%,"$11,900.60","$105,382.00",12.5%,"54,309",94,China
237,238,Zurich Insurance Group,"$47,180.00",-26.2%,"$3,716.00","$395,342.00",23.7%,"52,267",-96,Switzerland
238,239,Deutsche Bank,"$46,969.50",1%,$315.1,"$1,540,920.60",-,"91,737",-16,Germany
239,240,Bayer,"$46,718.10",-10%,"$2,000.40","$144,343.80",-75.8%,"116,998",-47,Germany
240,241,HCA Healthcare,"$46,677.00",-2%,"$3,787.00","$39,207.00",70.9%,"229,000",-26,U.S.
241,242,China Poly Group,"$46,207.10",24.9%,"$1,495.90","$158,364.30",29.8%,"97,527",70,China
242,243,China Shipbuilding Industry,"$46,114.40",3.8%,$930.2,"$73,372.60",29.8%,"165,274",2,China
243,244,China Merchants Group,"$45,925.70",14.9%,"$4,468.70","$203,620.60",10.6%,"115,281",36,China
244,245,KDDI,"$45,820.80",0.7%,"$5,570.90","$66,236.70",7.8%,"41,996",-9,Japan
245,246,BHP Group,"$45,809.00",19.7%,"$3,705.00","$111,993.00",-37.1%,"27,161",50,Australia
246,247,Bunge,"$45,743.00",-0.1%,$267,"$19,425.00",66.9%,"31,000",-14,U.S.
247,248,CNP Assurances,"$45,461.30",-10.4%,"$1,612.90","$474,944.30",11.4%,"5,243",-47,France
248,249,Wuchan Zhongda Group,"$45,435.00",11%,$362.4,"$12,533.70",9.6%,"20,142",21,China
249,250,Sinomach,"$45,424.00",6.5%,$487.8,"$57,450.70",3.4%,"147,099",6,China
250,251,Aluminum Corp. of China,"$45,383.80",-2.8%,$112.7,"$93,408.30",-,"124,965",-29,China
251,252,SABIC,"$45,096.40",12.9%,"$5,738.30","$85,231.20",16.8%,"33,000",29,Saudi Arabia
252,253,Volvo,"$44,957.00",14.8%,"$2,863.90","$53,558.60",16.6%,"98,652",33,Sweden
253,254,China Vanke,"$44,912.60",27.9%,"$5,105.70","$222,652.20",23%,"104,300",78,China
254,255,Sberbank,"$44,898.40",-9.7%,"$13,268.50","$450,270.00",3.1%,"293,752",-50,Russia
255,256,Royal Bank of Canada,"$44,609.30",15.7%,"$9,635.80","$1,016,475.50",10.3%,"81,870",36,Canada
256,257,American Airlines Group,"$44,541.00",5.5%,"$1,412.00","$60,580.00",-26.4%,"128,900",3,U.S.
257,258,Wilmar International,"$44,497.70",1.5%,"$1,128.00","$45,679.90",-7.5%,"90,000",-10,Singapore
258,259,Pegatron,"$44,453.30",13.3%,$368.7,"$19,011.90",-23.6%,"156,477",26,Taiwan
259,260,Delta Air Lines,"$44,438.00",7.7%,"$3,935.00","$60,266.00",10%,"88,680",6,U.S.
260,261,Hanwha,"$44,303.00",-0.6%,$425.8,"$151,966.10",18.7%,"58,070",-17,South Korea
261,262,China United Network Communications,"$43,974.40",8.1%,$616.9,"$78,908.50",879.1%,"246,299",11,China
262,263,Shaanxi Yanchang Petroleum (Group),"$43,858.10",12.8%,$306.5,"$53,958.10",83.7%,"136,016",25,China
263,264,Charter Communications,"$43,634.00",4.9%,"$1,230.00","$146,130.00",-87.6%,"98,000",-,U.S.
264,265,Tata Motors,"$43,599.20",-4.9%,"$-4,122.00","$44,349.00",-395.6%,"81,090",-33,India
265,266,ZF Friedrichshafen,"$43,582.40",6.1%,"$1,064.50","$30,897.60",-12.9%,"148,969",2,Germany
266,267,Metro,"$43,466.50",6.1%,$409.3,"$17,702.10",14.2%,"132,293",2,Germany
267,268,New York Life Insurance,"$43,425.30",2.7%,$880,"$311,449.30",-52.9%,"11,388",-10,U.S.
268,269,Banco do Brasil,"$43,332.90",-21.6%,"$3,782.90","$360,361.10",13.6%,"96,889",-94,Brazil
269,270,American Express,"$43,281.00",21.6%,"$6,921.00","$188,602.00",153%,"59,000",57,U.S.
270,271,Nationwide,"$43,270.00",-1.5%,$512.6,"$214,141.90",107.9%,"30,472",-24,U.S.
271,272,ACS,"$43,263.20",10%,"$1,079.90","$39,199.60",19.5%,"195,461",12,Spain
272,273,Shandong Weiqiao Pioneering Group,"$43,008.40",-19.2%,$852.6,"$35,359.20",-32.9%,"106,044",-88,China
273,274,UBS Group,"$42,960.00",7.6%,"$4,516.00","$958,489.00",322.1%,"66,888",32,Switzerland
274,275,Bharat Petroleum,"$42,935.60",16.5%,"$1,115.70","$19,768.30",-20.2%,"12,865",39,India
275,276,Best Buy,"$42,879.00",1.7%,"$1,464.00","$12,901.00",46.4%,"125,000",-15,U.S.
276,277,Xiamen C&D,"$42,726.30",31.1%,$631.3,"$36,868.00",106.9%,"24,016",85,China
277,278,Liberty Mutual Insurance Group,"$42,685.00",-0.0%,"$2,160.00","$125,989.00",12605.90%,"50,000",-23,U.S.
278,279,China COSCO Shipping,"$42,607.70",22.9%,"$1,554.50","$117,702.00",10.7%,"111,397",56,China
279,280,Jardine Matheson,"$42,527.00",7.8%,"$1,732.00","$86,258.00",-54.2%,"469,000",3,China
280,281,Shaanxi Coal & Chemical Industry,"$42,418.80",10.2%,$90.8,"$72,966.00",23.3%,"120,095",13,China
281,282,Talanx,"$42,390.50",9.8%,$829.7,"$186,170.70",9.5%,"20,780",9,Germany
282,283,China National Aviation Fuel Group,"$42,370.90",32.6%,$476.2,"$8,054.10",18.6%,"13,181",88,China
283,284,Lufthansa Group,"$42,302.00",5.5%,"$2,552.70","$43,677.50",-4.2%,"115,882",-7,Germany
284,285,Merck,"$42,294.00",5.4%,"$6,220.00","$82,637.00",159.8%,"69,000",-9,U.S.
285,286,China Huaneng Group,"$42,280.90",8.8%,$8.9,"$156,327.20",-95.9%,"136,031",3,China
286,287,Bouygues,"$42,179.20",13.2%,"$1,547.20","$43,084.20",26.5%,"129,275",20,France
287,288,Sanofi,"$42,104.90",3.2%,"$5,081.80","$127,339.30",-46.5%,"104,226",-17,France
288,289,China Everbright Group,"$41,879.70",16.9%,"$1,890.80","$696,969.90",-0.2%,"70,000",33,China
289,290,Honeywell International,"$41,802.00",3.1%,"$6,765.00","$57,773.00",308.8%,"114,000",-15,U.S.
290,291,Xiamen ITG Holding Group,"$41,437.50",25.9%,$62.8,"$15,123.30",-41%,"23,159",69,China
291,292,Iberdrola,"$41,395.40",17.5%,"$3,557.10","$129,202.30",12.5%,"33,216",38,Spain
292,293,United Airlines Holdings,"$41,303.00",9.5%,"$2,129.00","$44,792.00",-0.1%,"92,000",8,U.S.
293,294,Maersk Group,"$41,256.00",10%,"$3,169.00","$56,636.00",-,"84,404",11,Denmark
294,295,Toronto-Dominion Bank,"$41,198.70",19.4%,"$8,751.50","$1,016,604.20",10.1%,"84,383",42,Canada
295,296,GlaxoSmithKline,"$41,108.50",5.8%,"$4,832.30","$73,941.20",145%,"95,490",-6,Britain
296,297,TIAA,"$41,052.10",14%,"$1,560.50","$568,190.20",48.7%,"17,643",22,U.S.
297,298,Accenture,"$40,993.00",11.5%,"$4,059.90","$24,449.10",17.8%,"459,000",18,Ireland
298,299,Magna International,"$40,827.00",4.8%,"$2,296.00","$25,945.00",4.1%,"174,000",-12,Canada
299,300,Mitsubishi Electric,"$40,766.10",1.9%,"$2,044.20","$39,362.20",-16.7%,"145,817",-21,Japan
300,301,Cedar Holdings Group,"$40,640.80",24.2%,$844.7,"$20,932.80",-20.9%,"31,547",60,China
301,302,Louis Dreyfus,"$40,571.00",-26.8%,$355,"$18,440.00",12%,"16,785",-129,Netherlands
302,303,Rio Tinto Group,"$40,522.00",1.2%,"$13,638.00","$90,949.00",55.6%,"47,458",-25,Britain
303,304,Edeka Zentrale,"$40,454.20",9%,$380,"$8,322.90",10.1%,"376,000",6,Germany
304,305,Caixa Econômica Federal,"$40,240.50",-26.1%,"$2,833.30","$326,182.50",-27.7%,"84,952",-,Brazil
305,306,Tyson Foods,"$40,052.00",4.7%,"$3,024.00","$29,109.00",70.5%,"121,000",-9,U.S.
306,307,Oracle,"$39,831.00",5.6%,"$3,825.00","$137,264.00",-59%,"137,000",-5,U.S.
307,308,Allstate,"$39,815.00",3.4%,"$2,252.00","$112,249.00",-29.4%,"45,420",-15,U.S.
308,309,World Fuel Services,"$39,750.30",18%,$127.7,"$5,676.90",-,"5,000",42,U.S.
309,310,ING Group,"$39,598.20",-29.7%,"$5,618.80","$1,011,101.20",-8.8%,"53,768",-139,Netherlands
310,311,Centrica,"$39,594.70",9.7%,$244.1,"$26,177.30",-43.1%,"31,780",7,Britain
311,312,Midea Group,"$39,581.60",10.6%,"$3,058.50","$38,408.50",19.6%,"114,765",11,China
312,313,Fresenius,"$39,571.00",3.6%,"$2,392.20","$64,811.50",17%,"276,750",-15,Germany
313,314,Massachusetts Mutual Life Insurance,"$39,267.20",17.2%,$397.9,"$265,812.60",-22.4%,"9,844",43,U.S.
314,315,Intesa Sanpaolo,"$39,050.60",9.2%,"$4,779.70","$900,365.10",-42%,"92,117",9,Italy
315,316,LyondellBasell Industries,"$39,004.00",13.1%,"$4,688.00","$28,278.00",-3.9%,"19,450",22,Netherlands
316,317,TJX,"$38,972.90",8.7%,"$3,059.80","$14,326.00",17.3%,"270,000",4,U.S.
317,318,Yankuang Group,"$38,887.30",31.9%,$-258,"$44,774.80",-,"104,668",81,China
318,319,ConocoPhillips,"$38,727.00",18.9%,"$6,257.00","$69,980.00",-,"10,800",44,U.S.
319,320,Barclays,"$38,278.30",10.9%,"$2,862.30","$1,443,122.60",-,"83,500",16,Britain
320,321,J. Sainsbury,"$38,064.00",0.9%,$287.4,"$30,669.20",-29.8%,"116,400",-18,Britain
321,322,China Aerospace Science & Industry,"$37,869.80",11.1%,"$1,846.40","$47,048.10",14.9%,"146,346",24,China
322,323,China Aerospace Science & Technology,"$37,727.60",10.1%,"$2,463.70","$63,496.80",10.7%,"179,788",20,China
323,324,Meiji Yasuda Life Insurance,"$37,722.90",1.5%,"$2,070.60","$380,597.40",-13.4%,"42,950",-15,Japan
324,325,George Weston,"$37,474.80",0.7%,$442.9,"$32,084.10",-24.3%,"197,000",-17,Canada
325,326,SNCF Mobilités,"$37,388.90",4.2%,"$5,313.10","$48,482.60",314.9%,"203,865",-6,France
326,327,Daiwa House Industry,"$37,371.20",9.1%,"$2,141.50","$39,161.80",0.4%,"44,947",15,Japan
327,328,ABB,"$37,360.00",8.9%,"$2,173.00","$44,441.00",-1.8%,"146,600",13,Switzerland
328,329,Deere,"$37,357.70",25.6%,"$2,368.40","$70,108.00",9.7%,"74,413",65,U.S.
329,330,Tech Data,"$37,239.00",1.3%,$340.6,"$12,986.60",192%,"14,000",-15,U.S.
330,331,Power Corp. of Canada,"$37,112.20",-6%,"$1,033.20","$331,211.90",0.2%,"30,000",-49,Canada
331,332,Swiss Re,"$37,047.00",-12.8%,$462,"$207,570.00",16.1%,"14,943",-75,Switzerland
332,333,Suning.com Group,"$37,032.20",33.2%,"$2,014.80","$29,052.70",223.3%,"130,455",94,China
333,334,Mitsubishi Heavy Industries,"$36,783.50",-0.3%,$914.1,"$46,469.00",-,"80,744",-23,Japan
334,335,SK Hynix,"$36,763.10",38%,"$14,125.40","$57,056.90",50%,"33,000",107,South Korea
335,336,Vale,"$36,696.00",2.8%,"$6,860.00","$88,190.00",24.6%,"70,270",-11,Brazil
336,337,Enterprise Products Partners,"$36,534.20",24.9%,"$4,172.40","$56,969.80",49.1%,"7,000",66,U.S.
337,338,XMXYG,"$36,503.70",15.2%,$199.3,"$16,891.80",35.4%,"10,350",37,China
338,339,Aisin Seiki,"$36,465.70",3.4%,$993.2,"$33,901.50",-18.2%,"119,732",-10,Japan
339,340,Jiangsu Shagang Group,"$36,440.90",11.9%,"$1,869.20","$33,173.70",76%,"31,290",24,China
340,341,Nike,"$36,397.00",6%,"$1,933.00","$22,536.00",-54.4%,"73,100",-1,U.S.
341,342,Publix Super Markets,"$36,395.70",4.5%,"$2,381.20","$18,982.50",3.9%,"202,000",-8,U.S.
342,343,General Dynamics,"$36,193.00",16.9%,"$3,345.00","$45,408.00",14.9%,"105,600",40,U.S.
343,344,Exelon,"$35,985.00",7.3%,"$2,010.00","$119,666.00",-46.7%,"33,383",12,U.S.
344,345,Canon,"$35,796.90",-1.6%,"$2,289.50","$44,662.40",6.1%,"195,056",-28,Japan
345,346,Enbridge,"$35,785.00",4.6%,"$2,223.70","$122,221.00",0.9%,"12,000",-1,Canada
346,347,Jizhong Energy Group,"$35,721.30",7.6%,$-152.8,"$33,772.30",-,"112,859",12,China
347,348,E.ON,"$35,703.60",-16.6%,"$3,803.70","$62,092.30",-14%,"43,302",-94,Germany
348,349,Fujitsu,"$35,647.90",-3.6%,$943.1,"$28,055.00",-38.3%,"132,138",-36,Japan
349,350,Mizuho Financial Group,"$35,406.30",10.2%,$870.9,"$1,814,332.90",-83.3%,"59,132",17,Japan
350,351,Mitsubishi Chemical Holdings,"$35,386.40",5.3%,"$1,529.00","$50,352.50",-20%,"72,020",1,Japan
351,352,CK Hutchison Holdings,"$35,361.20",10.9%,"$4,976.30","$157,392.80",10.5%,"300,000",22,China
352,353,Lloyds Banking Group,"$35,251.90",-32.8%,"$5,737.90","$1,015,661.30",17.1%,"64,928",-164,Britain
353,354,Idemitsu Kosan,"$35,091.00",18.5%,$734.6,"$26,116.40",-49.9%,"9,476",44,Japan
354,355,Poste Italiane,"$35,071.10",-7%,"$1,651.10","$238,753.30",112.6%,"132,388",-51,Italy
355,356,JFE Holdings,"$34,937.40",6.7%,"$1,474.70","$42,551.70",67.3%,"62,083",2,Japan
356,357,Suzuki Motor,"$34,917.90",3%,"$1,612.30","$30,739.80",-17.2%,"67,721",-9,Japan
357,358,Jiangxi Copper,"$34,870.00",9.1%,$131.4,"$18,618.30",15.8%,"23,194",12,China
358,359,CRRC Group,"$34,673.00",8%,$486.6,"$58,038.30",-28.7%,"187,959",-,China
359,360,Credit Suisse Group,"$34,284.20",7.5%,"$2,069.90","$780,308.50",-,"45,680",13,Switzerland
360,361,Tsingshan Holding Group,"$34,242.20",43.2%,$578.6,"$8,522.60",50.7%,"56,088",-,China
361,362,State Power Investment,"$34,229.20",15.1%,$170.7,"$157,347.60",-14%,"124,678",33,China
362,363,Taiwan Semiconductor Manufacturing,"$34,218.20",6.5%,"$12,043.90","$67,999.50",6.2%,"48,752",5,Taiwan
363,364,China Energy Engineering Group,"$34,176.50",-2.5%,$432.6,"$57,758.70",16.4%,"129,929",-31,China
364,365,Quanta Computer,"$34,102.60",1.6%,$501.5,"$21,455.90",6.2%,"112,421",-11,Taiwan
365,366,Plains GP Holdings,"$34,055.00",29.9%,$334,"$26,830.00",-,"4,900",86,U.S.
366,367,China South Industries Group,"$33,895.80",-24.3%,$268.1,"$48,455.20",-63.7%,"198,932",-125,China
367,368,Yango Longking Group,"$33,394.80",30.4%,$613.6,"$51,585.30",35.6%,"21,849",96,China
368,369,Jinchuan Group,"$33,391.60",4%,$234,"$16,925.30",90%,"27,594",-,China
369,370,China Electronics Technology Group,"$33,323.80",10.4%,"$1,755.20","$51,672.90",-1.1%,"179,636",18,China
370,371,Toshiba,"$33,312.80",-6.5%,"$9,138.80","$38,830.30",25.9%,"128,697",-45,Japan
371,372,Prudential,"$33,252.60",-70.2%,"$4,014.70","$647,708.50",30.5%,"23,792",-322,Britain
372,373,Commonwealth Bank of Australia,"$33,186.30",-2.1%,"$7,228.00","$720,354.40",-3.4%,"45,753",-24,Australia
373,374,Bridgestone,"$33,062.90",1.7%,"$2,641.70","$35,220.60",2.7%,"143,509",-9,Japan
374,375,China Electronics,"$33,055.70",3.3%,$350.3,"$40,323.20",110%,"135,297",-6,China
375,376,GS Caltex,"$33,052.70",23.2%,$639.5,"$17,531.20",-49.7%,"3,212",62,South Korea
376,377,Sompo Holdings,"$32,857.40",-3.4%,"$1,322.50","$108,595.40",4.8%,"49,837",-30,Japan
377,378,Sumitomo Life Insurance,"$32,825.00",-2.9%,$435.3,"$341,659.60",-30.9%,"42,848",-28,Japan
378,379,Schlumberger,"$32,815.00",7.8%,"$2,138.00","$70,507.00",-,"100,000",7,U.S.
379,380,3M,"$32,765.00",3.5%,"$5,349.00","$36,500.00",10.1%,"93,516",-4,U.S.
380,381,AbbVie,"$32,753.00",16.1%,"$5,687.00","$59,352.00",7.1%,"30,000",41,U.S.
381,382,Chubb,"$32,717.00",1.5%,"$3,962.00","$167,771.00",2.6%,"32,700",-16,Switzerland
382,383,CHS,"$32,683.30",2%,$775.9,"$16,381.20",983.8%,"10,495",-11,U.S.
383,384,British American Tobacco,"$32,667.00",25%,"$8,045.40","$186,351.90",-83.4%,"63,877",69,Britain
384,385,Ansteel Group,"$32,619.40",17.4%,$-254.5,"$49,469.60",-516.6%,"136,319",43,China
385,386,China Huadian,"$32,421.40",9.5%,$464.4,"$118,796.50",39.3%,"97,629",11,China
386,387,Capital One Financial,"$32,377.00",7.9%,"$6,015.00","$372,538.00",203.5%,"47,600",4,U.S.
387,388,AIA Group,"$32,369.00",-18.8%,"$2,597.00","$229,806.00",-60%,"22,000",-93,China
388,389,Mazda Motor,"$32,150.80",2.5%,$572.5,"$25,942.20",-43.4%,"49,998",-11,Japan
389,390,Compal Electronics,"$32,102.80",10%,$295.7,"$13,007.40",56.5%,"82,374",14,Taiwan
390,391,Progressive,"$31,979.00",19.2%,"$2,615.30","$46,575.00",64.3%,"37,346",46,U.S.
391,392,DZ Bank,"$31,975.50",-4.7%,$972.5,"$592,911.80",-9.9%,"28,682",-37,Germany
392,393,Hyundai Mobis,"$31,949.40",2.8%,"$1,716.90","$38,604.60",23.8%,"34,782",-13,South Korea
393,394,CPC,"$31,928.90",17.8%,"$1,137.60","$25,035.70",-14.1%,"15,712",42,Taiwan
394,395,Coca-Cola,"$31,856.00",-10%,"$6,434.00","$83,216.00",415.5%,"62,600",-67,U.S.
395,396,L'Oréal,"$31,790.70",6.2%,"$4,597.20","$43,956.90",13.9%,"86,030",-4,France
396,397,CRH,"$31,625.00",1.8%,"$2,970.50","$40,202.70",39.1%,"89,831",-15,Ireland
397,398,Bank of Nova Scotia,"$31,589.30",14.6%,"$6,642.50","$760,409.00",8.6%,"97,629",32,Canada
398,399,Johnson Controls International,"$31,400.00",4.1%,"$2,162.00","$48,797.00",34.2%,"122,000",-10,Ireland
399,400,USAA,"$31,367.80",4.5%,"$2,291.90","$158,506.80",-5.4%,"33,689",-10,U.S.
400,401,Air France-KLM Group,"$31,292.20",7.7%,$482.7,"$33,212.20",-,"81,527",5,France
401,402,Shougang Group,"$31,103.80",13.2%,$84.2,"$73,067.10",9568.30%,"108,086",29,China
402,403,Compass Group,"$30,878.80",8.1%,"$1,512.70","$16,443.50",2.9%,"595,841",10,Britain
403,404,Hewlett Packard Enterprise,"$30,852.00",6.9%,"$1,908.00","$55,493.00",454.7%,"60,000",5,U.S.
404,405,BT Group,"$30,743.00",-2.2%,"$2,833.10","$60,302.70",5.2%,"106,700",-28,Britain
405,406,Inditex,"$30,686.70",6.2%,"$4,042.30","$24,878.10",5.3%,"174,386",2,Spain
406,407,Veolia Environnement,"$30,579.50",8%,$518.4,"$42,968.60",14.5%,"170,819",12,France
407,408,Abbott Laboratories,"$30,578.00",11.6%,"$2,368.00","$67,173.00",396.4%,"103,000",25,U.S.
408,409,Micron Technology,"$30,391.00",49.5%,"$14,135.00","$43,376.00",177.8%,"36,000",-,U.S.
409,410,PKN ORLEN Group,"$30,389.90",20.3%,"$1,539.10","$17,079.20",-12.7%,"21,282",59,Poland
410,411,Schneider Electric,"$30,353.90",8.8%,"$2,754.50","$48,302.00",13.7%,"137,534",13,France
411,412,Phoenix Pharma,"$30,296.00",6.7%,$-174.5,"$9,599.50",-194.7%,"29,631",5,Germany
412,413,Travelers Cos.,"$30,282.00",4.8%,"$2,523.00","$104,233.00",22.7%,"30,400",-6,U.S.
413,414,Gree Electric Appliances,"$30,239.40",36.2%,"$3,961.30","$36,592.70",19.5%,"88,800",-,China
414,415,Coop Group,"$30,235.40",5.7%,$483.7,"$20,665.70",-1.8%,"77,448",-3,Switzerland
415,416,Northrop Grumman,"$30,095.00",16.6%,"$3,229.00","$37,653.00",60.2%,"85,000",45,U.S.
416,417,Suncor Energy,"$30,081.40",21.3%,"$2,540.90","$65,596.80",-26%,"12,480",59,Canada
417,418,Manulife Financial,"$30,070.60",-33.1%,"$3,703.70","$549,407.60",128.4%,"34,000",-177,Canada
418,419,Medtronic,"$29,953.00",0.8%,"$3,104.00","$91,393.00",-22.9%,"98,003",-23,Ireland
419,420,Kansai Electric Power,"$29,832.50",5.5%,"$1,037.90","$65,576.60",-24.3%,"32,597",-,Japan
420,421,Arrow Electronics,"$29,676.80",10.7%,$716.2,"$17,784.40",78.2%,"20,100",19,U.S.
421,422,Philip Morris International,"$29,625.00",3.1%,"$7,911.00","$39,801.00",31.1%,"77,400",-11,U.S.
422,423,Koç Holding,"$29,592.30",9.2%,"$1,143.80","$23,570.70",-15%,"92,631",12,Turkey
423,424,Wistron,"$29,509.50",7.4%,$162.8,"$11,032.70",27.5%,"82,955",8,Taiwan
424,425,UniCredit Group,"$29,332.30",0.3%,"$4,593.70","$950,368.80",-25.5%,"86,786",-23,Italy
425,426,Samsung Life Insurance,"$29,305.80",3.7%,"$1,512.90","$259,413.50",46.7%,"5,420",-5,South Korea
426,427,SAP,"$29,159.60",10.3%,"$4,818.60","$58,854.20",6.4%,"96,498",19,Germany
427,428,La Poste,"$29,149.00",7.3%,$941.8,"$298,904.80",-1.8%,"233,076",6,France
428,429,Northwestern Mutual,"$29,124.00",-0.7%,$783,"$272,167.00",-23%,"5,870",-28,U.S.
429,430,Naturgy Energy Group,"$29,123.00",5.3%,"$-3,330.40","$46,441.20",-317.2%,"13,945",-1,Spain
430,431,Migros Group,"$29,098.20",2%,$511.3,"$67,587.80",-2.5%,"79,913",-16,Switzerland
431,432,Danone,"$29,092.30",4.6%,"$2,772.20","$50,494.30",0.3%,"105,783",-6,France
432,433,Westpac Banking,"$29,027.90",1.6%,"$6,151.50","$636,296.90",1.1%,"35,029",-19,Australia
433,434,KB Financial Group,"$29,000.90",15.8%,"$2,782.50","$429,854.20",-5%,"27,040",37,South Korea
434,435,International Airlines Group,"$28,803.20",11.2%,"$3,404.80","$32,042.90",51%,"64,734",25,Britain
435,436,Medipal Holdings,"$28,698.50",1.1%,$309.9,"$14,619.20",-1.3%,"15,623",-18,Japan
436,437,Sumitomo Electric Industries,"$28,662.90",3%,"$1,064.80","$27,588.90",-2%,"272,796",-12,Japan
437,438,China Datang,"$28,654.90",13.3%,$323.4,"$108,633.20",-5.4%,"93,800",30,China
438,439,Xinjiang Guanghui Industry Investment,"$28,564.00",9.4%,$137,"$38,415.20",321.8%,"82,175",17,China
439,440,Subaru,"$28,505.40",-7.3%,"$1,333.10","$26,951.50",-33%,"34,200",-56,Japan
440,441,Anhui Conch Group,"$28,499.00",144.1%,"$1,628.90","$27,967.90",92.1%,"55,380",-,China
441,442,Huaxia Life Insurance,"$28,492.80",87.4%,$398.8,"$74,401.50",-33.9%,"500,000",-,China
442,443,CFE,"$28,457.10",9%,"$2,322.30","$84,234.70",-59.3%,"91,369",11,Mexico
443,444,Samsung C&T,"$28,319.40",9.3%,"$1,556.90","$38,009.00",175.1%,"17,274",14,South Korea
444,445,Adecco Group,"$28,167.10",5.6%,$540.5,"$11,107.70",-39.1%,"34,000",-4,Switzerland
445,446,Randstad,"$28,102.20",7.1%,$830.8,"$11,359.10",16.7%,"38,820",4,Netherlands
446,447,LafargeHolcim,"$28,088.80",5.8%,"$1,536.10","$60,579.50",-,"77,055",-3,Switzerland
447,448,Haier Smart Home,"$27,713.60",17.6%,"$1,124.80","$24,280.10",9.8%,"87,447",51,China
448,449,INTL FCStone,"$27,622.70",-6.1%,$55.5,"$7,824.70",767.2%,"1,701",-49,U.S.
449,450,Anglo American,"$27,610.00",5.2%,"$3,549.00","$52,196.00",12.1%,"64,000",-1,Britain
450,451,China Taiping Insurance Group,"$27,485.80",7.4%,$434,"$96,189.10",-3.4%,"75,341",14,China
451,452,Mapfre Group,"$27,423.50",2.3%,$624.1,"$76,913.40",-21%,"35,390",-13,Spain
452,453,Chubu Electric Power,"$27,374.10",6.3%,$716.3,"$54,102.50",6.7%,"30,321",9,Japan
453,454,PBF Energy,"$27,186.10",24.8%,$128.3,"$8,005.40",-69.1%,"3,266",-,U.S.
454,455,Cathay Life Insurance,"$27,183.40",-5.6%,"$1,001.50","$207,944.90",-16%,"38,694",-45,Taiwan
455,456,Financière de l'Odet,"$27,172.70",31.5%,$144.1,"$61,194.70",-65.4%,"81,003",-,France
456,457,Australia & New Zealand Banking Group,"$27,147.90",3.3%,"$4,863.40","$681,894.20",-0.3%,"39,924",-9,Australia
457,458,East Japan Railway,"$27,076.10",1.7%,"$2,662.60","$75,537.00",2.1%,"85,718",-15,Japan
458,459,OMV Group,"$27,061.30",18.7%,"$1,789.10","$42,246.40",195%,"20,231",-,Austria
459,460,Raytheon,"$27,058.00",6.7%,"$2,909.00","$31,864.00",43.7%,"67,000",7,U.S.
460,461,TongLing Nonferrous Metals Group,"$26,846.70",15.3%,$-70.2,"$12,668.50",-,"24,848",-,China
461,462,Shanxi LuAn Mining Group,"$26,840.50",12.8%,$1.2,"$35,084.40",139%,"100,637",33,China
462,463,CJ Corp.,"$26,835.70",12.8%,$250.9,"$28,439.10",-38.8%,"64,832",30,South Korea
463,464,Datong Coal Mine Group,"$26,697.60",12.7%,$-181.8,"$49,898.20",-372%,"156,268",33,China
464,465,Shanxi Coking Coal Group,"$26,692.80",18.2%,$141.6,"$49,288.00",19.3%,"199,872",-,China
465,466,Nokia,"$26,628.10",2.1%,$-401.3,"$45,167.90",-,"103,083",-9,Finland
466,467,Heineken Holding,"$26,608.10",7.2%,"$1,134.10","$47,955.70",3%,"85,610",8,Netherlands
467,468,Xiaomi,"$26,443.50",55.9%,"$2,049.10","$21,152.70",-,"16,683",-,China
468,469,Yangquan Coal Industry Group,"$26,290.10",10.5%,$-131.1,"$34,909.50",-,"129,150",25,China
469,470,NEC,"$26,277.00",2.4%,$362.5,"$26,661.60",-12.4%,"110,595",-7,Japan
470,471,Fubon Financial Holding,"$26,276.50",6.4%,"$1,583.40","$251,010.50",-11%,"45,174",8,Taiwan
471,472,Kraft Heinz,"$26,268.00",0.7%,"$-10,192.00","$103,461.00",-193.2%,"38,000",-21,U.S.
472,473,Hailiang Group,"$26,251.00",9.1%,$237.6,"$8,036.40",-11.5%,"19,510",-,China
473,474,Flex,"$26,210.50",3%,$93.4,"$13,499.40",-78.2%,"200,000",-8,Singapore
474,475,Xinxing Cathay International Group,"$26,207.90",-15.7%,$103.6,"$20,671.30",-76.4%,"52,024",-94,China
475,476,Emirates Group,"$26,147.70",5.3%,$237.1,"$34,687.80",-68.8%,"60,282",-2,United Arab Emirates
476,477,Ceconomy,"$26,129.40",6.9%,$-252.2,"$9,842.90",-120.8%,"53,954",9,Germany
477,478,Michelin,"$25,996.70",5%,"$1,979.10","$33,659.10",3.3%,"111,117",-,France
478,479,National Australia Bank,"$25,942.70",5.7%,"$4,220.60","$583,429.30",4.9%,"33,283",6,Australia
479,480,Mondelez International,"$25,938.00",0.2%,"$3,381.00","$62,729.00",15.7%,"80,000",-21,U.S.
480,481,Adidas,"$25,920.00",5.1%,"$2,008.60","$17,844.50",62.4%,"57,016",-1,Germany
481,482,Shanxi Jincheng Anthracite Coal Mining Group,"$25,844.70",4.8%,$52.6,"$40,137.80",-8.2%,"128,795",-1,China
482,483,Rabobank Group,"$25,823.30",8.4%,"$2,235.20","$674,869.50",31.4%,"41,861",9,Netherlands
483,484,Henan Energy & Chemical,"$25,781.90",8.8%,$-133.3,"$39,328.40",-,"171,334",12,China
484,485,China General Technology,"$25,779.10",11%,$442.7,"$25,230.80",7.8%,"34,752",-,China
485,486,U.S. Bancorp,"$25,775.00",7.4%,"$7,096.00","$467,374.00",14.1%,"75,772",4,U.S.
486,487,Macy's,"$25,739.00",3.6%,"$1,108.00","$19,194.00",-28.4%,"130,000",-14,U.S.
487,488,Fomento Económico Mexicano,"$25,679.00",5.5%,"$1,247.30","$29,270.30",-44.4%,"297,073",-1,Mexico
488,489,Dollar General,"$25,625.00",9.2%,"$1,589.50","$13,204.00",3.3%,"135,000",-,U.S.
489,490,LG Chem,"$25,617.30",12.7%,"$1,338.50","$25,942.60",-22.2%,"33,694",-,South Korea
490,491,Onex,"$25,606.00",-2.6%,$-663,"$45,417.00",-127.7%,"217,000",-44,Canada
491,492,Formosa Petrochemical,"$25,462.80",24.1%,"$1,993.40","$13,201.80",-24.3%,"5,285",-,Taiwan
492,493,Safran,"$25,191.90",24.4%,"$1,514.20","$46,428.70",-72%,"92,639",-,France
493,494,Achmea,"$25,180.10",1.2%,$370.6,"$93,515.70",52.9%,"13,714",-22,Netherlands
494,495,Rajesh Exports,"$25,142.60",-13.7%,$184.8,"$4,163.80",-5.9%,383,-90,India
495,496,Nucor,"$25,067.30",23.8%,"$2,360.80","$17,920.60",79%,"26,300",-,U.S.
496,497,Bank of Montreal,"$25,002.70",16.5%,"$4,235.10","$589,481.40",3.6%,"45,454",-,Canada
497,498,Taikang Insurance Group,"$24,931.70",3.6%,"$1,794.60","$117,398.30",6.6%,"57,406",-9,China
498,499,Ultrapar Holdings,"$24,816.00",-1%,$314.8,"$7,870.20",-36.2%,"17,034",-29,Brazil
499,500,Air Liquide,"$24,796.60",7.1%,"$2,494.20","$47,983.80",0.6%,"66,000",-,France
