,rank,company,revenues,revenue % change,profits($M),assets($M),profits % change,employees,change in rank 500,country/territory,year
0,1,Walmart,"$514,405.00 ",2.80%,"$6,670.00 ","$219,295.00 ",-32.40%,"2,200,000",-,U.S.,2019
1,2,Sinopec Group,"$414,649.90 ",26.80%,"$5,845.00 ","$329,186.30 ",280.10%,"619,151",1,China,2019
2,3,Royal Dutch Shell,"$396,556.00 ",27.20%,"$23,352.00 ","$399,194.00 ",79.90%,"81,000",2,Netherlands,2019
3,4,China National Petroleum,"$392,976.60 ",20.50%,"$2,270.50 ","$601,899.90 ",-,"1,382,401",-,China,2019
4,5,State Grid,"$387,056.00 ",10.90%,"$8,174.80 ","$572,309.50 ",-14.30%,"917,717",-3,China,2019
5,6,Saudi Aramco,"$355,905.00 ",35.30%,"$110,974.50 ","$358,872.90 ",46.90%,"76,418",-,Saudi Arabia,2019
6,7,BP,"$303,738.00 ",24.20%,"$9,383.00 ","$282,176.00 ",176.90%,"73,000",1,Britain,2019
7,8,Exxon Mobil,"$290,212.00 ",18.80%,"$20,840.00 ","$346,196.00 ",5.70%,"71,000",1,U.S.,2019
8,9,Volkswagen,"$278,341.50 ",7%,"$14,322.50 ","$523,672.30 ",9.30%,"664,496",-2,Germany,2019
9,10,Toyota Motor,"$272,612.00 ",2.80%,"$16,982.00 ","$469,295.60 ",-24.60%,"370,870",-4,Japan,2019
10,11,Apple,"$265,595.00 ",15.90%,"$59,531.00 ","$365,725.00 ",23.10%,"132,000",-,U.S.,2019
11,12,Berkshire Hathaway,"$247,837.00 ",2.40%,"$4,021.00 ","$707,794.00 ",-91.10%,"389,000",-2,U.S.,2019
12,13,Amazon.com,"$232,887.00 ",30.90%,"$10,073.00 ","$162,648.00 ",232.10%,"647,500",5,U.S.,2019
13,14,UnitedHealth Group,"$226,247.00 ",12.50%,"$11,986.00 ","$152,221.00 ",13.50%,"300,000",1,U.S.,2019
14,15,Samsung Electronics,"$221,579.40 ",4.50%,"$39,895.20 ","$304,165.30 ",9.10%,"309,630",-3,South Korea,2019
15,16,Glencore,"$219,754.00 ",6.90%,"$3,408.00 ","$128,672.00 ",-41%,"85,504",-2,Switzerland,2019
16,17,McKesson,"$214,319.00 ",2.90%,$34 ,"$59,672.00 ",-49.30%,"70,000",-4,U.S.,2019
17,18,Daimler,"$197,515.30 ",6.60%,"$8,555.00 ","$321,890.50 ",-27.90%,"298,683",-2,Germany,2019
18,19,CVS Health,"$194,579.00 ",5.30%,($594),"$196,456.00 ",-109%,"295,000",-2,U.S.,2019
19,20,Total,"$184,106.00 ",23.50%,"$11,446.00 ","$256,762.00 ",32.60%,"104,460",8,France,2019
20,21,China State Construction Engineering,"$181,524.50 ",16.30%,"$3,159.50 ","$272,768.80 ",18.10%,"302,827",2,China,2019
21,22,Trafigura Group,"$180,744.10 ",32.50%,$849.20 ,"$53,801.00 ",0.20%,"4,316",10,Singapore,2019
22,23,Hon Hai Precision Industry,"$175,617.00 ",13.50%,"$4,281.60 ","$110,012.90 ",-6.10%,"667,680",1,Taiwan,2019
23,24,EXOR Group,"$175,009.50 ",8.20%,"$1,589.70 ","$190,052.30 ",1.30%,"314,790",-5,Netherlands,2019
24,25,AT&T,"$170,756.00 ",6.40%,"$19,370.00 ","$531,864.00 ",-34.20%,"268,220",-5,U.S.,2019
25,26,Industrial & Commercial Bank of China,"$168,979.00 ",10.40%,"$45,002.30 ","$4,034,481.60 ",6.30%,"449,296",-,China,2019
26,27,AmerisourceBergen,"$167,939.60 ",9.70%,"$1,658.40 ","$37,669.80 ",355%,"20,500",-2,U.S.,2019
27,28,Chevron,"$166,339.00 ",23.60%,"$14,824.00 ","$253,863.00 ",61.20%,"48,600",5,U.S.,2019
28,29,Ping An Insurance,"$163,597.40 ",13.50%,"$16,237.20 ","$1,040,383.40 ",23.20%,"376,900",-,China,2019
29,30,Ford Motor,"$160,338.00 ",2.30%,"$3,677.00 ","$256,540.00 ",-51.60%,"199,000",-8,U.S.,2019
30,31,China Construction Bank,"$151,110.80 ",9%,"$38,498.40 ","$3,382,421.70 ",7.40%,"366,996",-,China,2019
31,32,General Motors,"$147,049.00 ",-6.50%,"$8,014.00 ","$227,339.00 ",-,"173,000",-11,U.S.,2019
32,33,Mitsubishi,"$145,243.30 ",112.70%,"$5,328.00 ","$149,388.30 ",5.40%,"79,994",96,Japan,2019
33,34,Honda Motor,"$143,302.90 ",3.40%,"$5,504.60 ","$184,504.60 ",-42.40%,"219,722",-4,Japan,2019
34,35,Costco Wholesale,"$141,576.00 ",9.70%,"$3,134.00 ","$40,830.00 ",17%,"194,000",-,U.S.,2019
35,36,Agricultural Bank of China,"$139,523.60 ",14%,"$30,656.50 ","$3,293,105.00 ",7.40%,"477,526",4,China,2019
36,37,Alphabet,"$136,819.00 ",23.40%,"$30,736.00 ","$232,792.00 ",142.70%,"98,771",15,U.S.,2019
37,38,Cardinal Health,"$136,809.00 ",5.30%,$256 ,"$39,951.00 ",-80.10%,"50,200",-4,U.S.,2019
38,39,SAIC Motor,"$136,392.50 ",5.90%,"$5,443.80 ","$114,011.70 ",6.90%,"147,738",-3,China,2019
39,40,Walgreens Boots Alliance,"$131,537.00 ",11.30%,"$5,024.00 ","$68,124.00 ",23.20%,"299,000",3,U.S.,2019
40,41,JPMorgan Chase & Co.,"$131,412.00 ",15.40%,"$32,474.00 ","$2,622,532.00 ",32.90%,"256,105",6,U.S.,2019
41,42,Gazprom,"$131,302.00 ",17.30%,"$23,199.10 ","$300,354.80 ",89.40%,"466,100",7,Russia,2019
42,43,Verizon Communications,"$130,863.00 ",3.80%,"$15,528.00 ","$264,829.00 ",-48.40%,"144,500",-6,U.S.,2019
43,44,Bank of China,"$127,714.10 ",10.60%,"$27,225.20 ","$3,097,612.00 ",6.70%,"310,119",2,China,2019
44,45,Allianz,"$126,799.60 ",2.60%,"$8,806.40 ","$1,025,919.10 ",14.80%,"142,460",-7,Germany,2019
45,46,AXA,"$125,578.20 ",-16%,"$2,525.60 ","$1,063,784.40 ",-63.90%,"104,065",-19,France,2019
46,47,Kroger,"$121,162.00 ",-1.20%,"$3,110.00 ","$38,118.00 ",63.10%,"453,000",-8,U.S.,2019
47,48,General Electric,"$120,268.00 ",-1.60%,"($22,355.00)","$309,129.00 ",-,"283,000",-7,U.S.,2019
48,49,Fannie Mae,"$120,101.00 ",6.90%,"$15,959.00 ","$3,418,318.00 ",547.90%,"7,400",-1,U.S.,2019
49,50,Lukoil,"$119,145.00 ",26.90%,"$9,863.70 ","$82,734.80 ",37.30%,"102,500",13,Russia,2019
50,51,China Life Insurance,"$116,171.50 ",-3.40%,"($2,566.90)","$580,331.60 ",-1063.10%,"175,077",-9,China,2019
51,52,Japan Post Holdings,"$115,220.50 ",-1.20%,"$4,324.00 ","$2,585,802.00 ",4%,"245,922",-7,Japan,2019
52,53,BMW Group,"$115,042.80 ",3.40%,"$8,399.30 ","$238,864.10 ",-13.60%,"134,682",-2,Germany,2019
53,54,Phillips 66,"$114,217.00 ",24.70%,"$5,595.00 ","$54,302.00 ",9.60%,"14,200",13,U.S.,2019
54,55,China Railway Engineering Group,"$112,132.70 ",9.10%,"$1,240.90 ","$137,914.20 ",6.10%,"307,992",1,China,2019
55,56,China Mobile Communications,"$112,096.00 ",1.80%,"$11,745.30 ","$255,216.60 ",7.40%,"462,046",-3,China,2019
56,57,Valero Energy,"$111,407.00 ",26%,"$3,122.00 ","$50,155.00 ",-23.20%,"10,261",17,U.S.,2019
57,58,Bank of America Corp.,"$110,584.00 ",10.30%,"$28,147.00 ","$2,354,507.00 ",54.40%,"204,489",2,U.S.,2019
58,59,China Railway Construction,"$110,455.90 ",9.50%,"$1,186.90 ","$134,180.20 ",-9.30%,"356,326",-1,China,2019
59,60,Microsoft,"$110,360.00 ",22.70%,"$16,571.00 ","$258,848.00 ",-21.80%,"131,000",11,U.S.,2019
60,61,Huawei Investment & Holding,"$109,030.40 ",22.10%,"$8,953.90 ","$96,973.70 ",27.50%,"188,000",11,China,2019
61,62,Home Depot,"$108,203.00 ",7.20%,"$11,121.00 ","$44,003.00 ",28.90%,"413,000",-5,U.S.,2019
62,63,China National Offshore Oil,"$108,130.40 ",32.70%,"$7,331.10 ","$177,193.60 ",142.90%,"93,601",24,China,2019
63,64,Nippon Telegraph & Telephone,"$107,146.90 ",0.60%,"$7,707.50 ","$201,456.10 ",-6.10%,"303,351",-9,Japan,2019
64,65,Itochu,"$104,627.30 ",110.40%,"$4,514.30 ","$91,250.60 ",24.90%,"139,157",139,Japan,2019
65,66,Nissan Motor,"$104,390.60 ",-3.20%,"$2,878.40 ","$171,251.00 ",-57.30%,"148,513",-12,Japan,2019
66,67,China Development Bank,"$103,072.90 ",28.30%,"$16,744.30 ","$2,356,616.20 ",0.70%,"9,507",-,China,2019
67,68,Boeing,"$101,127.00 ",8.30%,"$10,460.00 ","$117,359.00 ",27.60%,"153,000",-4,U.S.,2019
68,69,Wells Fargo,"$101,060.00 ",3.40%,"$22,393.00 ","$1,895,883.00 ",0.90%,"258,700",-7,U.S.,2019
69,70,Siemens,"$98,802.00 ",7.90%,"$6,908.90 ","$161,335.90 ",3.60%,"379,000",-4,Germany,2019
70,71,Citigroup,"$97,120.00 ",10.40%,"$18,045.00 ","$1,917,383.00 ",-,"204,000",5,U.S.,2019
71,72,Marathon Petroleum,"$97,102.00 ",43.60%,"$2,780.00 ","$92,940.00 ",-19%,"60,350",59,U.S.,2019
72,73,SK Holdings,"$95,904.50 ",14.80%,"$2,048.00 ","$107,069.10 ",38%,"104,374",11,South Korea,2019
73,74,Petrobras,"$95,584.00 ",7.60%,"$7,173.00 ","$222,068.00 ",-,"63,361",-1,Brazil,2019
74,75,Comcast,"$94,507.00 ",11.80%,"$11,731.00 ","$251,684.00 ",-48.40%,"184,000",5,U.S.,2019
75,76,Nestl??,"$93,512.50 ",2.50%,"$10,364.80 ","$139,045.10 ",42%,"308,000",-7,Switzerland,2019
76,77,Bosch Group,"$92,601.90 ",5.20%,"$3,596.00 ","$95,616.50 ",15.90%,"409,881",-2,Germany,2019
77,78,Uniper,"$92,260.80 ",13.30%,($533.40),"$57,841.50 ",-,"11,828",10,Germany,2019
78,79,Anthem,"$92,105.00 ",2.30%,"$3,750.00 ","$71,571.00 ",-2.40%,"63,900",-9,U.S.,2019
79,80,China Resources,"$91,986.00 ",11.90%,"$3,474.60 ","$209,651.50 ",10.20%,"421,274",6,China,2019
80,81,Carrefour,"$91,955.20 ",0.70%,($662.10),"$54,153.10 ",-,"363,862",-13,France,2019
81,82,Dongfeng Motor,"$90,934.20 ",-2.50%,"$1,599.70 ","$66,397.10 ",14.30%,"167,528",-17,China,2019
82,83,ENI,"$90,799.80 ",13.50%,"$4,869.40 ","$135,300.30 ",28%,"31,701",6,Italy,2019
83,84,Dell Technologies,"$90,621.00 ",15.20%,"($2,310.00)","$111,820.00 ",-,"157,000",9,U.S.,2019
84,85,Banco Santander,"$90,531.90 ",3.60%,"$9,217.10 ","$1,667,946.80 ",23.50%,"194,015",-8,Spain,2019
85,86,Rosneft Oil,"$90,055.00 ",25%,"$8,745.80 ","$189,980.10 ",129.70%,"308,000",29,Russia,2019
86,87,China FAW Group,"$89,804.70 ",29.20%,"$2,660.30 ","$66,682.90 ",-6.80%,"142,451",38,China,2019
87,88,Sinochem Group,"$89,358.10 ",16.40%,$701.40 ,"$71,332.70 ",-6.90%,"66,713",10,China,2019
88,89,Enel,"$89,305.70 ",6.10%,"$5,651.80 ","$189,079.60 ",32.70%,"69,272",-6,Italy,2019
89,90,Deutsche Telekom,"$89,286.80 ",5.70%,"$2,556.20 ","$166,163.60 ",-34.50%,"215,675",-9,Germany,2019
90,91,Cr??dit Agricole,"$88,325.00 ",4.90%,"$5,192.70 ","$1,856,682.30 ",26.20%,"73,346",-9,France,2019
91,92,Assicurazioni Generali,"$88,157.40 ",-12.30%,"$2,725.00 ","$589,590.30 ",14.60%,"70,734",-33,Italy,2019
92,93,China Communications Construction,"$88,140.90 ",11%,"$1,585.20 ","$198,943.70 ",2.60%,"178,572",-2,China,2019
93,94,Hyundai Motor,"$87,999.20 ",3.20%,"$1,370.80 ","$161,921.40 ",-61.60%,"122,217",-16,South Korea,2019
94,95,Pemex,"$87,403.30 ",18.40%,"($9,377.90)","$105,384.40 ",-,"131,108",12,Mexico,2019
95,96,Peugeot,"$87,364.30 ",18.90%,"$3,336.30 ","$70,811.10 ",53.40%,"216,539",12,France,2019
96,97,Pacific Construction Group,"$86,622.60 ",12.20%,"$3,390.90 ","$58,175.00 ",7.90%,"387,525",-1,China,2019
97,98,SoftBank Group,"$86,604.70 ",4.80%,"$12,727.90 ","$326,163.20 ",35.70%,"76,866",-13,Japan,2019
98,99,HSBC Holdings,"$86,131.00 ",8.20%,"$13,727.00 ","$2,558,124.00 ",27.10%,"235,217",-9,Britain,2019
99,100,DuPont,"$85,977.00 ",37.20%,"$3,844.00 ","$188,030.00 ",163.30%,"98,000",47,U.S.,2019
100,101,China Post Group,"$85,627.90 ",18.60%,"$4,133.60 ","$1,429,122.30 ",-16.70%,"935,191",12,China,2019
101,102,Hitachi,"$85,507.80 ",1.10%,"$2,007.20 ","$86,984.70 ",-38.70%,"295,941",-23,Japan,2019
102,103,Tesco,"$84,270.60 ",11.80%,"$1,743.10 ","$65,227.60 ",10.20%,"321,490",-1,Britain,2019
103,104,BNP Paribas,"$83,973.70 ",-28.50%,"$8,881.90 ","$2,332,675.50 ",1.60%,"197,162",-60,France,2019
104,105,JXTG Holdings,"$82,733.30 ",8%,"$2,907.10 ","$76,604.40 ",-11%,"40,695",-6,Japan,2019
105,106,Reliance Industries,"$82,331.20 ",32.10%,"$5,660.80 ","$144,715.20 ",1.20%,"194,056",42,India,2019
106,107,China Energy Investment,"$81,977.70 ",8.50%,"$3,531.40 ","$259,644.40 ",41.50%,"338,472",-6,China,2019
107,108,State Farm Insurance Cos.,"$81,732.20 ",4.30%,"$8,788.40 ","$272,518.40 ",298.30%,"56,788",-13,U.S.,2019
108,109,Johnson & Johnson,"$81,581.00 ",6.70%,"$15,297.00 ","$152,954.00 ",1076.70%,"135,100",-9,U.S.,2019
109,110,Electricit?? de France,"$81,403.30 ",3.70%,"$1,389.10 ","$323,662.20 ",-61.20%,"165,790",-16,France,2019
110,111,China Southern Power Grid,"$80,963.60 ",11.20%,"$1,782.40 ","$118,705.60 ",-8%,"289,735",-1,China,2019
111,112,China Minmetals,"$80,076.40 ",9.70%,($373.60),"$130,626.80 ",-,"199,442",-3,China,2019
112,113,Equinor,"$79,593.00 ",30.10%,"$7,535.00 ","$112,508.00 ",64.20%,"20,525",37,Norway,2019
113,114,International Business Machines,"$79,591.00 ",0.60%,"$8,728.00 ","$123,382.00 ",51.70%,"381,100",-22,U.S.,2019
114,115,BASF,"$78,798.70 ",8.40%,"$5,555.10 ","$98,933.50 ",-18.90%,"122,404",-3,Germany,2019
115,116,Sony,"$78,157.70 ",1.40%,"$8,264.00 ","$189,586.90 ",86.60%,"114,400",-19,Japan,2019
116,117,Indian Oil,"$77,587.00 ",17.70%,"$2,484.70 ","$48,385.60 ",-27.80%,"35,442",20,India,2019
117,118,AEON,"$77,122.50 ",2.40%,$214 ,"$90,293.60 ",-2.80%,"288,326",-15,Japan,2019
118,119,Amer International Group,"$76,363.10 ",4.90%,"$1,483.00 ","$21,240.60 ",-4.10%,"16,901",-8,China,2019
119,120,ArcelorMittal,"$76,033.00 ",10.70%,"$5,149.00 ","$91,249.00 ",12.70%,"208,583",7,Luxembourg,2019
120,121,People's Insurance Co. of China,"$75,377.30 ",5.30%,"$1,952.00 ","$150,259.30 ",-18.10%,"198,457",-4,China,2019
121,122,Target,"$75,356.00 ",4.80%,"$2,937.00 ","$41,290.00 ",0.10%,"360,000",-6,U.S.,2019
122,123,Airbus,"$75,185.00 ",-0.10%,"$3,604.20 ","$131,671.30 ",11.30%,"133,671",-18,Netherlands,2019
123,124,Deutsche Post DHL Group,"$75,000.90 ",6.30%,"$2,448.80 ","$57,687.20 ",-19.90%,"499,018",-5,Germany,2019
124,125,Nippon Life Insurance,"$74,202.30 ",8%,"$2,514.50 ","$712,112.70 ",14.20%,"89,198",1,Japan,2019
125,126,Engie,"$74,144.10 ",-1.50%,"$1,219.10 ","$175,681.40 ",-24%,"160,301",-22,France,2019
126,127,Royal Ahold Delhaize,"$74,103.90 ",4.50%,"$2,116.00 ","$38,097.30 ",3.30%,"225,000",-9,Netherlands,2019
127,128,Freddie Mac,"$73,598.00 ",-1.40%,"$9,235.00 ","$2,063,060.00 ",64.20%,"6,621",-22,U.S.,2019
128,129,Beijing Automotive Group,"$72,677.40 ",4.40%,"$1,097.70 ","$66,789.50 ",-29.40%,"127,163",-5,China,2019
129,130,PTT,"$72,307.20 ",22.90%,"$3,704.40 ","$72,348.40 ",-7%,"26,613",33,Thailand,2019
130,131,Panasonic,"$72,178.40 ",0.20%,"$2,562.80 ","$54,341.10 ",20.30%,"271,869",-17,Japan,2019
131,132,United Parcel Service,"$71,861.00 ",9.10%,"$4,791.00 ","$50,016.00 ",-2.40%,"364,575",6,U.S.,2019
132,133,Lowe's,"$71,309.00 ",3.90%,"$2,314.00 ","$34,508.00 ",-32.90%,"245,000",-5,U.S.,2019
133,134,COFCO,"$71,223.30 ",2.20%,$337.80 ,"$81,657.40 ",-14.20%,"117,842",-12,China,2019
134,135,Intel,"$70,848.00 ",12.90%,"$21,053.00 ","$127,963.00 ",119.30%,"107,400",11,U.S.,2019
135,136,U.S. Postal Service,"$70,660.00 ",1.50%,"($3,913.00)","$26,688.00 ",-,"565,802",-13,U.S.,2019
136,137,CITIC Group,"$70,659.00 ",15.20%,"$4,566.00 ","$986,297.00 ",41.60%,"287,500",12,China,2019
137,138,China Evergrande Group,"$70,478.90 ",53.20%,"$5,652.60 ","$273,829.00 ",56.80%,"131,694",92,China,2019
138,139,JD.com,"$69,847.60 ",29.40%,($376.70),"$30,465.20 ",-,"178,927",42,China,2019
139,140,China North Industries Group,"$68,777.70 ",6.40%,$966.40 ,"$57,675.40 ",12.70%,"210,507",-,China,2019
140,141,China Telecommunications,"$68,709.50 ",7.40%,"$1,664.60 ","$122,945.90 ",-8.50%,"403,014",-,China,2019
141,142,MetLife,"$67,941.00 ",2.70%,"$5,123.00 ","$687,538.00 ",27.80%,"48,000",-6,U.S.,2019
142,143,Renault,"$67,764.10 ",2.30%,"$3,896.90 ","$131,440.40 ",-32.40%,"183,002",-9,France,2019
143,144,ChemChina,"$67,397.50 ",16.20%,"($2,207.60)","$116,353.60 ",-,"138,652",23,China,2019
144,145,Munich Re Group,"$67,225.90 ",-4.20%,"$2,726.20 ","$308,802.00 ",544.90%,"41,410",-25,Germany,2019
145,146,Procter & Gamble,"$66,832.00 ",0.90%,"$9,750.00 ","$118,310.00 ",-36.40%,"92,000",-11,U.S.,2019
146,147,Marubeni,"$66,753.50 ",-1.90%,"$2,082.50 ","$61,526.00 ",9.20%,"46,711",-17,Japan,2019
147,148,United Technologies,"$66,501.00 ",11.10%,"$5,269.00 ","$134,211.00 ",15.80%,"240,200",11,U.S.,2019
148,149,China Baowu Steel Group,"$66,310.00 ",12.50%,"$2,168.20 ","$103,676.10 ",721.30%,"161,399",13,China,2019
149,150,Bank of Communications,"$65,644.80 ",13.70%,"$11,131.30 ","$1,388,230.00 ",7.10%,"92,714",18,China,2019
150,151,Aviation Industry Corp. of China,"$65,534.40 ",10.60%,$695 ,"$138,082.70 ",91.40%,"446,613",10,China,2019
151,152,FedEx,"$65,450.00 ",8.50%,"$4,572.00 ","$52,330.00 ",52.60%,"359,530",3,U.S.,2019
152,153,Dai-ichi Life Holdings,"$64,794.90 ",2%,"$2,029.60 ","$505,478.10 ",-38.20%,"62,938",-8,Japan,2019
153,154,PepsiCo,"$64,661.00 ",1.80%,"$12,515.00 ","$77,648.00 ",157.70%,"267,000",-10,U.S.,2019
154,155,Archer Daniels Midland,"$64,341.00 ",5.80%,"$1,810.00 ","$40,833.00 ",13.50%,"31,600",-3,U.S.,2019
155,156,Prudential Financial,"$62,992.00 ",5.50%,"$4,074.00 ","$815,078.00 ",-48.20%,"50,492",4,U.S.,2019
156,157,Mitsui,"$62,751.40 ",42.10%,"$3,735.90 ","$107,940.50 ",-1.10%,"43,993",89,Japan,2019
157,158,Petronas,"$62,230.60 ",19.60%,"$11,868.30 ","$154,071.20 ",35.50%,"48,001",33,Malaysia,2019
158,159,Seven & I Holdings,"$61,486.50 ",13.40%,"$1,838.00 ","$52,069.20 ",13%,"58,165",20,Japan,2019
159,160,Oil & Natural Gas,"$61,420.40 ",19.90%,"$4,360.60 ","$71,563.40 ",27.20%,"43,743",37,India,2019
160,161,PowerChina,"$61,224.00 ",13.70%,$803.80 ,"$123,815.20 ",-15.10%,"185,269",21,China,2019
161,162,Toyota Tsusho,"$60,994.30 ",4.10%,"$1,196.10 ","$40,132.50 ",1.80%,"58,565",3,Japan,2019
162,163,Roche Group,"$60,846.20 ",7.40%,"$10,738.10 ","$79,680.30 ",22.40%,"94,442",6,Switzerland,2019
163,164,Auchan Holding,"$60,749.20 ",1.20%,"($1,351.30)","$41,073.70 ",-535.90%,"340,577",-8,France,2019
164,165,Albertsons Cos.,"$60,534.50 ",1%,$131.10 ,"$20,776.60 ",183.20%,"267,000",-8,U.S.,2019
165,166,Mitsubishi UFJ Financial Group,"$60,405.30 ",10.30%,"$7,871.00 ","$2,811,411.40 ",-11.90%,"119,390",11,Japan,2019
166,167,Unilever,"$60,167.30 ",-0.60%,"$11,080.60 ","$67,958.20 ",62.40%,"154,848",-14,Britain/Neth.,2019
167,168,Centene,"$60,116.00 ",23.80%,$900 ,"$30,901.00 ",8.70%,"47,300",42,U.S.,2019
168,169,Sinopharm,"$59,980.20 ",15.70%,$884.40 ,"$49,823.40 ",28.20%,"128,600",25,China,2019
169,170,Walt Disney,"$59,434.00 ",7.80%,"$12,598.00 ","$98,598.00 ",40.30%,"201,000",6,U.S.,2019
170,171,POSCO,"$59,223.20 ",11.20%,"$1,556.10 ","$70,607.70 ",-36.20%,"33,784",13,South Korea,2019
171,172,Sysco,"$58,727.30 ",6.10%,"$1,430.80 ","$18,070.40 ",25.20%,"67,000",2,U.S.,2019
172,173,HP,"$58,472.00 ",12.30%,"$5,327.00 ","$34,622.00 ",110.90%,"55,000",17,U.S.,2019
173,174,Soci??t?? G??n??rale,"$58,390.00 ",-16.50%,"$4,560.20 ","$1,496,676.20 ",44.20%,"140,250",-53,France,2019
174,175,Pertamina,"$57,933.60 ",34.90%,"$2,526.80 ","$64,718.50 ",-0.50%,"31,569",78,Indonesia,2019
175,176,Telef??nica,"$57,465.90 ",-2%,"$3,931.10 ","$130,355.70 ",11.30%,"120,138",-12,Spain,2019
176,177,Country Garden Holdings,"$57,308.70 ",70.70%,"$5,233.50 ","$237,367.50 ",35.70%,"131,387",176,China,2019
177,178,Tokyo Electric Power,"$57,167.40 ",8.30%,"$2,096.10 ","$115,274.20 ",-27%,"41,086",8,Japan,2019
178,179,Humana,"$56,912.00 ",5.80%,"$1,683.00 ","$25,413.00 ",-31.30%,"41,600",4,U.S.,2019
179,180,Brookfield Asset Management,"$56,771.00 ",39.20%,"$3,584.00 ","$256,281.00 ",145.10%,"100,750",92,Canada,2019
180,181,Hengli Group,"$56,198.60 ",23.30%,$582.90 ,"$22,400.30 ",-42.60%,"81,350",54,China,2019
181,182,Alibaba Group Holding,"$56,147.20 ",48.70%,"$13,094.40 ","$143,608.20 ",35.40%,"101,958",118,China,2019
182,183,RWE,"$56,016.70 ",17.10%,$465 ,"$91,563.40 ",-78.80%,"58,441",31,Germany,2019
183,184,Facebook,"$55,838.00 ",37.40%,"$22,112.00 ","$97,334.00 ",38.80%,"35,587",90,U.S.,2019
184,185,LG Electronics,"$55,757.40 ",2.70%,"$1,127.20 ","$39,731.50 ",-26.20%,"72,600",-7,South Korea,2019
185,186,Nippon Steel Corporation,"$55,720.20 ",8.10%,"$2,265.30 ","$72,734.50 ",38.80%,"115,878",12,Japan,2019
186,187,Christian Dior,"$55,262.60 ",12.30%,"$3,037.80 ","$88,320.80 ",20.30%,"141,914",21,France,2019
187,188,China Merchants Bank,"$55,063.50 ",15.20%,"$12,179.00 ","$982,526.00 ",17.30%,"74,590",25,China,2019
188,189,Guangzhou Automobile Industry Group,"$55,037.20 ",9.40%,$885.50 ,"$42,549.70 ",-10.50%,"113,474",13,China,2019
189,190,Caterpillar,"$54,722.00 ",20.40%,"$6,147.00 ","$78,509.00 ",715.30%,"104,000",48,U.S.,2019
190,191,Ita?? Unibanco Holding,"$54,662.50 ",-17.50%,"$6,814.80 ","$400,690.80 ",-9%,"100,335",-58,Brazil,2019
191,192,Anheuser-Busch InBev,"$54,619.00 ",-3.20%,"$4,368.00 ","$232,103.00 ",-45.40%,"172,603",-22,Belgium,2019
192,193,Korea Electric Power,"$54,567.90 ",4%,"($1,194.90)","$166,038.40 ",-204%,"46,377",-5,South Korea,2019
193,194,Energy Transfer,"$54,436.00 ",14.60%,"$1,694.00 ","$88,246.00 ",77.60%,"11,768",23,U.S.,2019
194,195,Wesfarmers,"$53,985.30 ",4.60%,$927.40 ,"$27,282.40 ",-57.20%,"217,000",-,Australia,2019
195,196,Am??rica M??vil,"$53,977.60 ",-0.10%,"$2,733.00 ","$72,580.00 ",76.30%,"194,431",-16,Mexico,2019
196,197,Lockheed Martin,"$53,762.00 ",5.30%,"$5,046.00 ","$44,876.00 ",152%,"105,000",3,U.S.,2019
197,198,Pfizer,"$53,647.00 ",2.10%,"$11,153.00 ","$159,422.00 ",-47.70%,"92,400",-11,U.S.,2019
198,199,China Pacific Insurance (Group),"$53,572.10 ",13.20%,"$2,724.10 ","$194,584.50 ",25.60%,"107,741",21,China,2019
199,200,Repsol,"$53,176.00 ",27%,"$2,762.80 ","$69,469.30 ",15.60%,"22,735",62,Spain,2019
200,201,Novartis,"$53,166.00 ",6%,"$12,611.00 ","$145,563.00 ",63.70%,"125,161",2,Switzerland,2019
201,202,Greenland Holding Group,"$52,720.90 ",22.70%,"$1,719.60 ","$150,974.50 ",28.60%,"39,091",50,China,2019
202,203,China National Building Material Group,"$52,610.60 ",17.70%,$69.40 ,"$84,608.20 ",356.30%,"207,958",40,China,2019
203,204,Goldman Sachs Group,"$52,528.00 ",24.30%,"$10,459.00 ","$931,796.00 ",144%,"36,600",55,U.S.,2019
204,205,Continental,"$52,404.70 ",5.60%,"$3,419.30 ","$46,229.10 ",1.60%,"243,226",1,Germany,2019
205,206,Vinci,"$52,345.20 ",13.10%,"$3,520.40 ","$86,133.10 ",13.70%,"211,233",20,France,2019
206,207,Finatis,"$52,272.00 ",1.30%,($208.90),"$45,172.50 ",-,"218,923",-11,France,2019
207,208,Deutsche Bahn,"$52,004.10 ",8.10%,$623.10 ,"$66,896.40 ",-25.80%,"318,528",3,Germany,2019
208,209,Sumitomo Mitsui Financial Group,"$51,728.00 ",-0.60%,"$6,554.10 ","$1,840,238.10 ",-1.10%,"86,659",-17,Japan,2019
209,210,Alimentation Couche-Tard,"$51,394.40 ",35.60%,"$1,673.60 ","$23,140.60 ",38.40%,"130,000",89,Canada,2019
210,211,Shandong Energy Group,"$51,245.60 ",12.30%,$573 ,"$43,756.60 ",17.10%,"160,064",23,China,2019
211,212,Lenovo Group,"$51,037.90 ",12.50%,$596.30 ,"$29,988.50 ",-,"57,000",28,China,2019
212,213,Industrial Bank,"$50,991.40 ",12.10%,"$9,164.50 ","$977,563.40 ",8.30%,"59,659",24,China,2019
213,214,HBIS Group,"$50,920.60 ",12.20%,($77.80),"$63,725.20 ",-,"118,656",25,China,2019
214,215,ThyssenKrupp,"$50,856.10 ",7.30%,$9.50 ,"$39,334.30 ",-,"161,096",3,Germany,2019
215,216,Shanghai Pudong Development Bank,"$50,545.70 ",9.20%,"$8,453.00 ","$916,091.00 ",5.30%,"55,692",11,China,2019
216,217,Vodafone Group,"$50,532.40 ",-15.60%,"($9,281.10)","$160,391.20 ",-425.70%,"98,996",-59,Britain,2019
217,218,Morgan Stanley,"$50,193.00 ",15%,"$8,748.00 ","$853,531.00 ",43.20%,"60,348",31,U.S.,2019
218,219,JBS,"$49,709.70 ",-2.80%,$6.90 ,"$29,454.70 ",-95.90%,"230,086",-20,Brazil,2019
219,220,Zhejiang Geely Holding Group,"$49,665.40 ",20.60%,"$1,969.30 ","$48,564.80 ",8.20%,"124,846",47,China,2019
220,221,Banco Bradesco,"$49,612.30 ",-14.60%,"$4,537.50 ","$336,888.40 ",-15.20%,"86,772",-55,Brazil,2019
221,222,MS&AD Insurance Group Holdings,"$49,609.60 ",5.30%,"$1,738.00 ","$209,022.70 ",25%,"41,467",-1,Japan,2019
222,223,Groupe BPCE,"$49,529.30 ",-19%,"$3,571.20 ","$1,456,097.40 ",4.80%,"100,245",-72,France,2019
223,224,Tokio Marine Holdings,"$49,395.70 ",1.40%,"$2,476.50 ","$203,590.90 ",-3.40%,"40,848",-15,Japan,2019
224,225,Cisco Systems,"$49,330.00 ",2.80%,$110 ,"$108,784.00 ",-98.90%,"74,200",-13,U.S.,2019
225,226,Saint-Gobain,"$49,300.40 ",7.20%,$495.70 ,"$50,340.00 ",-71.90%,"181,001",5,France,2019
226,227,Kia Motors,"$49,238.40 ",4%,"$1,050.70 ","$46,416.20 ",22.70%,"52,578",-8,South Korea,2019
227,228,Orange,"$48,836.50 ",5.40%,"$2,306.00 ","$110,404.70 ",7.30%,"150,711",-3,France,2019
228,229,Cigna,"$48,650.00 ",16.90%,"$2,637.00 ","$153,226.00 ",17.90%,"73,800",34,U.S.,2019
229,230,Denso,"$48,368.00 ",4.90%,"$2,295.60 ","$52,339.50 ",-20.70%,"171,992",-1,Japan,2019
230,231,Sumitomo,"$48,155.70 ",10.50%,"$2,890.90 ","$71,532.70 ",3.80%,"65,662",19,Japan,2019
231,232,China Minsheng Banking,"$47,981.30 ",10.80%,"$7,608.40 ","$873,155.30 ",3.20%,"58,338",19,China,2019
232,233,Woolworths Group,"$47,842.10 ",3.60%,"$1,335.70 ","$17,402.30 ",15.50%,"201,522",-5,Australia,2019
233,234,Banco Bilbao Vizcaya Argentaria,"$47,608.00 ",2.40%,"$6,283.20 ","$773,455.50 ",58.40%,"125,627",-10,Spain,2019
234,235,American International Group,"$47,389.00 ",-4.30%,($6),"$491,984.00 ",-,"49,600",-28,U.S.,2019
235,236,State Bank of India,"$47,286.00 ",-0.60%,$328.80 ,"$561,369.60 ",-,"257,252",-20,India,2019
236,237,Tencent Holdings,"$47,272.70 ",34.40%,"$11,900.60 ","$105,382.00 ",12.50%,"54,309",94,China,2019
237,238,Zurich Insurance Group,"$47,180.00 ",-26.20%,"$3,716.00 ","$395,342.00 ",23.70%,"52,267",-96,Switzerland,2019
238,239,Deutsche Bank,"$46,969.50 ",1%,$315.10 ,"$1,540,920.60 ",-,"91,737",-16,Germany,2019
239,240,Bayer,"$46,718.10 ",-10%,"$2,000.40 ","$144,343.80 ",-75.80%,"116,998",-47,Germany,2019
240,241,HCA Healthcare,"$46,677.00 ",-2%,"$3,787.00 ","$39,207.00 ",70.90%,"229,000",-26,U.S.,2019
241,242,China Poly Group,"$46,207.10 ",24.90%,"$1,495.90 ","$158,364.30 ",29.80%,"97,527",70,China,2019
242,243,China Shipbuilding Industry,"$46,114.40 ",3.80%,$930.20 ,"$73,372.60 ",29.80%,"165,274",2,China,2019
243,244,China Merchants Group,"$45,925.70 ",14.90%,"$4,468.70 ","$203,620.60 ",10.60%,"115,281",36,China,2019
244,245,KDDI,"$45,820.80 ",0.70%,"$5,570.90 ","$66,236.70 ",7.80%,"41,996",-9,Japan,2019
245,246,BHP Group,"$45,809.00 ",19.70%,"$3,705.00 ","$111,993.00 ",-37.10%,"27,161",50,Australia,2019
246,247,Bunge,"$45,743.00 ",-0.10%,$267 ,"$19,425.00 ",66.90%,"31,000",-14,U.S.,2019
247,248,CNP Assurances,"$45,461.30 ",-10.40%,"$1,612.90 ","$474,944.30 ",11.40%,"5,243",-47,France,2019
248,249,Wuchan Zhongda Group,"$45,435.00 ",11%,$362.40 ,"$12,533.70 ",9.60%,"20,142",21,China,2019
249,250,Sinomach,"$45,424.00 ",6.50%,$487.80 ,"$57,450.70 ",3.40%,"147,099",6,China,2019
250,251,Aluminum Corp. of China,"$45,383.80 ",-2.80%,$112.70 ,"$93,408.30 ",-,"124,965",-29,China,2019
251,252,SABIC,"$45,096.40 ",12.90%,"$5,738.30 ","$85,231.20 ",16.80%,"33,000",29,Saudi Arabia,2019
252,253,Volvo,"$44,957.00 ",14.80%,"$2,863.90 ","$53,558.60 ",16.60%,"98,652",33,Sweden,2019
253,254,China Vanke,"$44,912.60 ",27.90%,"$5,105.70 ","$222,652.20 ",23%,"104,300",78,China,2019
254,255,Sberbank,"$44,898.40 ",-9.70%,"$13,268.50 ","$450,270.00 ",3.10%,"293,752",-50,Russia,2019
255,256,Royal Bank of Canada,"$44,609.30 ",15.70%,"$9,635.80 ","$1,016,475.50 ",10.30%,"81,870",36,Canada,2019
256,257,American Airlines Group,"$44,541.00 ",5.50%,"$1,412.00 ","$60,580.00 ",-26.40%,"128,900",3,U.S.,2019
257,258,Wilmar International,"$44,497.70 ",1.50%,"$1,128.00 ","$45,679.90 ",-7.50%,"90,000",-10,Singapore,2019
258,259,Pegatron,"$44,453.30 ",13.30%,$368.70 ,"$19,011.90 ",-23.60%,"156,477",26,Taiwan,2019
259,260,Delta Air Lines,"$44,438.00 ",7.70%,"$3,935.00 ","$60,266.00 ",10%,"88,680",6,U.S.,2019
260,261,Hanwha,"$44,303.00 ",-0.60%,$425.80 ,"$151,966.10 ",18.70%,"58,070",-17,South Korea,2019
261,262,China United Network Communications,"$43,974.40 ",8.10%,$616.90 ,"$78,908.50 ",879.10%,"246,299",11,China,2019
262,263,Shaanxi Yanchang Petroleum (Group),"$43,858.10 ",12.80%,$306.50 ,"$53,958.10 ",83.70%,"136,016",25,China,2019
263,264,Charter Communications,"$43,634.00 ",4.90%,"$1,230.00 ","$146,130.00 ",-87.60%,"98,000",-,U.S.,2019
264,265,Tata Motors,"$43,599.20 ",-4.90%,"($4,122.00)","$44,349.00 ",-395.60%,"81,090",-33,India,2019
265,266,ZF Friedrichshafen,"$43,582.40 ",6.10%,"$1,064.50 ","$30,897.60 ",-12.90%,"148,969",2,Germany,2019
266,267,Metro,"$43,466.50 ",6.10%,$409.30 ,"$17,702.10 ",14.20%,"132,293",2,Germany,2019
267,268,New York Life Insurance,"$43,425.30 ",2.70%,$880 ,"$311,449.30 ",-52.90%,"11,388",-10,U.S.,2019
268,269,Banco do Brasil,"$43,332.90 ",-21.60%,"$3,782.90 ","$360,361.10 ",13.60%,"96,889",-94,Brazil,2019
269,270,American Express,"$43,281.00 ",21.60%,"$6,921.00 ","$188,602.00 ",153%,"59,000",57,U.S.,2019
270,271,Nationwide,"$43,270.00 ",-1.50%,$512.60 ,"$214,141.90 ",107.90%,"30,472",-24,U.S.,2019
271,272,ACS,"$43,263.20 ",10%,"$1,079.90 ","$39,199.60 ",19.50%,"195,461",12,Spain,2019
272,273,Shandong Weiqiao Pioneering Group,"$43,008.40 ",-19.20%,$852.60 ,"$35,359.20 ",-32.90%,"106,044",-88,China,2019
273,274,UBS Group,"$42,960.00 ",7.60%,"$4,516.00 ","$958,489.00 ",322.10%,"66,888",32,Switzerland,2019
274,275,Bharat Petroleum,"$42,935.60 ",16.50%,"$1,115.70 ","$19,768.30 ",-20.20%,"12,865",39,India,2019
275,276,Best Buy,"$42,879.00 ",1.70%,"$1,464.00 ","$12,901.00 ",46.40%,"125,000",-15,U.S.,2019
276,277,Xiamen C&D,"$42,726.30 ",31.10%,$631.30 ,"$36,868.00 ",106.90%,"24,016",85,China,2019
277,278,Liberty Mutual Insurance Group,"$42,685.00 ",0.00%,"$2,160.00 ","$125,989.00 ",12605.90%,"50,000",-23,U.S.,2019
278,279,China COSCO Shipping,"$42,607.70 ",22.90%,"$1,554.50 ","$117,702.00 ",10.70%,"111,397",56,China,2019
279,280,Jardine Matheson,"$42,527.00 ",7.80%,"$1,732.00 ","$86,258.00 ",-54.20%,"469,000",3,China,2019
280,281,Shaanxi Coal & Chemical Industry,"$42,418.80 ",10.20%,$90.80 ,"$72,966.00 ",23.30%,"120,095",13,China,2019
281,282,Talanx,"$42,390.50 ",9.80%,$829.70 ,"$186,170.70 ",9.50%,"20,780",9,Germany,2019
282,283,China National Aviation Fuel Group,"$42,370.90 ",32.60%,$476.20 ,"$8,054.10 ",18.60%,"13,181",88,China,2019
283,284,Lufthansa Group,"$42,302.00 ",5.50%,"$2,552.70 ","$43,677.50 ",-4.20%,"115,882",-7,Germany,2019
284,285,Merck,"$42,294.00 ",5.40%,"$6,220.00 ","$82,637.00 ",159.80%,"69,000",-9,U.S.,2019
285,286,China Huaneng Group,"$42,280.90 ",8.80%,$8.90 ,"$156,327.20 ",-95.90%,"136,031",3,China,2019
286,287,Bouygues,"$42,179.20 ",13.20%,"$1,547.20 ","$43,084.20 ",26.50%,"129,275",20,France,2019
287,288,Sanofi,"$42,104.90 ",3.20%,"$5,081.80 ","$127,339.30 ",-46.50%,"104,226",-17,France,2019
288,289,China Everbright Group,"$41,879.70 ",16.90%,"$1,890.80 ","$696,969.90 ",-0.20%,"70,000",33,China,2019
289,290,Honeywell International,"$41,802.00 ",3.10%,"$6,765.00 ","$57,773.00 ",308.80%,"114,000",-15,U.S.,2019
290,291,Xiamen ITG Holding Group,"$41,437.50 ",25.90%,$62.80 ,"$15,123.30 ",-41%,"23,159",69,China,2019
291,292,Iberdrola,"$41,395.40 ",17.50%,"$3,557.10 ","$129,202.30 ",12.50%,"33,216",38,Spain,2019
292,293,United Airlines Holdings,"$41,303.00 ",9.50%,"$2,129.00 ","$44,792.00 ",-0.10%,"92,000",8,U.S.,2019
293,294,Maersk Group,"$41,256.00 ",10%,"$3,169.00 ","$56,636.00 ",-,"84,404",11,Denmark,2019
294,295,Toronto-Dominion Bank,"$41,198.70 ",19.40%,"$8,751.50 ","$1,016,604.20 ",10.10%,"84,383",42,Canada,2019
295,296,GlaxoSmithKline,"$41,108.50 ",5.80%,"$4,832.30 ","$73,941.20 ",145%,"95,490",-6,Britain,2019
296,297,TIAA,"$41,052.10 ",14%,"$1,560.50 ","$568,190.20 ",48.70%,"17,643",22,U.S.,2019
297,298,Accenture,"$40,993.00 ",11.50%,"$4,059.90 ","$24,449.10 ",17.80%,"459,000",18,Ireland,2019
298,299,Magna International,"$40,827.00 ",4.80%,"$2,296.00 ","$25,945.00 ",4.10%,"174,000",-12,Canada,2019
299,300,Mitsubishi Electric,"$40,766.10 ",1.90%,"$2,044.20 ","$39,362.20 ",-16.70%,"145,817",-21,Japan,2019
300,301,Cedar Holdings Group,"$40,640.80 ",24.20%,$844.70 ,"$20,932.80 ",-20.90%,"31,547",60,China,2019
301,302,Louis Dreyfus,"$40,571.00 ",-26.80%,$355 ,"$18,440.00 ",12%,"16,785",-129,Netherlands,2019
302,303,Rio Tinto Group,"$40,522.00 ",1.20%,"$13,638.00 ","$90,949.00 ",55.60%,"47,458",-25,Britain,2019
303,304,Edeka Zentrale,"$40,454.20 ",9%,$380 ,"$8,322.90 ",10.10%,"376,000",6,Germany,2019
304,305,Caixa Econ??mica Federal,"$40,240.50 ",-26.10%,"$2,833.30 ","$326,182.50 ",-27.70%,"84,952",-,Brazil,2019
305,306,Tyson Foods,"$40,052.00 ",4.70%,"$3,024.00 ","$29,109.00 ",70.50%,"121,000",-9,U.S.,2019
306,307,Oracle,"$39,831.00 ",5.60%,"$3,825.00 ","$137,264.00 ",-59%,"137,000",-5,U.S.,2019
307,308,Allstate,"$39,815.00 ",3.40%,"$2,252.00 ","$112,249.00 ",-29.40%,"45,420",-15,U.S.,2019
308,309,World Fuel Services,"$39,750.30 ",18%,$127.70 ,"$5,676.90 ",-,"5,000",42,U.S.,2019
309,310,ING Group,"$39,598.20 ",-29.70%,"$5,618.80 ","$1,011,101.20 ",-8.80%,"53,768",-139,Netherlands,2019
310,311,Centrica,"$39,594.70 ",9.70%,$244.10 ,"$26,177.30 ",-43.10%,"31,780",7,Britain,2019
311,312,Midea Group,"$39,581.60 ",10.60%,"$3,058.50 ","$38,408.50 ",19.60%,"114,765",11,China,2019
312,313,Fresenius,"$39,571.00 ",3.60%,"$2,392.20 ","$64,811.50 ",17%,"276,750",-15,Germany,2019
313,314,Massachusetts Mutual Life Insurance,"$39,267.20 ",17.20%,$397.90 ,"$265,812.60 ",-22.40%,"9,844",43,U.S.,2019
314,315,Intesa Sanpaolo,"$39,050.60 ",9.20%,"$4,779.70 ","$900,365.10 ",-42%,"92,117",9,Italy,2019
315,316,LyondellBasell Industries,"$39,004.00 ",13.10%,"$4,688.00 ","$28,278.00 ",-3.90%,"19,450",22,Netherlands,2019
316,317,TJX,"$38,972.90 ",8.70%,"$3,059.80 ","$14,326.00 ",17.30%,"270,000",4,U.S.,2019
317,318,Yankuang Group,"$38,887.30 ",31.90%,($258),"$44,774.80 ",-,"104,668",81,China,2019
318,319,ConocoPhillips,"$38,727.00 ",18.90%,"$6,257.00 ","$69,980.00 ",-,"10,800",44,U.S.,2019
319,320,Barclays,"$38,278.30 ",10.90%,"$2,862.30 ","$1,443,122.60 ",-,"83,500",16,Britain,2019
320,321,J. Sainsbury,"$38,064.00 ",0.90%,$287.40 ,"$30,669.20 ",-29.80%,"116,400",-18,Britain,2019
321,322,China Aerospace Science & Industry,"$37,869.80 ",11.10%,"$1,846.40 ","$47,048.10 ",14.90%,"146,346",24,China,2019
322,323,China Aerospace Science & Technology,"$37,727.60 ",10.10%,"$2,463.70 ","$63,496.80 ",10.70%,"179,788",20,China,2019
323,324,Meiji Yasuda Life Insurance,"$37,722.90 ",1.50%,"$2,070.60 ","$380,597.40 ",-13.40%,"42,950",-15,Japan,2019
324,325,George Weston,"$37,474.80 ",0.70%,$442.90 ,"$32,084.10 ",-24.30%,"197,000",-17,Canada,2019
325,326,SNCF Mobilit??s,"$37,388.90 ",4.20%,"$5,313.10 ","$48,482.60 ",314.90%,"203,865",-6,France,2019
326,327,Daiwa House Industry,"$37,371.20 ",9.10%,"$2,141.50 ","$39,161.80 ",0.40%,"44,947",15,Japan,2019
327,328,ABB,"$37,360.00 ",8.90%,"$2,173.00 ","$44,441.00 ",-1.80%,"146,600",13,Switzerland,2019
328,329,Deere,"$37,357.70 ",25.60%,"$2,368.40 ","$70,108.00 ",9.70%,"74,413",65,U.S.,2019
329,330,Tech Data,"$37,239.00 ",1.30%,$340.60 ,"$12,986.60 ",192%,"14,000",-15,U.S.,2019
330,331,Power Corp. of Canada,"$37,112.20 ",-6%,"$1,033.20 ","$331,211.90 ",0.20%,"30,000",-49,Canada,2019
331,332,Swiss Re,"$37,047.00 ",-12.80%,$462 ,"$207,570.00 ",16.10%,"14,943",-75,Switzerland,2019
332,333,Suning.com Group,"$37,032.20 ",33.20%,"$2,014.80 ","$29,052.70 ",223.30%,"130,455",94,China,2019
333,334,Mitsubishi Heavy Industries,"$36,783.50 ",-0.30%,$914.10 ,"$46,469.00 ",-,"80,744",-23,Japan,2019
334,335,SK Hynix,"$36,763.10 ",38%,"$14,125.40 ","$57,056.90 ",50%,"33,000",107,South Korea,2019
335,336,Vale,"$36,696.00 ",2.80%,"$6,860.00 ","$88,190.00 ",24.60%,"70,270",-11,Brazil,2019
336,337,Enterprise Products Partners,"$36,534.20 ",24.90%,"$4,172.40 ","$56,969.80 ",49.10%,"7,000",66,U.S.,2019
337,338,XMXYG,"$36,503.70 ",15.20%,$199.30 ,"$16,891.80 ",35.40%,"10,350",37,China,2019
338,339,Aisin Seiki,"$36,465.70 ",3.40%,$993.20 ,"$33,901.50 ",-18.20%,"119,732",-10,Japan,2019
339,340,Jiangsu Shagang Group,"$36,440.90 ",11.90%,"$1,869.20 ","$33,173.70 ",76%,"31,290",24,China,2019
340,341,Nike,"$36,397.00 ",6%,"$1,933.00 ","$22,536.00 ",-54.40%,"73,100",-1,U.S.,2019
341,342,Publix Super Markets,"$36,395.70 ",4.50%,"$2,381.20 ","$18,982.50 ",3.90%,"202,000",-8,U.S.,2019
342,343,General Dynamics,"$36,193.00 ",16.90%,"$3,345.00 ","$45,408.00 ",14.90%,"105,600",40,U.S.,2019
343,344,Exelon,"$35,985.00 ",7.30%,"$2,010.00 ","$119,666.00 ",-46.70%,"33,383",12,U.S.,2019
344,345,Canon,"$35,796.90 ",-1.60%,"$2,289.50 ","$44,662.40 ",6.10%,"195,056",-28,Japan,2019
345,346,Enbridge,"$35,785.00 ",4.60%,"$2,223.70 ","$122,221.00 ",0.90%,"12,000",-1,Canada,2019
346,347,Jizhong Energy Group,"$35,721.30 ",7.60%,($152.80),"$33,772.30 ",-,"112,859",12,China,2019
347,348,E.ON,"$35,703.60 ",-16.60%,"$3,803.70 ","$62,092.30 ",-14%,"43,302",-94,Germany,2019
348,349,Fujitsu,"$35,647.90 ",-3.60%,$943.10 ,"$28,055.00 ",-38.30%,"132,138",-36,Japan,2019
349,350,Mizuho Financial Group,"$35,406.30 ",10.20%,$870.90 ,"$1,814,332.90 ",-83.30%,"59,132",17,Japan,2019
350,351,Mitsubishi Chemical Holdings,"$35,386.40 ",5.30%,"$1,529.00 ","$50,352.50 ",-20%,"72,020",1,Japan,2019
351,352,CK Hutchison Holdings,"$35,361.20 ",10.90%,"$4,976.30 ","$157,392.80 ",10.50%,"300,000",22,China,2019
352,353,Lloyds Banking Group,"$35,251.90 ",-32.80%,"$5,737.90 ","$1,015,661.30 ",17.10%,"64,928",-164,Britain,2019
353,354,Idemitsu Kosan,"$35,091.00 ",18.50%,$734.60 ,"$26,116.40 ",-49.90%,"9,476",44,Japan,2019
354,355,Poste Italiane,"$35,071.10 ",-7%,"$1,651.10 ","$238,753.30 ",112.60%,"132,388",-51,Italy,2019
355,356,JFE Holdings,"$34,937.40 ",6.70%,"$1,474.70 ","$42,551.70 ",67.30%,"62,083",2,Japan,2019
356,357,Suzuki Motor,"$34,917.90 ",3%,"$1,612.30 ","$30,739.80 ",-17.20%,"67,721",-9,Japan,2019
357,358,Jiangxi Copper,"$34,870.00 ",9.10%,$131.40 ,"$18,618.30 ",15.80%,"23,194",12,China,2019
358,359,CRRC Group,"$34,673.00 ",8%,$486.60 ,"$58,038.30 ",-28.70%,"187,959",-,China,2019
359,360,Credit Suisse Group,"$34,284.20 ",7.50%,"$2,069.90 ","$780,308.50 ",-,"45,680",13,Switzerland,2019
360,361,Tsingshan Holding Group,"$34,242.20 ",43.20%,$578.60 ,"$8,522.60 ",50.70%,"56,088",-,China,2019
361,362,State Power Investment,"$34,229.20 ",15.10%,$170.70 ,"$157,347.60 ",-14%,"124,678",33,China,2019
362,363,Taiwan Semiconductor Manufacturing,"$34,218.20 ",6.50%,"$12,043.90 ","$67,999.50 ",6.20%,"48,752",5,Taiwan,2019
363,364,China Energy Engineering Group,"$34,176.50 ",-2.50%,$432.60 ,"$57,758.70 ",16.40%,"129,929",-31,China,2019
364,365,Quanta Computer,"$34,102.60 ",1.60%,$501.50 ,"$21,455.90 ",6.20%,"112,421",-11,Taiwan,2019
365,366,Plains GP Holdings,"$34,055.00 ",29.90%,$334 ,"$26,830.00 ",-,"4,900",86,U.S.,2019
366,367,China South Industries Group,"$33,895.80 ",-24.30%,$268.10 ,"$48,455.20 ",-63.70%,"198,932",-125,China,2019
367,368,Yango Longking Group,"$33,394.80 ",30.40%,$613.60 ,"$51,585.30 ",35.60%,"21,849",96,China,2019
368,369,Jinchuan Group,"$33,391.60 ",4%,$234 ,"$16,925.30 ",90%,"27,594",-,China,2019
369,370,China Electronics Technology Group,"$33,323.80 ",10.40%,"$1,755.20 ","$51,672.90 ",-1.10%,"179,636",18,China,2019
370,371,Toshiba,"$33,312.80 ",-6.50%,"$9,138.80 ","$38,830.30 ",25.90%,"128,697",-45,Japan,2019
371,372,Prudential,"$33,252.60 ",-70.20%,"$4,014.70 ","$647,708.50 ",30.50%,"23,792",-322,Britain,2019
372,373,Commonwealth Bank of Australia,"$33,186.30 ",-2.10%,"$7,228.00 ","$720,354.40 ",-3.40%,"45,753",-24,Australia,2019
373,374,Bridgestone,"$33,062.90 ",1.70%,"$2,641.70 ","$35,220.60 ",2.70%,"143,509",-9,Japan,2019
374,375,China Electronics,"$33,055.70 ",3.30%,$350.30 ,"$40,323.20 ",110%,"135,297",-6,China,2019
375,376,GS Caltex,"$33,052.70 ",23.20%,$639.50 ,"$17,531.20 ",-49.70%,"3,212",62,South Korea,2019
376,377,Sompo Holdings,"$32,857.40 ",-3.40%,"$1,322.50 ","$108,595.40 ",4.80%,"49,837",-30,Japan,2019
377,378,Sumitomo Life Insurance,"$32,825.00 ",-2.90%,$435.30 ,"$341,659.60 ",-30.90%,"42,848",-28,Japan,2019
378,379,Schlumberger,"$32,815.00 ",7.80%,"$2,138.00 ","$70,507.00 ",-,"100,000",7,U.S.,2019
379,380,3M,"$32,765.00 ",3.50%,"$5,349.00 ","$36,500.00 ",10.10%,"93,516",-4,U.S.,2019
380,381,AbbVie,"$32,753.00 ",16.10%,"$5,687.00 ","$59,352.00 ",7.10%,"30,000",41,U.S.,2019
381,382,Chubb,"$32,717.00 ",1.50%,"$3,962.00 ","$167,771.00 ",2.60%,"32,700",-16,Switzerland,2019
382,383,CHS,"$32,683.30 ",2%,$775.90 ,"$16,381.20 ",983.80%,"10,495",-11,U.S.,2019
383,384,British American Tobacco,"$32,667.00 ",25%,"$8,045.40 ","$186,351.90 ",-83.40%,"63,877",69,Britain,2019
384,385,Ansteel Group,"$32,619.40 ",17.40%,($254.50),"$49,469.60 ",-516.60%,"136,319",43,China,2019
385,386,China Huadian,"$32,421.40 ",9.50%,$464.40 ,"$118,796.50 ",39.30%,"97,629",11,China,2019
386,387,Capital One Financial,"$32,377.00 ",7.90%,"$6,015.00 ","$372,538.00 ",203.50%,"47,600",4,U.S.,2019
387,388,AIA Group,"$32,369.00 ",-18.80%,"$2,597.00 ","$229,806.00 ",-60%,"22,000",-93,China,2019
388,389,Mazda Motor,"$32,150.80 ",2.50%,$572.50 ,"$25,942.20 ",-43.40%,"49,998",-11,Japan,2019
389,390,Compal Electronics,"$32,102.80 ",10%,$295.70 ,"$13,007.40 ",56.50%,"82,374",14,Taiwan,2019
390,391,Progressive,"$31,979.00 ",19.20%,"$2,615.30 ","$46,575.00 ",64.30%,"37,346",46,U.S.,2019
391,392,DZ Bank,"$31,975.50 ",-4.70%,$972.50 ,"$592,911.80 ",-9.90%,"28,682",-37,Germany,2019
392,393,Hyundai Mobis,"$31,949.40 ",2.80%,"$1,716.90 ","$38,604.60 ",23.80%,"34,782",-13,South Korea,2019
393,394,CPC,"$31,928.90 ",17.80%,"$1,137.60 ","$25,035.70 ",-14.10%,"15,712",42,Taiwan,2019
394,395,Coca-Cola,"$31,856.00 ",-10%,"$6,434.00 ","$83,216.00 ",415.50%,"62,600",-67,U.S.,2019
395,396,L'Or??al,"$31,790.70 ",6.20%,"$4,597.20 ","$43,956.90 ",13.90%,"86,030",-4,France,2019
396,397,CRH,"$31,625.00 ",1.80%,"$2,970.50 ","$40,202.70 ",39.10%,"89,831",-15,Ireland,2019
397,398,Bank of Nova Scotia,"$31,589.30 ",14.60%,"$6,642.50 ","$760,409.00 ",8.60%,"97,629",32,Canada,2019
398,399,Johnson Controls International,"$31,400.00 ",4.10%,"$2,162.00 ","$48,797.00 ",34.20%,"122,000",-10,Ireland,2019
399,400,USAA,"$31,367.80 ",4.50%,"$2,291.90 ","$158,506.80 ",-5.40%,"33,689",-10,U.S.,2019
400,401,Air France-KLM Group,"$31,292.20 ",7.70%,$482.70 ,"$33,212.20 ",-,"81,527",5,France,2019
401,402,Shougang Group,"$31,103.80 ",13.20%,$84.20 ,"$73,067.10 ",9568.30%,"108,086",29,China,2019
402,403,Compass Group,"$30,878.80 ",8.10%,"$1,512.70 ","$16,443.50 ",2.90%,"595,841",10,Britain,2019
403,404,Hewlett Packard Enterprise,"$30,852.00 ",6.90%,"$1,908.00 ","$55,493.00 ",454.70%,"60,000",5,U.S.,2019
404,405,BT Group,"$30,743.00 ",-2.20%,"$2,833.10 ","$60,302.70 ",5.20%,"106,700",-28,Britain,2019
405,406,Inditex,"$30,686.70 ",6.20%,"$4,042.30 ","$24,878.10 ",5.30%,"174,386",2,Spain,2019
406,407,Veolia Environnement,"$30,579.50 ",8%,$518.40 ,"$42,968.60 ",14.50%,"170,819",12,France,2019
407,408,Abbott Laboratories,"$30,578.00 ",11.60%,"$2,368.00 ","$67,173.00 ",396.40%,"103,000",25,U.S.,2019
408,409,Micron Technology,"$30,391.00 ",49.50%,"$14,135.00 ","$43,376.00 ",177.80%,"36,000",-,U.S.,2019
409,410,PKN ORLEN Group,"$30,389.90 ",20.30%,"$1,539.10 ","$17,079.20 ",-12.70%,"21,282",59,Poland,2019
410,411,Schneider Electric,"$30,353.90 ",8.80%,"$2,754.50 ","$48,302.00 ",13.70%,"137,534",13,France,2019
411,412,Phoenix Pharma,"$30,296.00 ",6.70%,($174.50),"$9,599.50 ",-194.70%,"29,631",5,Germany,2019
412,413,Travelers Cos.,"$30,282.00 ",4.80%,"$2,523.00 ","$104,233.00 ",22.70%,"30,400",-6,U.S.,2019
413,414,Gree Electric Appliances,"$30,239.40 ",36.20%,"$3,961.30 ","$36,592.70 ",19.50%,"88,800",-,China,2019
414,415,Coop Group,"$30,235.40 ",5.70%,$483.70 ,"$20,665.70 ",-1.80%,"77,448",-3,Switzerland,2019
415,416,Northrop Grumman,"$30,095.00 ",16.60%,"$3,229.00 ","$37,653.00 ",60.20%,"85,000",45,U.S.,2019
416,417,Suncor Energy,"$30,081.40 ",21.30%,"$2,540.90 ","$65,596.80 ",-26%,"12,480",59,Canada,2019
417,418,Manulife Financial,"$30,070.60 ",-33.10%,"$3,703.70 ","$549,407.60 ",128.40%,"34,000",-177,Canada,2019
418,419,Medtronic,"$29,953.00 ",0.80%,"$3,104.00 ","$91,393.00 ",-22.90%,"98,003",-23,Ireland,2019
419,420,Kansai Electric Power,"$29,832.50 ",5.50%,"$1,037.90 ","$65,576.60 ",-24.30%,"32,597",-,Japan,2019
420,421,Arrow Electronics,"$29,676.80 ",10.70%,$716.20 ,"$17,784.40 ",78.20%,"20,100",19,U.S.,2019
421,422,Philip Morris International,"$29,625.00 ",3.10%,"$7,911.00 ","$39,801.00 ",31.10%,"77,400",-11,U.S.,2019
422,423,Ko?? Holding,"$29,592.30 ",9.20%,"$1,143.80 ","$23,570.70 ",-15%,"92,631",12,Turkey,2019
423,424,Wistron,"$29,509.50 ",7.40%,$162.80 ,"$11,032.70 ",27.50%,"82,955",8,Taiwan,2019
424,425,UniCredit Group,"$29,332.30 ",0.30%,"$4,593.70 ","$950,368.80 ",-25.50%,"86,786",-23,Italy,2019
425,426,Samsung Life Insurance,"$29,305.80 ",3.70%,"$1,512.90 ","$259,413.50 ",46.70%,"5,420",-5,South Korea,2019
426,427,SAP,"$29,159.60 ",10.30%,"$4,818.60 ","$58,854.20 ",6.40%,"96,498",19,Germany,2019
427,428,La Poste,"$29,149.00 ",7.30%,$941.80 ,"$298,904.80 ",-1.80%,"233,076",6,France,2019
428,429,Northwestern Mutual,"$29,124.00 ",-0.70%,$783 ,"$272,167.00 ",-23%,"5,870",-28,U.S.,2019
429,430,Naturgy Energy Group,"$29,123.00 ",5.30%,"($3,330.40)","$46,441.20 ",-317.20%,"13,945",-1,Spain,2019
430,431,Migros Group,"$29,098.20 ",2%,$511.30 ,"$67,587.80 ",-2.50%,"79,913",-16,Switzerland,2019
431,432,Danone,"$29,092.30 ",4.60%,"$2,772.20 ","$50,494.30 ",0.30%,"105,783",-6,France,2019
432,433,Westpac Banking,"$29,027.90 ",1.60%,"$6,151.50 ","$636,296.90 ",1.10%,"35,029",-19,Australia,2019
433,434,KB Financial Group,"$29,000.90 ",15.80%,"$2,782.50 ","$429,854.20 ",-5%,"27,040",37,South Korea,2019
434,435,International Airlines Group,"$28,803.20 ",11.20%,"$3,404.80 ","$32,042.90 ",51%,"64,734",25,Britain,2019
435,436,Medipal Holdings,"$28,698.50 ",1.10%,$309.90 ,"$14,619.20 ",-1.30%,"15,623",-18,Japan,2019
436,437,Sumitomo Electric Industries,"$28,662.90 ",3%,"$1,064.80 ","$27,588.90 ",-2%,"272,796",-12,Japan,2019
437,438,China Datang,"$28,654.90 ",13.30%,$323.40 ,"$108,633.20 ",-5.40%,"93,800",30,China,2019
438,439,Xinjiang Guanghui Industry Investment,"$28,564.00 ",9.40%,$137 ,"$38,415.20 ",321.80%,"82,175",17,China,2019
439,440,Subaru,"$28,505.40 ",-7.30%,"$1,333.10 ","$26,951.50 ",-33%,"34,200",-56,Japan,2019
440,441,Anhui Conch Group,"$28,499.00 ",144.10%,"$1,628.90 ","$27,967.90 ",92.10%,"55,380",-,China,2019
441,442,Huaxia Life Insurance,"$28,492.80 ",87.40%,$398.80 ,"$74,401.50 ",-33.90%,"500,000",-,China,2019
442,443,CFE,"$28,457.10 ",9%,"$2,322.30 ","$84,234.70 ",-59.30%,"91,369",11,Mexico,2019
443,444,Samsung C&T,"$28,319.40 ",9.30%,"$1,556.90 ","$38,009.00 ",175.10%,"17,274",14,South Korea,2019
444,445,Adecco Group,"$28,167.10 ",5.60%,$540.50 ,"$11,107.70 ",-39.10%,"34,000",-4,Switzerland,2019
445,446,Randstad,"$28,102.20 ",7.10%,$830.80 ,"$11,359.10 ",16.70%,"38,820",4,Netherlands,2019
446,447,LafargeHolcim,"$28,088.80 ",5.80%,"$1,536.10 ","$60,579.50 ",-,"77,055",-3,Switzerland,2019
447,448,Haier Smart Home,"$27,713.60 ",17.60%,"$1,124.80 ","$24,280.10 ",9.80%,"87,447",51,China,2019
448,449,INTL FCStone,"$27,622.70 ",-6.10%,$55.50 ,"$7,824.70 ",767.20%,"1,701",-49,U.S.,2019
449,450,Anglo American,"$27,610.00 ",5.20%,"$3,549.00 ","$52,196.00 ",12.10%,"64,000",-1,Britain,2019
450,451,China Taiping Insurance Group,"$27,485.80 ",7.40%,$434 ,"$96,189.10 ",-3.40%,"75,341",14,China,2019
451,452,Mapfre Group,"$27,423.50 ",2.30%,$624.10 ,"$76,913.40 ",-21%,"35,390",-13,Spain,2019
452,453,Chubu Electric Power,"$27,374.10 ",6.30%,$716.30 ,"$54,102.50 ",6.70%,"30,321",9,Japan,2019
453,454,PBF Energy,"$27,186.10 ",24.80%,$128.30 ,"$8,005.40 ",-69.10%,"3,266",-,U.S.,2019
454,455,Cathay Life Insurance,"$27,183.40 ",-5.60%,"$1,001.50 ","$207,944.90 ",-16%,"38,694",-45,Taiwan,2019
455,456,Financi??re de l'Odet,"$27,172.70 ",31.50%,$144.10 ,"$61,194.70 ",-65.40%,"81,003",-,France,2019
456,457,Australia & New Zealand Banking Group,"$27,147.90 ",3.30%,"$4,863.40 ","$681,894.20 ",-0.30%,"39,924",-9,Australia,2019
457,458,East Japan Railway,"$27,076.10 ",1.70%,"$2,662.60 ","$75,537.00 ",2.10%,"85,718",-15,Japan,2019
458,459,OMV Group,"$27,061.30 ",18.70%,"$1,789.10 ","$42,246.40 ",195%,"20,231",-,Austria,2019
459,460,Raytheon,"$27,058.00 ",6.70%,"$2,909.00 ","$31,864.00 ",43.70%,"67,000",7,U.S.,2019
460,461,TongLing Nonferrous Metals Group,"$26,846.70 ",15.30%,($70.20),"$12,668.50 ",-,"24,848",-,China,2019
461,462,Shanxi LuAn Mining Group,"$26,840.50 ",12.80%,$1.20 ,"$35,084.40 ",139%,"100,637",33,China,2019
462,463,CJ Corp.,"$26,835.70 ",12.80%,$250.90 ,"$28,439.10 ",-38.80%,"64,832",30,South Korea,2019
463,464,Datong Coal Mine Group,"$26,697.60 ",12.70%,($181.80),"$49,898.20 ",-372%,"156,268",33,China,2019
464,465,Shanxi Coking Coal Group,"$26,692.80 ",18.20%,$141.60 ,"$49,288.00 ",19.30%,"199,872",-,China,2019
465,466,Nokia,"$26,628.10 ",2.10%,($401.30),"$45,167.90 ",-,"103,083",-9,Finland,2019
466,467,Heineken Holding,"$26,608.10 ",7.20%,"$1,134.10 ","$47,955.70 ",3%,"85,610",8,Netherlands,2019
467,468,Xiaomi,"$26,443.50 ",55.90%,"$2,049.10 ","$21,152.70 ",-,"16,683",-,China,2019
468,469,Yangquan Coal Industry Group,"$26,290.10 ",10.50%,($131.10),"$34,909.50 ",-,"129,150",25,China,2019
469,470,NEC,"$26,277.00 ",2.40%,$362.50 ,"$26,661.60 ",-12.40%,"110,595",-7,Japan,2019
470,471,Fubon Financial Holding,"$26,276.50 ",6.40%,"$1,583.40 ","$251,010.50 ",-11%,"45,174",8,Taiwan,2019
471,472,Kraft Heinz,"$26,268.00 ",0.70%,"($10,192.00)","$103,461.00 ",-193.20%,"38,000",-21,U.S.,2019
472,473,Hailiang Group,"$26,251.00 ",9.10%,$237.60 ,"$8,036.40 ",-11.50%,"19,510",-,China,2019
473,474,Flex,"$26,210.50 ",3%,$93.40 ,"$13,499.40 ",-78.20%,"200,000",-8,Singapore,2019
474,475,Xinxing Cathay International Group,"$26,207.90 ",-15.70%,$103.60 ,"$20,671.30 ",-76.40%,"52,024",-94,China,2019
475,476,Emirates Group,"$26,147.70 ",5.30%,$237.10 ,"$34,687.80 ",-68.80%,"60,282",-2,United Arab Emirates,2019
476,477,Ceconomy,"$26,129.40 ",6.90%,($252.20),"$9,842.90 ",-120.80%,"53,954",9,Germany,2019
477,478,Michelin,"$25,996.70 ",5%,"$1,979.10 ","$33,659.10 ",3.30%,"111,117",-,France,2019
478,479,National Australia Bank,"$25,942.70 ",5.70%,"$4,220.60 ","$583,429.30 ",4.90%,"33,283",6,Australia,2019
479,480,Mondelez International,"$25,938.00 ",0.20%,"$3,381.00 ","$62,729.00 ",15.70%,"80,000",-21,U.S.,2019
480,481,Adidas,"$25,920.00 ",5.10%,"$2,008.60 ","$17,844.50 ",62.40%,"57,016",-1,Germany,2019
481,482,Shanxi Jincheng Anthracite Coal Mining Group,"$25,844.70 ",4.80%,$52.60 ,"$40,137.80 ",-8.20%,"128,795",-1,China,2019
482,483,Rabobank Group,"$25,823.30 ",8.40%,"$2,235.20 ","$674,869.50 ",31.40%,"41,861",9,Netherlands,2019
483,484,Henan Energy & Chemical,"$25,781.90 ",8.80%,($133.30),"$39,328.40 ",-,"171,334",12,China,2019
484,485,China General Technology,"$25,779.10 ",11%,$442.70 ,"$25,230.80 ",7.80%,"34,752",-,China,2019
485,486,U.S. Bancorp,"$25,775.00 ",7.40%,"$7,096.00 ","$467,374.00 ",14.10%,"75,772",4,U.S.,2019
486,487,Macy's,"$25,739.00 ",3.60%,"$1,108.00 ","$19,194.00 ",-28.40%,"130,000",-14,U.S.,2019
487,488,Fomento Econ??mico Mexicano,"$25,679.00 ",5.50%,"$1,247.30 ","$29,270.30 ",-44.40%,"297,073",-1,Mexico,2019
488,489,Dollar General,"$25,625.00 ",9.20%,"$1,589.50 ","$13,204.00 ",3.30%,"135,000",-,U.S.,2019
489,490,LG Chem,"$25,617.30 ",12.70%,"$1,338.50 ","$25,942.60 ",-22.20%,"33,694",-,South Korea,2019
490,491,Onex,"$25,606.00 ",-2.60%,($663),"$45,417.00 ",-127.70%,"217,000",-44,Canada,2019
491,492,Formosa Petrochemical,"$25,462.80 ",24.10%,"$1,993.40 ","$13,201.80 ",-24.30%,"5,285",-,Taiwan,2019
492,493,Safran,"$25,191.90 ",24.40%,"$1,514.20 ","$46,428.70 ",-72%,"92,639",-,France,2019
493,494,Achmea,"$25,180.10 ",1.20%,$370.60 ,"$93,515.70 ",52.90%,"13,714",-22,Netherlands,2019
494,495,Rajesh Exports,"$25,142.60 ",-13.70%,$184.80 ,"$4,163.80 ",-5.90%,383,-90,India,2019
495,496,Nucor,"$25,067.30 ",23.80%,"$2,360.80 ","$17,920.60 ",79%,"26,300",-,U.S.,2019
496,497,Bank of Montreal,"$25,002.70 ",16.50%,"$4,235.10 ","$589,481.40 ",3.60%,"45,454",-,Canada,2019
497,498,Taikang Insurance Group,"$24,931.70 ",3.60%,"$1,794.60 ","$117,398.30 ",6.60%,"57,406",-9,China,2019
498,499,Ultrapar Holdings,"$24,816.00 ",-1%,$314.80 ,"$7,870.20 ",-36.20%,"17,034",-29,Brazil,2019
499,500,Air Liquide,"$24,796.60 ",7.10%,"$2,494.20 ","$47,983.80 ",0.60%,"66,000",-,France,2019
