,CEO,Sector,Industry,HQ Location,Website,Years on Global 500 List,Employees,company
1,C. Douglas McMillon,Retailing,General Merchandisers,"Bentonville, Ark.",https://www.walmart.com,25,"2,200,000",Walmart
2,Dai Houliang,Energy,Petroleum Refining,Beijing,https://www.sinopec.com,21,"619,151",Sinopec Group
3,Ben van Beurden,Energy,Petroleum Refining,The Hague,https://www.shell.com,25,"81,000",Royal Dutch Shell
4,Zhang Wei,Energy,Petroleum Refining,Beijing,https://www.cnpc.com.cn,19,"1,382,401",China National Petroleum
5,Xin Baoan,Energy,Utilities,Beijing,https://www.sgcc.com.cn,19,"917,717",State Grid
6,Amin H. Nasser,Energy,"Mining, Crude-Oil Production","Dhahran, Saudi Arabia",https://www.saudiaramco.com,1,"76,418",Saudi Aramco
7,Robert W. Dudley,Energy,Petroleum Refining,London,https://www.bp.com,25,"73,000",BP
8,Darren W. Woods,Energy,Petroleum Refining,"Irving, Texas",https://www.exxonmobil.com,25,"71,000",Exxon Mobil
9,Herbert Diess,Motor Vehicles & Parts,Motor Vehicles and Parts,"Wolfsburg, Germany",https://www.volkswagenag.com,25,"664,496",Volkswagen
10,Akio Toyoda,Motor Vehicles & Parts,Motor Vehicles and Parts,"Toyota, Japan",https://www.toyota-global.com,25,"370,870",Toyota Motor
11,Timothy D. Cook,Technology,"Computers, Office Equipment","Cupertino, Calif.",https://www.apple.com,17,"132,000",Apple
12,Warren E. Buffett,Financials,Insurance: Property and Casualty (Stock),Omaha,https://www.berkshirehathaway.com,23,"389,000",Berkshire Hathaway
13,Jeffrey P. Bezos,Retailing,Internet Services and Retailing,Seattle,https://www.amazon.com,11,"647,500",Amazon.com
14,David S. Wichmann,Health Care,Health Care: Insurance and Managed Care,"Minnetonka, Minn.",https://www.unitedhealthgroup.com,23,"300,000",UnitedHealth Group
15,Hyun-Suk Kim /Ki-Nam Kim,Technology,"Electronics, Electrical Equip.","Suwon, South Korea",https://www.samsung.com,25,"309,630",Samsung Electronics
16,Ivan Glasenberg,Energy,"Mining, Crude-Oil Production","Baar, Switzerland",https://www.glencore.com,9,"85,504",Glencore
17,Brian S. Tyler,Health Care,Wholesalers: Health Care,"Irving, Texas",https://www.mckesson.com,25,"70,000",McKesson
18,Ola Källenius,Motor Vehicles & Parts,Motor Vehicles and Parts,"Stuttgart, Germany",https://www.daimler.com,25,"298,683",Daimler
19,Larry J. Merlo,Health Care,Health Care: Pharmacy and Other Services,"Woonsocket, R.I.",https://www.cvshealth.com,24,"295,000",CVS Health
20,Patrick Pouyanné,Energy,Petroleum Refining,"Courbevoie, France",https://www.total.com,25,"104,460",Total
21,Guan Qing,Engineering & Construction,"Engineering, Construction",Beijing,https://www.cscec.com,8,"302,827",China State Construction Engineering
22,Jeremy Weir,Wholesalers,Trading,Singapore,https://www.trafigura.com,5,"4,316",Trafigura Group
23,Terry Gou,Technology,"Electronics, Electrical Equip.","New Taipei City, Taiwan",https://www.foxconn.com,15,"667,680",Hon Hai Precision Industry
24,John Elkann,Financials,Diversified Financials,Amsterdam,https://www.exor.com,9,"314,790",EXOR Group
25,Randall L. Stephenson,Telecommunications,Telecommunications,Dallas,https://www.att.com,25,"268,220",AT&T
26,Gu Shu,Financials,Banks: Commercial and Savings,Beijing,https://www.icbc-ltd.com,21,"449,296",Industrial & Commercial Bank of China
27,Steven H. Collis,Health Care,Wholesalers: Health Care,"Chesterbrook, Pa.",https://www.amerisourcebergen.com,20,"20,500",AmerisourceBergen
28,Michael K. Wirth,Energy,Petroleum Refining,"San Ramon, Calif.",https://www.chevron.com,25,"48,600",Chevron
29,Ma Mingzhe,Financials,"Insurance: Life, Health (stock)","Shenzhen, China",https://www.pingan.com,10,"376,900",Ping An Insurance
30,James P. Hackett,Motor Vehicles & Parts,Motor Vehicles and Parts,"Dearborn, Mich.",https://www.corporate.ford.com,25,"199,000",Ford Motor
31,Tian Guoli,Financials,Banks: Commercial and Savings,Beijing,https://www.ccb.com,20,"366,996",China Construction Bank
32,Mary T. Barra,Motor Vehicles & Parts,Motor Vehicles and Parts,Detroit,https://www.gm.com,25,"173,000",General Motors
33,Takehiko Kakiuchi,Wholesalers,Trading,Tokyo,https://www.mitsubishicorp.com,25,"79,994",Mitsubishi
34,Takahiro Hachigo,Motor Vehicles & Parts,Motor Vehicles and Parts,Tokyo,https://www.honda.com,25,"219,722",Honda Motor
35,W. Craig Jelinek,Retailing,General Merchandisers,"Issaquah, Wash.",https://www.costco.com,25,"194,000",Costco Wholesale
36,Zhou Mubing,Financials,Banks: Commercial and Savings,Beijing,https://www.abchina.com,20,"477,526",Agricultural Bank of China
37,Sundar Pichai,Technology,Internet Services and Retailing,"Mountain View, Calif.",https://www.abc.xyz,11,"98,771",Alphabet
38,Michael C. Kaufmann,Health Care,Wholesalers: Health Care,"Dublin, Ohio",https://www.cardinalhealth.com,22,"50,200",Cardinal Health
39,Chen Zhixin,Motor Vehicles & Parts,Motor Vehicles and Parts,Shanghai,https://www.saicmotor.com,8,"147,738",SAIC Motor
40,Stefano Pessina,Food & Drug Stores,Food and Drug Stores,"Deerfield, Ill.",https://www.walgreensbootsalliance.com,25,"299,000",Walgreens Boots Alliance
41,James Dimon,Financials,Banks: Commercial and Savings,New York City,https://www.jpmorganchase.com,25,"256,105",JPMorgan Chase & Co.
42,Alexey B. Miller,Energy,Energy,Moscow,https://www.gazprom.com,23,"466,100",Gazprom
43,Hans E. Vestberg,Telecommunications,Telecommunications,New York City,https://www.verizon.com,25,"144,500",Verizon Communications
44,Liu Liange,Financials,Banks: Commercial and Savings,Beijing,https://www.boc.cn,25,"310,119",Bank of China
45,Oliver Bäte,Financials,"Insurance: Life, Health (stock)",Munich,https://www.allianz.com,25,"142,460",Allianz
46,Thomas Buberl,Financials,"Insurance: Life, Health (stock)",Paris,https://www.axa.com,25,"104,065",AXA
47,W. Rodney McMullen,Food & Drug Stores,Food and Drug Stores,Cincinnati,https://www.thekrogerco.com,25,"453,000",Kroger
48,H. Lawrence Culp Jr.,Industrials,Industrial Machinery,Boston,https://www.ge.com,25,"283,000",General Electric
49,Hugh R. Frater,Financials,Diversified Financials,Washington DC,https://www.fanniemae.com,22,"7,400",Fannie Mae
50,Vagit Y. Alekperov,Energy,Petroleum Refining,Moscow,https://www.lukoil.com,20,"102,500",Lukoil
51,Wang Bin,Financials,"Insurance: Life, Health (stock)",Beijing,https://www.chinalife.com.cn,17,"175,077",China Life Insurance
52,Masatsugu Nagato,Financials,"Insurance: Life, Health (stock)",Tokyo,https://www.japanpost.jp,23,"245,922",Japan Post Holdings
53,Harald Krüger,Motor Vehicles & Parts,Motor Vehicles and Parts,Munich,https://www.bmwgroup.com,25,"134,682",BMW Group
54,Greg C. Garland,Energy,Petroleum Refining,Houston,https://www.phillips66.com,7,"14,200",Phillips 66
55,Zhang Zongyan,Engineering & Construction,"Engineering, Construction",Beijing,https://www.crecg.com,5,"307,992",China Railway Engineering Group
56,Li Yue,Telecommunications,Telecommunications,Beijing,https://www.10086.cn,19,"462,046",China Mobile Communications
57,Joseph W. Gorder,Energy,Petroleum Refining,San Antonio,https://www.valero.com,19,"10,261",Valero Energy
58,Brian T. Moynihan,Financials,Banks: Commercial and Savings,"Charlotte, N.C.",https://www.bankofamerica.com,25,"204,489",Bank of America Corp.
59,Chen Fenjian,Engineering & Construction,"Engineering, Construction",Beijing,https://www.crcc.cn,8,"356,326",China Railway Construction
60,Satya Nadella,Technology,Computer Software,"Redmond, Wash.",https://www.microsoft.com,22,"131,000",Microsoft
61,Ren Zhengfei,Technology,Network and Other Communications Equipment,"Shenzhen, China",https://www.huawei.com,10,"188,000",Huawei Investment & Holding
62,Craig A. Menear,Retailing,Specialty Retailers,Atlanta,https://www.homedepot.com,25,"413,000",Home Depot
63,Yang Hua,Energy,"Mining, Crude-Oil Production",Beijing,https://www.cnooc.com.cn,13,"93,601",China National Offshore Oil
64,Jun Sawada,Telecommunications,Telecommunications,Tokyo,https://www.ntt.co.jp,25,"303,351",Nippon Telegraph & Telephone
65,Masahiro Okafuji,Wholesalers,Trading,"Osaka, Japan",https://www.itochu.co.jp,25,"139,157",Itochu
66,Hiroto Saikawa,Motor Vehicles & Parts,Motor Vehicles and Parts,"Yokohama, Japan",https://www.nissan-global.com,25,"148,513",Nissan Motor
67,Zheng Zhijie,Financials,Banks: Commercial and Savings,Beijing,https://www.cdb.com.cn,3,"9,507",China Development Bank
68,David L. Calhoun,Aerospace & Defense,Aerospace and Defense,Chicago,https://www.boeing.com,25,"153,000",Boeing
69,Charles W. Scharf,Financials,Banks: Commercial and Savings,San Francisco,https://www.wellsfargo.com,22,"258,700",Wells Fargo
70,Josef Kaeser,Industrials,Industrial Machinery,Munich,https://www.siemens.com,25,"379,000",Siemens
71,Michael L. Corbat,Financials,Banks: Commercial and Savings,New York City,https://www.citigroup.com,25,"204,000",Citigroup
72,Gary R. Heminger,Energy,Petroleum Refining,"Findlay, Ohio",https://www.marathonpetroleum.com,8,"60,350",Marathon Petroleum
73,Tae-Won Chey/Dong-Hyun Jang,Energy,Petroleum Refining,Seoul,https://www.sk.co.kr,4,"104,374",SK Holdings
74,Roberto da Cunha Castello Branco,Energy,Petroleum Refining,Rio de Janeiro,https://www.petrobras.com.br,25,"63,361",Petrobras
75,Brian L. Roberts,Telecommunications,Telecommunications,Philadelphia,https://www.comcastcorporation.com,17,"184,000",Comcast
76,Ulf Mark Schneider,"Food, Beverages & Tobacco",Food Consumer Products,"Vevey, Switzerland",https://www.nestle.com,25,"308,000",Nestlé
77,Volkmar Denner,Motor Vehicles & Parts,Motor Vehicles and Parts,"Stuttgart, Germany",https://www.bosch.com,25,"409,881",Bosch Group
78,Andreas Schierenbeck,Energy,Energy,"Düsseldorf, Germany",https://www.uniper.energy,3,"11,828",Uniper
79,Gail K. Boudreaux,Health Care,Health Care: Insurance and Managed Care,Indianapolis,https://www.antheminc.com,18,"63,900",Anthem
80,Wang Xiangming,Health Care,Pharmaceuticals,Hong Kong,https://www.crc.com.hk,10,"421,274",China Resources
81,Alexandre Bompard,Food & Drug Stores,Food and Drug Stores,"Massey, France",https://www.carrefour.com,25,"363,862",Carrefour
82,Li Shaozhu,Motor Vehicles & Parts,Motor Vehicles and Parts,"Wuhan, China",https://www.dfmc.com.cn,10,"167,528",Dongfeng Motor
83,Claudio Descalzi,Energy,Petroleum Refining,Rome,https://www.eni.com,25,"31,701",ENI
84,Michael S. Dell,Technology,"Computers, Office Equipment","Round Rock, Texas",https://www.delltechnologies.com,19,"157,000",Dell Technologies
85,José Antonio Álvarez,Financials,Banks: Commercial and Savings,Madrid,https://www.santander.com,25,"194,015",Banco Santander
86,Igor I. Sechin,Energy,Petroleum Refining,Moscow,https://www.rosneft.com,14,"308,000",Rosneft Oil
87,Xu Liuping,Motor Vehicles & Parts,Motor Vehicles and Parts,"Changchun, China",https://www.faw.com.cn,15,"142,451",China FAW Group
88,Ning Gaoning,Wholesalers,Trading,Beijing,https://www.sinochem.com,24,"66,713",Sinochem Group
89,Francesco Starace,Energy,Utilities,Rome,https://www.enel.com,25,"69,272",Enel
90,Timotheus Höttges,Telecommunications,Telecommunications,"Bonn, Germany",https://www.telekom.com,25,"215,675",Deutsche Telekom
91,Philippe Brassac,Financials,Banks: Commercial and Savings,Paris,https://www.credit-agricole.com,25,"73,346",Crédit Agricole
92,Philippe R. Donnet,Financials,"Insurance: Life, Health (stock)","Trieste, Italy",https://www.generali.com,25,"70,734",Assicurazioni Generali
93,Liu Qitao,Engineering & Construction,"Engineering, Construction",Beijing,https://www.ccccltd.cn,12,"178,572",China Communications Construction
94,Won-Hee Lee /Mong-Koo Chung,Motor Vehicles & Parts,Motor Vehicles and Parts,Seoul,https://www.hyundai.com/worldwide/,24,"122,217",Hyundai Motor
95,Octavio Romero Oropeza,Energy,"Mining, Crude-Oil Production",Mexico City,https://www.pemex.com,25,"131,108",Pemex
96,Carlos Tavares,Motor Vehicles & Parts,Motor Vehicles and Parts,"Rueil-Malmaison, France",https://www.groupe-psa.com,25,"216,539",Peugeot
97,Yan Hao,Engineering & Construction,"Engineering, Construction","Urumqi, China",https://www.cpcg.com.cn,6,"387,525",Pacific Construction Group
98,Masayoshi Son,Telecommunications,Telecommunications,Tokyo,https://group.softbank/en/,12,"76,866",SoftBank Group
99,John Flint,Financials,Banks: Commercial and Savings,London,https://www.hsbc.com,25,"235,217",HSBC Holdings
100,C. Marc Doyle,Chemicals,Chemicals,"Wilmington, Del.",https://www.dupont.com,25,"98,000",DuPont
101,Liu Aili,Transportation,"Mail, Package, and Freight Delivery",Beijing,https://www.chinapost.com.cn,9,"935,191",China Post Group
102,Toshiaki Higashihara,Technology,"Electronics, Electrical Equip.",Tokyo,https://www.hitachi.com,25,"295,941",Hitachi
103,Dave J. Lewis,Food & Drug Stores,Food and Drug Stores,"Welwyn Garden City, Britain",https://www.tescoplc.com,25,"321,490",Tesco
104,Jean-Laurent Bonnafé,Financials,Banks: Commercial and Savings,Paris,https://group.bnpparibas/,25,"197,162",BNP Paribas
105,Tsutomu Sugimori,Energy,Petroleum Refining,Tokyo,https://www.hd.jxtg-group.co.jp,25,"40,695",JXTG Holdings
106,Mukesh D. Ambani,Energy,Petroleum Refining,Mumbai,https://www.ril.com,16,"194,056",Reliance Industries
107,Wang Xiangxi,Energy,"Mining, Crude-Oil Production",Beijing,https://www.shenhuagroup.com.cn,10,"338,472",China Energy Investment
108,Michael L. Tipsord,Financials,Insurance: Property and Casualty (Mutual),"Bloomington, Ill.",https://www.statefarm.com,25,"56,788",State Farm Insurance Cos.
109,Alex Gorsky,Health Care,Pharmaceuticals,"New Brunswick, N.J.",https://www.jnj.com,19,"135,100",Johnson & Johnson
110,Jean-Bernard Lévy,Energy,Utilities,Paris,https://www.edf.fr,25,"165,790",Electricité de France
111,Meng Zhenping,Energy,Utilities,"Guangzhou, China",https://www.csg.cn,15,"289,735",China Southern Power Grid
112,Tang Fuping,Materials,Metals,Beijing,https://www.minmetals.com,13,"199,442",China Minmetals
113,Eldar Saetre,Energy,Petroleum Refining,"Stavanger, Norway",https://www.equinor.com,25,"20,525",Equinor
114,Virginia M. Rometty,Technology,Information Technology Services,"Armonk, N.Y.",https://www.ibm.com,25,"381,100",International Business Machines
115,Martin Bruderm?ller,Chemicals,Chemicals,"Ludwigshafen, Germany",https://www.basf.com,25,"122,404",BASF
116,Kenichiro Yoshida,Technology,"Electronics, Electrical Equip.",Tokyo,https://www.sony.net,25,"114,400",Sony
117,Sanjiv Singh,Energy,Petroleum Refining,New Delhi,https://www.iocl.com,25,"35,442",Indian Oil
118,Motoya Okada,Food & Drug Stores,Food and Drug Stores,"Chiba, Japan",https://www.aeon.info,25,"288,326",AEON
119,Wang Wenyin,Materials,Metals,"Shenzhen, China",https://www.amer.com.cn,7,"16,901",Amer International Group
120,Lakshmi N. Mittal,Materials,Metals,Luxembourg,https://www.arcelormittal.com,15,"208,583",ArcelorMittal
121,Miao Jianmin,Financials,Insurance: Property and Casualty (Stock),Beijing,https://www.picc.com.cn,10,"198,457",People’s Insurance Co. of China
122,Brian C. Cornell,Retailing,General Merchandisers,Minneapolis,https://www.target.com,25,"360,000",Target
123,Guillaume Faury,Aerospace & Defense,Aerospace and Defense,"Leiden, Netherlands",https://www.airbus.com,25,"133,671",Airbus
124,Frank Appel,Transportation,"Mail, Package, and Freight Delivery","Bonn, Germany",https://www.dpdhl.com,25,"499,018",Deutsche Post DHL Group
125,Hiroshi Shimizu,Financials,"Insurance: Life, Health (Mutual)","Osaka, Japan",https://www.nissay.co.jp,25,"89,198",Nippon Life Insurance
126,Isabelle Kocher,Energy,Energy,"Courbevoie, France",https://www.engie.com,24,"160,301",Engie
127,Frans Muller,Food & Drug Stores,Food and Drug Stores,"Zaandam, Netherlands",https://www.aholddelhaize.com,25,"225,000",Royal Ahold Delhaize
128,David M. Brickman,Financials,Diversified Financials,"McLean, Va.",https://www.freddiemac.com,23,"6,621",Freddie Mac
129,Xu Heyi,Motor Vehicles & Parts,Motor Vehicles and Parts,Beijing,https://www.baicgroup.com.cn,7,"127,163",Beijing Automotive Group
130,Chansin Treenuchagron,Energy,Petroleum Refining,Bangkok,https://www.pttplc.com,16,"26,613",PTT
131,Kazuhiro Tsuga,Technology,"Electronics, Electrical Equip.","Osaka, Japan",https://www.panasonic.com/global,25,"271,869",Panasonic
132,David P. Abney,Transportation,"Mail, Package, and Freight Delivery",Atlanta,https://www.ups.com,25,"364,575",United Parcel Service
133,Marvin R. Ellison,Retailing,Specialty Retailers,"Mooresville, N.C.",https://www.lowes.com,22,"245,000",Lowe’s
134,Yu Xubo,Wholesalers,Trading,Beijing,https://www.cofco.com,25,"117,842",COFCO
135,Robert H. Swan,Technology,Semiconductors and Other Electronic Components,"Santa Clara, Calif.",https://www.intel.com,25,"107,400",Intel
136,Megan J. Brennan,Transportation,"Mail, Package, and Freight Delivery",Washington DC,https://www.usps.com,25,"565,802",U.S. Postal Service
137,Chang Zhenming,Financials,Diversified Financials,Beijing,https://www.group.citic,11,"287,500",CITIC Group
138,Hui Ka Yan,Financials,Real estate,"Shenzen, China",https://www.evergrande.com,4,"131,694",China Evergrande Group
139,Richard Qiangdong Liu,Retailing,Internet Services and Retailing,Beijing,https://www.jd.com,4,"178,927",JD.com
140,Jiao Kaihe,Aerospace & Defense,Aerospace and Defense,Beijing,https://www.norincogroup.com.cn,10,"210,507",China North Industries Group
141,Ke Ruiwen,Telecommunications,Telecommunications,Beijing,https://www.chinatelecom.com.cn,20,"403,014",China Telecommunications
142,Michel A. Khalaf,Financials,"Insurance: Life, Health (stock)",New York City,https://www.metlife.com,25,"48,000",MetLife
143,Thierry Bolloré,Motor Vehicles & Parts,Motor Vehicles and Parts,"Boulogne-Billancourt, France",https://www.groupe.renault.com,25,"183,002",Renault
144,Yang Xingqiang,Chemicals,Chemicals,Beijing,https://www.chemchina.com,9,"138,652",ChemChina
145,Joachim Wenning,Financials,Insurance: Property and Casualty (Stock),Munich,https://www.munichre.com,25,"41,410",Munich Re Group
146,David S. Taylor,Household Products,Household and Personal Products,Cincinnati,https://www.pg.com,25,"92,000",Procter & Gamble
147,Masumi Kakinoki,Wholesalers,Trading,Tokyo,https://www.marubeni.com,25,"46,711",Marubeni
148,Gregory J. Hayes,Aerospace & Defense,Aerospace and Defense,"Farmington, Conn.",https://www.utc.com,25,"240,200",United Technologies
149,Chen Derong,Materials,Metals,Shanghai,https://www.baowugroup.com,16,"161,399",China Baowu Steel Group
150,Ren Deqi,Financials,Banks: Commercial and Savings,Shanghai,https://www.bankcomm.com,11,"92,714",Bank of Communications
151,Luo Ronghuai,Aerospace & Defense,Aerospace and Defense,Beijing,https://www.avic.com,11,"446,613",Aviation Industry Corp. of China
152,Frederick W. Smith,Transportation,"Mail, Package, and Freight Delivery",Memphis,https://www.fedex.com,25,"359,530",FedEx
153,Seiji Inagaki,Financials,"Insurance: Life, Health (stock)",Tokyo,https://www.dai-ichi-life-hd.com,25,"62,938",Dai-ichi Life Holdings
154,Ramon L. Laguarta,"Food, Beverages & Tobacco",Food Consumer Products,"Purchase, N.Y.",https://www.pepsico.com,25,"267,000",PepsiCo
155,Juan R. Luciano,"Food, Beverages & Tobacco",Food Production,Chicago,https://www.adm.com,25,"31,600",Archer Daniels Midland
156,Charles F. Lowrey,Financials,"Insurance: Life, Health (stock)","Newark, N.J.",https://www.prudential.com,25,"50,492",Prudential Financial
157,Tatsuo Yasunaga,Wholesalers,Trading,Tokyo,https://www.mitsui.com,25,"43,993",Mitsui
158,Wan Zulkiflee Wan Ariffin,Energy,Petroleum Refining,Kuala Lumpur,https://www.petronas.com,23,"48,001",Petronas
159,Ryuichi Isaka,Food & Drug Stores,Food and Drug Stores,Tokyo,https://www.7andi.com,14,"58,165",Seven & I Holdings
160,Shashi Shanker,Energy,"Mining, Crude-Oil Production",New Delhi,https://www.ongcindia.com,13,"43,743",Oil & Natural Gas
161,Yan Zhiyong,Engineering & Construction,"Engineering, Construction",Beijing,https://www.powerchina.cn,8,"185,269",PowerChina
162,Ichiro Kashitani,Wholesalers,Trading,"Nagoya, Japan",https://www.toyota-tsusho.com,11,"58,565",Toyota Tsusho
163,Severin Schwan,Health Care,Pharmaceuticals,"Basel, Switzerland",https://www.roche.com,25,"94,442",Roche Group
164,Edgard Bonte,Food & Drug Stores,Food and Drug Stores,"Croix, France",https://www.auchan-holding.com,23,"340,577",Auchan Holding
165,Vivek Sankaran,Food & Drug Stores,Food and Drug Stores,"Boise, Idaho",https://www.albertsonscompanies.com,15,"267,000",Albertsons Cos.
166,Mike Kanetsugu,Financials,Banks: Commercial and Savings,Tokyo,https://www.mufg.jp,18,"119,390",Mitsubishi UFJ Financial Group
167,Alan W. Jope,Household Products,Household and Personal Products,London,https://www.unilever.com,25,"154,848",Unilever
168,Michael F. Neidorff,Health Care,Health Care: Insurance and Managed Care,St. Louis,https://www.centene.com,4,"47,300",Centene
169,She Lulin,Health Care,Pharmaceuticals,Beijing,https://www.sinopharm.com,7,"128,600",Sinopharm
170,Robert A. Iger,Media,Entertainment,"Burbank, Calif.",https://www.thewaltdisneycompany.com,25,"201,000",Walt Disney
171,Jeong-Woo Choi,Materials,Metals,Seoul,https://www.posco.com,25,"33,784",POSCO
172,Kevin P. Hourican,Wholesalers,Wholesalers: Food and Grocery,Houston,https://www.sysco.com,25,"67,000",Sysco
173,Enrique J. Lores,Technology,"Computers, Office Equipment","Palo Alto, Calif.",https://www.hp.com,25,"55,000",HP
174,Frédéric Oudéa,Financials,Banks: Commercial and Savings,Paris,https://www.societegenerale.com,23,"140,250",Société Générale
175,Nicke Widyawati,Energy,Petroleum Refining,Jakarta,https://www.pertamina.com,7,"31,569",Pertamina
176,José María Álvarez-Pallete López,Telecommunications,Telecommunications,Madrid,https://www.telefonica.com,25,"120,138",Telefónica
177,Mo Bin,Financials,Real estate,"Foshan, China",https://www.countrygarden.com.cn,3,"131,387",Country Garden Holdings
178,Tomoaki Kobayakawa,Energy,Utilities,Tokyo,https://www.tepco.co.jp,25,"41,086",Tokyo Electric Power
179,Bruce D. Broussard,Health Care,Health Care: Insurance and Managed Care,"Louisville, Ky.",https://www.humana.com,21,"41,600",Humana
180,J. Bruce Flatt,Financials,Diversified Financials,"Toronto, Ontario, Canada",https://www.brookfield.com,3,"100,750",Brookfield Asset Management
181,Chen Jianhua,Industrials,Textiles,"Suzhou City, China",https://www.hengli.com,3,"81,350",Hengli Group
182,Daniel Zhang,Retailing,Internet Services and Retailing,"Hangzhou, China",https://www.alibabagroup.com,3,"101,958",Alibaba Group Holding
183,Rolf Martin Schmitz,Energy,Utilities,"Essen, Germany",https://www.rwe.com,25,"58,441",RWE
184,Mark Zuckerberg,Technology,Internet Services and Retailing,"Menlo Park, Calif.",https://www.facebook.com,3,"35,587",Facebook
185,Seoung-Jin Jo,Technology,"Electronics, Electrical Equip.",Seoul,https://www.lg.com,19,"72,600",LG Electronics
186,Eiji Hashimoto,Materials,Metals,Tokyo,https://www.nipponsteel.com,25,"115,878",Nippon Steel Corporation
187,Sidney Toledano,Apparel,Apparel,Paris,https://www.dior-finance.com,19,"141,914",Christian Dior
188,Tian Huiyu,Financials,Banks: Commercial and Savings,"Shenzhen, China",https://www.cmbchina.com,8,"74,590",China Merchants Bank
189,Zeng Qinghong,Motor Vehicles & Parts,Motor Vehicles and Parts,"Guangzhou, China",https://www.gagc.com.cn,7,"113,474",Guangzhou Automobile Industry Group
190,D. James Umpleby III,Industrials,Construction and Farm Machinery,"Deerfield, Ill.",https://www.caterpillar.com,25,"104,000",Caterpillar
191,C?ndido Botelho Bracher,Financials,Banks: Commercial and Savings,São Paulo,https://www.itau.com.br,6,"100,335",Itaú Unibanco Holding
192,Carlos Brito,"Food, Beverages & Tobacco",Beverages,"Leuven, Belgium",https://www.ab-inbev.com,14,"172,603",Anheuser-Busch InBev
193,JongKap Kim,Energy,Utilities,"Jeollanam-do, South Korea",https://www.kepco.co.kr,25,"46,377",Korea Electric Power
194,Kelcy L. Warren,Energy,Pipelines,Dallas,https://www.energytransfer.com,6,"11,768",Energy Transfer
195,Robert G. Scott,Food & Drug Stores,Food and Drug Stores,"Perth, Australia",https://www.wesfarmers.com.au,11,"217,000",Wesfarmers
196,Daniel Hajj Aboumrad,Telecommunications,Telecommunications,Mexico City,https://www.americamovil.com,13,"194,431",América Móvil
197,Marillyn A. Hewson,Aerospace & Defense,Aerospace and Defense,"Bethesda, Md.",https://www.lockheedmartin.com,25,"105,000",Lockheed Martin
198,Albert Bourla,Health Care,Pharmaceuticals,New York City,https://www.pfizer.com,25,"92,400",Pfizer
199,He Qing,Financials,"Insurance: Life, Health (stock)",Shanghai,https://www.cpic.com.cn,9,"107,741",China Pacific Insurance (Group)
200,Josu Jon Imaz San Miguel,Energy,Petroleum Refining,Madrid,https://www.repsol.com,25,"22,735",Repsol
201,Vasant Narasimhan,Health Care,Pharmaceuticals,"Basel, Switzerland",https://www.novartis.com,25,"125,161",Novartis
202,Zhang Yuliang,Financials,Real estate,Shanghai,https://www.ldjt.com.cn,8,"39,091",Greenland Holding Group
203,Song Zhiping,Materials,"Building Materials, Glass",Beijing,https://www.cnbm.com.cn,9,"207,958",China National Building Material Group
204,David M. Solomon,Financials,Banks: Commercial and Savings,New York City,https://www.goldmansachs.com,20,"36,600",Goldman Sachs Group
205,Elmar Degenhart,Motor Vehicles & Parts,Motor Vehicles and Parts,"Hanover, Germany",https://www.continental-corporation.com,17,"243,226",Continental
206,Xavier Huillard,Engineering & Construction,"Engineering, Construction","Rueil-Malmaison, France",https://www.vinci.com,19,"211,233",Vinci
207,Didier Lévêque,Food & Drug Stores,Food and Drug Stores,Paris,https://www.finatis.fr,5,"218,923",Finatis
208,Richard Lutz,Transportation,Railroads,Berlin,https://www.deutschebahn.com,25,"318,528",Deutsche Bahn
209,Jun Ohta,Financials,Banks: Commercial and Savings,Tokyo,https://www.smfg.co.jp,25,"86,659",Sumitomo Mitsui Financial Group
210,Brian P. Hannasch,Food & Drug Stores,Food and Drug Stores,"Laval, Quebec, Canada",https://corpo.couche-tard.com,6,"130,000",Alimentation Couche-Tard
211,Li Weimin,Energy,"Mining, Crude-Oil Production","Jinan , China",https://www.snjt.com,8,"160,064",Shandong Energy Group
212,Yang Yuanqing,Technology,"Computers, Office Equipment",Hong Kong,https://www.lenovo.com,10,"57,000",Lenovo Group
213,Tao Yiping,Financials,Banks: Commercial and Savings,"Fuzhou, China",https://www.cib.com.cn,7,"59,659",Industrial Bank
214,Yu Yong,Materials,Metals,"Shijiazhuang, China",https://www.hbisco.com,11,"118,656",HBIS Group
215,Guido Kerkhoff,Materials,Metals,"Essen, Germany",https://www.thyssenkrupp.com,25,"161,096",ThyssenKrupp
216,Gao Guofu,Financials,Banks: Commercial and Savings,Shanghai,https://www.spdb.com.cn,7,"55,692",Shanghai Pudong Development Bank
217,Nick Read,Telecommunications,Telecommunications,"Newbury, Britain",https://www.vodafone.com,20,"98,996",Vodafone Group
218,James P. Gorman,Financials,Banks: Commercial and Savings,New York City,https://www.morganstanley.com,22,"60,348",Morgan Stanley
219,Gilberto Tomazoni,"Food, Beverages & Tobacco",Food Production,São Paulo,https://jbss.infoinvest.com.br/,10,"230,086",JBS
220,Li Shufu,Motor Vehicles & Parts,Motor Vehicles and Parts,"Hangzhou, China",https://www.geely.com,8,"124,846",Zhejiang Geely Holding Group
221,Octavio de Lazari,Financials,Banks: Commercial and Savings,"Osasco, Brazil",https://www.bradesco.com.br,23,"86,772",Banco Bradesco
222,Yasuyoshi Karasawa,Financials,Insurance: Property and Casualty (Stock),Tokyo,https://www.ms-ad-hd.com,21,"41,467",MS&AD Insurance Group Holdings
223,Laurent Mignon,Financials,Banks: Commercial and Savings,Paris,https://www.groupebpce.com,10,"100,245",Groupe BPCE
224,Tsuyoshi Nagano,Financials,Insurance: Property and Casualty (Stock),Tokyo,https://www.tokiomarinehd.com,25,"40,848",Tokio Marine Holdings
225,Charles H. Robbins,Technology,Network and Other Communications Equipment,"San Jose, Calif.",https://www.cisco.com,20,"74,200",Cisco Systems
226,Pierre-André de Chalendar,Materials,"Building Materials, Glass","Courbevoie, France",https://www.saint-gobain.com,25,"181,001",Saint-Gobain
227,Han-Woo Park,Motor Vehicles & Parts,Motor Vehicles and Parts,Seoul,https://www.kia.com,8,"52,578",Kia Motors
228,Stéphane Richard,Telecommunications,Telecommunications,Paris,https://www.orange.com,25,"150,711",Orange
229,David M. Cordani,Health Care,Health Care: Insurance and Managed Care,"Bloomfield, Conn.",https://www.cigna.com,24,"73,800",Cigna
230,Koji Arima,Motor Vehicles & Parts,Motor Vehicles and Parts,"Kariya, Japan",https://www.denso.com/global,25,"171,992",Denso
231,Masayuki Hyodo,Wholesalers,Trading,Tokyo,https://www.sumitomocorp.co.jp,25,"65,662",Sumitomo
232,Zheng Wanchun,Financials,Banks: Commercial and Savings,Beijing,https://www.cmbc.com.cn%20,7,"58,338",China Minsheng Banking
233,Brad Banducci,Food & Drug Stores,Food and Drug Stores,"Bella Vista, Australia",https://www.woolworthslimited.com.au,23,"201,522",Woolworths Group
234,Onur Genç,Financials,Banks: Commercial and Savings,"Bilbao, Spain",https://www.bbva.com,25,"125,627",Banco Bilbao Vizcaya Argentaria
235,Brian Duperreault,Financials,Insurance: Property and Casualty (Stock),New York City,https://www.aig.com,24,"49,600",American International Group
236,Rajnish Kumar,Financials,Banks: Commercial and Savings,Mumbai,https://www.sbi.co.in,14,"257,252",State Bank of India
237,Pony Ma,Technology,Internet Services and Retailing,"Shenzhen, China",https://www.tencent.com,3,"54,309",Tencent Holdings
238,Mario Greco,Financials,Insurance: Property and Casualty (Stock),Zurich,https://www.zurich.com,25,"52,267",Zurich Insurance Group
239,Christian Sewing,Financials,Banks: Commercial and Savings,Frankfurt,https://www.db.com,25,"91,737",Deutsche Bank
240,Werner Baumann,Health Care,Pharmaceuticals,"Leverkusen, Germany",https://www.bayer.com,25,"116,998",Bayer
241,Samuel N. Hazen,Health Care,Health Care: Medical Facilities,Nashville,https://www.hcahealthcare.com,25,"229,000",HCA Healthcare
242,Zhang Zhengao,Financials,Real estate,Beijing,https://www.poly.com.cn,5,"97,527",China Poly Group
243,Hu Wenming,Transportation,Shipping,Beijing,https://www.csic.com.cn,9,"165,274",China Shipbuilding Industry
244,Li Jianhong,Transportation,"Mail, Package, and Freight Delivery",Hong Kong,https://www.cmhk.com,2,"115,281",China Merchants Group
245,Makoto Takahashi,Telecommunications,Telecommunications,Tokyo,https://www.kddi.com,22,"41,996",KDDI
246,Andrew Mackenzie,Energy,"Mining, Crude-Oil Production",Melbourne,https://www.bhp.com,25,"27,161",BHP Group
247,Gregory A. Heckman,"Food, Beverages & Tobacco",Food Production,"White Plains, N.Y.",https://www.bunge.com,17,"31,000",Bunge
248,Antoine Lissowski,Financials,"Insurance: Life, Health (stock)",Paris,https://www.cnp.fr,25,"5,243",CNP Assurances
249,Wang Tingge,Wholesalers,Trading,"Hangzhou, China",https://www.wzgroup.com,9,"20,142",Wuchan Zhongda Group
250,Zhang Xiaolum,Industrials,Industrial Machinery,Beijing,https://www.sinomach.com.cn,9,"147,099",Sinomach
251,Yu Dehui,Materials,Metals,Beijing,https://www.chalco.com.cn,12,"124,965",Aluminum Corp. of China
252,Yousef Abdullah Al-Benyan,Chemicals,Chemicals,Riyadh,https://www.sabic.com,15,"33,000",SABIC
253,Martin Lundstedt,Motor Vehicles & Parts,Motor Vehicles and Parts,"Göteborg, Sweden",https://www.volvogroup.com,25,"98,652",Volvo
254,Zhu Jiusheng,Financials,Real estate,"Shenzhen, China",https://www.vanke.com,4,"104,300",China Vanke
255,Herman O. Gref,Financials,Banks: Commercial and Savings,Moscow,https://www.sberbank.ru,12,"293,752",Sberbank
256,David I. McKay,Financials,Banks: Commercial and Savings,"Toronto, Ontario, Canada",https://www.rbc.com,25,"81,870",Royal Bank of Canada
257,W. Douglas Parker,Transportation,Airlines,Fort Worth,https://www.aa.com,25,"128,900",American Airlines Group
258,Kuok Khoon Hong,"Food, Beverages & Tobacco",Food Production,Singapore,https://www.wilmar-international.com,11,"90,000",Wilmar International
259,Syh-Jang Liao,Technology,"Electronics, Electrical Equip.",Taipei,https://www.pegatroncorp.com,7,"156,477",Pegatron
260,Edward H. Bastian,Transportation,Airlines,Atlanta,https://www.delta.com,25,"88,680",Delta Air Lines
261,Tae-Jong Lee,Financials,"Insurance: Life, Health (stock)",Seoul,https://www.hanwhacorp.co.kr,14,"58,070",Hanwha
262,Wang Xiaochu,Telecommunications,Telecommunications,Beijing,https://www.chinaunicom-a.com,11,"246,299",China United Network Communications
263,Yang Yue,Energy,"Mining, Crude-Oil Production","""Xi'an, China""",https://www.sxycpc.com,7,"136,016",Shaanxi Yanchang Petroleum (Group)
264,Thomas M. Rutledge,Telecommunications,Telecommunications,"Stamford, Conn.",https://www.charter.com,3,"98,000",Charter Communications
265,Guenter Butschek,Motor Vehicles & Parts,Motor Vehicles and Parts,Mumbai,https://www.tatamotors.com,10,"81,090",Tata Motors
266,Wolf-Henning Scheider,Motor Vehicles & Parts,Motor Vehicles and Parts,"Friedrichshafen, Germany",https://www.zf.com,6,"148,969",ZF Friedrichshafen
268,Theodore A. Mathas,Financials,"Insurance: Life, Health (Mutual)",New York City,https://www.newyorklife.com,25,"11,388",New York Life Insurance
269,Rubem de Freitas Novaes,Financials,Banks: Commercial and Savings,Bras?lia,https://www.bb.com.br,25,"96,889",Banco do Brasil
270,Stephen J. Squeri,Financials,Diversified Financials,New York City,https://www.americanexpress.com,25,"59,000",American Express
271,Kirt A. Walker,Financials,Insurance: Property and Casualty (Mutual),"Columbus, Ohio",https://www.nationwide.com,25,"30,472",Nationwide
272,Marcelino Fernández Verdes,Engineering & Construction,"Engineering, Construction",Madrid,https://www.grupoacs.com,15,"195,461",ACS
273,Zhang Bo,Industrials,Textiles,"Shandong, China",https://www.weiqiaocy.com,8,"106,044",Shandong Weiqiao Pioneering Group
274,Sergio P. Ermotti,Financials,Banks: Commercial and Savings,Zurich,https://www.ubs.com,25,"66,888",UBS Group
275,D. Rajkumar,Energy,Petroleum Refining,Mumbai,https://www.bharatpetroleum.in,16,"12,865",Bharat Petroleum
276,Corie Barry,Retailing,Specialty Retailers,"Richfield, Minn.",https://www.bestbuy.com,21,"125,000",Best Buy
277,Huang Wenzhou,Wholesalers,Trading,"Xiamen, China",https://www.chinacdc.com,3,"24,016",Xiamen C&D
278,David H. Long,Financials,Insurance: Property and Casualty (Stock),Boston,https://www.libertymutual.com,25,"50,000",Liberty Mutual Insurance Group
279,Xu Lirong,Transportation,Shipping,Shanghai,https://www.coscoshipping.com,12,"111,397",China COSCO Shipping
280,Ben Keswick,Motor Vehicles & Parts,Motor Vehicles and Parts,Hong Kong,https://www.jardines.com,20,"469,000",Jardine Matheson
281,Yang Zhaoqian,Energy,"Mining, Crude-Oil Production","""Xi'an, China""",https://www.shccig.com,5,"120,095",Shaanxi Coal & Chemical Industry
282,Torsten Leue,Financials,Insurance: Property and Casualty (Stock),"Hanover, Germany",https://www.talanx.com,6,"20,780",Talanx
283,Zhou Qiang,Wholesalers,Trading,Beijing,https://www.cnaf.com,9,"13,181",China National Aviation Fuel Group
284,Carsten Spohr,Transportation,Airlines,"Cologne, Germany",https://www.lufthansagroup.com,25,"115,882",Lufthansa Group
285,Kenneth C. Frazier,Health Care,Pharmaceuticals,"Kenilworth, N.J.",https://www.merck.com,25,"69,000",Merck
286,Shu Yinbiao,Energy,Energy,Beijing,https://www.chng.com.cn,11,"136,031",China Huaneng Group
287,Martin Bouygues,Engineering & Construction,"Engineering, Construction",Paris,https://www.bouygues.com,25,"129,275",Bouygues
288,Olivier Brandicourt,Health Care,Pharmaceuticals,Paris,https://www.sanofi.com,15,"104,226",Sanofi
289,Li Xiaopeng,Financials,Banks: Commercial and Savings,Beijing,https://www.ebchina.com,5,"70,000",China Everbright Group
290,Darius E. Adamczyk,Industrials,"Electronics, Electrical Equip.","Morris Plains, N.J.",https://www.honeywell.com,25,"114,000",Honeywell International
291,Xu Xiaoxi,Wholesalers,Trading,"Xiamen, China",https://www.itgholding.com.cn,3,"23,159",Xiamen ITG Holding Group
292,José Ignacio Sánchez Galán,Energy,Utilities,"Bilbao, Spain",https://www.iberdrola.com,15,"33,216",Iberdrola
293,Oscar Munoz,Transportation,Airlines,Chicago,https://www.united.com,24,"92,000",United Airlines Holdings
294,Søren Skou,Transportation,Shipping,Copenhagen,https://www.maersk.com,16,"84,404",Maersk Group
295,Bharat B. Masrani,Financials,Banks: Commercial and Savings,"Toronto, Ontario, Canada",https://www.td.com,20,"84,383",Toronto-Dominion Bank
296,Emma N. Walmsley,Health Care,Pharmaceuticals,"Brentford, Britain",https://www.gsk.com,25,"95,490",GlaxoSmithKline
297,Roger W. Ferguson Jr.,Financials,"Insurance: Life, Health (Mutual)",New York City,https://www.tiaa.org,22,"17,643",TIAA
298,Julie Sweet,Technology,Information Technology Services,Dublin,https://www.accenture.com,18,"459,000",Accenture
299,Donald J. Walker,Motor Vehicles & Parts,Motor Vehicles and Parts,"Aurora, Ontario, Canada",https://www.magna.com,19,"174,000",Magna International
300,Takeshi Sugiyama,Industrials,"Electronics, Electrical Equip.",Tokyo,https://www.mitsubishielectric.com,25,"145,817",Mitsubishi Electric
301,Zhang Jing,Wholesalers,Trading,"Guangzhou, China",https://www.cedarhd.com,2,"31,547",Cedar Holdings Group
302,Ian McIntosh,"Food, Beverages & Tobacco",Food Production,Rotterdam,https://www.ldc.com,6,"16,785",Louis Dreyfus
303,Jean-Sébastien Jacques,Energy,"Mining, Crude-Oil Production",London,https://www.riotinto.com,14,"47,458",Rio Tinto Group
304,Markus Mosa,Wholesalers,Wholesalers: Food and Grocery,Hamburg,https://www.edeka-verbund.de,21,"376,000",Edeka Zentrale
305,Pedro Duarte Guimaraes,Financials,Banks: Commercial and Savings,Bras?lia,https://www.caixa.gov.br,1,"84,952",Caixa Econômica Federal
306,Noel White,"Food, Beverages & Tobacco",Food Production,"Springdale, Ark.",https://www.tysonfoods.com,18,"121,000",Tyson Foods
307,Safra A. Catz,Technology,Computer Software,"Redwood City, Calif.",https://www.oracle.com,13,"137,000",Oracle
308,Thomas J. Wilson,Financials,Insurance: Property and Casualty (Stock),"Northbrook, Ill.",https://www.allstate.com,24,"45,420",Allstate
309,Michael J. Kasbar,Energy,Energy,Miami,https://www.wfscorp.com,8,"5,000",World Fuel Services
310,Ralph Hamers,Financials,Banks: Commercial and Savings,Amsterdam,https://www.ing.com,25,"53,768",ING Group
311,Iain C. Conn,Energy,Utilities,"Windsor, Britain",https://www.centrica.com,22,"31,780",Centrica
312,Fang Hongbo,Industrials,"Electronics, Electrical Equip.","Foshan, China",https://www.midea.com,4,"114,765",Midea Group
313,Stephan Sturm,Health Care,Health Care: Medical Facilities,"Bad Homburg, Germany",https://www.fresenius.com,10,"276,750",Fresenius
314,Roger W. Crandall,Financials,"Insurance: Life, Health (Mutual)","Springfield, Mass.",https://www.massmutual.com,23,"9,844",Massachusetts Mutual Life Insurance
315,Carlo Messina,Financials,Banks: Commercial and Savings,"Turin, Italy",https://www.group.intesasanpaolo.com,21,"92,117",Intesa Sanpaolo
316,Bhavesh V. Patel,Chemicals,Chemicals,Rotterdam,https://www.lyondellbasell.com,12,"19,450",LyondellBasell Industries
317,Ernie L. Herrman,Retailing,Specialty Retailers,"Framingham, Mass.",https://www.tjx.com,18,"270,000",TJX
318,Li Xiyong,Energy,"Mining, Crude-Oil Production","Shandong, China",https://www.ykjt.cn,2,"104,668",Yankuang Group
319,Ryan M. Lance,Energy,"Mining, Crude-Oil Production",Houston,https://www.conocophillips.com,25,"10,800",ConocoPhillips
320,James E. Staley,Financials,Banks: Commercial and Savings,London,https://www.home.barclays,25,"83,500",Barclays
321,Michael Coupe,Food & Drug Stores,Food and Drug Stores,London,https://www.about.sainsburys.co.uk,25,"116,400",J. Sainsbury
322,Gao Hongwei,Aerospace & Defense,Aerospace and Defense,Beijing,https://www.casic.com.cn,4,"146,346",China Aerospace Science & Industry
323,Wu Yansheng,Aerospace & Defense,Aerospace and Defense,Beijing,https://www.spacechina.com,5,"179,788",China Aerospace Science & Technology
324,Akio Negishi,Financials,"Insurance: Life, Health (Mutual)",Tokyo,https://www.meijiyasuda.co.jp,25,"42,950",Meiji Yasuda Life Insurance
325,Galen G. Weston,Food & Drug Stores,Food and Drug Stores,"Toronto, Ontario, Canada",https://www.weston.ca,25,"197,000",George Weston
326,Guillaume Pepy,Transportation,Railroads,"St. Denis, France",https://www.sncf.com,25,"203,865",SNCF Mobilités
327,Takeo Higuchi,Engineering & Construction,"Engineering, Construction","Osaka, Japan",https://www.daiwahouse.co.jp,15,"44,947",Daiwa House Industry
328,Peter Voser,Industrials,Industrial Machinery,Zurich,https://www.abb.com,25,"146,600",ABB
329,John C. May,Industrials,Construction and Farm Machinery,"Moline, Ill.",https://www.johndeere.com,25,"74,413",Deere
330,Richard T. Hume,Wholesalers,Wholesalers: Electronics and Office Equipment,"Clearwater, Fla.",https://www.techdata.com,21,"14,000",Tech Data
331,Paul Desmarais /André Desmarais,Financials,"Insurance: Life, Health (stock)","Montreal, Quebec, Canada",https://www.powercorporation.com,21,"30,000",Power Corp. of Canada
332,Christian Mumenthaler,Financials,Insurance: Property and Casualty (Stock),Zurich,https://www.swissre.com,25,"14,943",Swiss Re
333,Hou Enlong,Retailing,Specialty Retailers,"Nanjing, China",https://www.suning.com,3,"130,455",Suning.com Group
334,Seiji Izumisawa,Industrials,Industrial Machinery,Tokyo,https://www.mhi.com,25,"80,744",Mitsubishi Heavy Industries
335,Seok-Hee Lee,Technology,Semiconductors and Other Electronic Components,"Gyeonggi, South Korea",https://www.skhynix.com,2,"33,000",SK Hynix
336,Eduardo de Salles Bartolomeo,Energy,"Mining, Crude-Oil Production",Rio de Janeiro,https://www.vale.com,13,"70,270",Vale
337,A. James Teague,Energy,Pipelines,Houston,https://www.enterpriseproducts.com,9,"7,000",Enterprise Products Partners
338,Zhang Shuili,Wholesalers,Trading,"Xiamen City, China",https://www.xiangyu-group.com,2,"10,350",XMXYG
339,Kiyotaka Ise,Motor Vehicles & Parts,Motor Vehicles and Parts,"Kariya, Japan",https://www.aisin.com,18,"119,732",Aisin Seiki
340,Shen Bin,Materials,Metals,"Zhangjiagang, China",https://www.shasteel.cn,11,"31,290",Jiangsu Shagang Group
341,John J. Donahoe II,Apparel,Apparel,"Beaverton, Ore.",https://www.nike.com,13,"73,100",Nike
342,Randall T. Jones Sr.,Food & Drug Stores,Food and Drug Stores,"Lakeland, Fla.",https://www.publix.com,25,"202,000",Publix Super Markets
343,Phebe N. Novakovic,Aerospace & Defense,Aerospace and Defense,"Falls Church, Va.",https://www.generaldynamics.com,19,"105,600",General Dynamics
344,Christopher M. Crane,Energy,Utilities,Chicago,https://www.exeloncorp.com,16,"33,383",Exelon
345,Fujio Mitarai,Technology,"Computers, Office Equipment",Tokyo,https://www.canon.com,25,"195,056",Canon
346,Al Monaco,Energy,Pipelines,"Calgary, Alberta, Canada",https://www.enbridge.com,6,"12,000",Enbridge
347,Yang GuoZhan,Energy,"Mining, Crude-Oil Production","Xingtai, China",https://www.jznyjt.com,9,"112,859",Jizhong Energy Group
348,Johannes Teyssen,Energy,Energy,"Essen, Germany",https://www.eon.com,25,"43,302",E.ON
349,Tatsuya Tanaka,Technology,Information Technology Services,Tokyo,https://www.fujitsu.com,25,"132,138",Fujitsu
350,Tatsufumi Sakai,Financials,Banks: Commercial and Savings,Tokyo,https://www.mizuho-fg.co.jp,19,"59,132",Mizuho Financial Group
351,Hitoshi Ochi,Chemicals,Chemicals,Tokyo,https://www.mitsubishichem-hd.co.jp,25,"72,020",Mitsubishi Chemical Holdings
352,"Li Tzar Kuoi, Victor /Fok Kin Ning, Canning",Retailing,Specialty Retailers,Hong Kong,https://www.ckh.com.hk,4,"300,000",CK Hutchison Holdings
353,Ant?nio Horta-Os?rio,Financials,Banks: Commercial and Savings,London,https://www.lloydsbankinggroup.com,25,"64,928",Lloyds Banking Group
354,Shunichi Kito,Energy,Petroleum Refining,Tokyo,https://www.idemitsu.com,25,"9,476",Idemitsu Kosan
355,Matteo Del Fante,Financials,"Insurance: Life, Health (stock)",Rome,https://www.posteitaliane.it,14,"132,388",Poste Italiane
356,Koji Kakigi,Materials,Metals,Tokyo,https://www.jfe-holdings.co.jp,17,"62,083",JFE Holdings
357,Toshihiro Suzuki,Motor Vehicles & Parts,Motor Vehicles and Parts,"Hamamatsu, Japan",https://www.globalsuzuki.com,25,"67,721",Suzuki Motor
358,Long Ziping,Materials,Metals,"Guixi, China",https://www.jxcc.com,7,"23,194",Jiangxi Copper
359,Sun Yongcai,Industrials,Industrial Machinery,Beijing,https://www.crrcgc.cc,1,"187,959",CRRC Group
360,Tidjane Thiam,Financials,Banks: Commercial and Savings,Zurich,https://www.credit-suisse.com,25,"45,680",Credit Suisse Group
361,Sun Jianfen,Materials,Metals,"Wenzhou, China",https://www.tssgroup.com.cn,1,"56,088",Tsingshan Holding Group
362,Qian Zhimin,Energy,Energy,Beijing,https://www.spic.com.cn,8,"124,678",State Power Investment
363,C.C. Wei,Technology,Semiconductors and Other Electronic Components,"Hsinchu, Taiwan",https://www.tsmc.com,5,"48,752",Taiwan Semiconductor Manufacturing
364,Wang Jianping,Engineering & Construction,"Engineering, Construction",Beijing,https://www.ceec.net.cn,6,"129,929",China Energy Engineering Group
365,Barry Lam,Technology,"Computers, Office Equipment","Taoyuan, Taiwan",https://www.quantatw.com,14,"112,421",Quanta Computer
366,Wilfred C.W. Chiang,Energy,Pipelines,Houston,https://www.plainsallamerican.com,5,"4,900",Plains GP Holdings
367,Gong Yande,Aerospace & Defense,Aerospace and Defense,Beijing,https://www.csgc.com.cn,10,"198,932",China South Industries Group
368,Lin Tengjiao,Financials,Diversified Financials,"Fuzhou, China",https://www.yangholdings.com,3,"21,849",Yango Longking Group
369,Wang Yongqian,Materials,Metals,"Jinchang City, China",https://www.jnmc.com,1,"27,594",Jinchuan Group
370,Xiong Qun Li,Aerospace & Defense,Aerospace and Defense,Beijing,https://www.cetc.com.cn,4,"179,636",China Electronics Technology Group
371,Nobuaki Kurumatani,Technology,"Electronics, Electrical Equip.",Tokyo,https://www.toshiba.co.jp,24,"128,697",Toshiba
372,Michael A. Wells,Financials,"Insurance: Life, Health (stock)",London,https://www.prudential.co.uk,24,"23,792",Prudential
373,Matthew Comyn,Financials,Banks: Commercial and Savings,Sydney,https://www.commbank.com.au,15,"45,753",Commonwealth Bank of Australia
374,Masaaki Tsuya,Motor Vehicles & Parts,Motor Vehicles and Parts,Tokyo,https://www.bridgestone.com,25,"143,509",Bridgestone
375,Rui Xiaowu,Technology,"Electronics, Electrical Equip.",Beijing,https://www.cec.com.cn,9,"135,297",China Electronics
376,Sae-Hong Huh,Energy,Petroleum Refining,Seoul,https://www.gscaltex.com,8,"3,212",GS Caltex
377,Kengo Sakurada,Financials,Insurance: Property and Casualty (Stock),Tokyo,https://www.sompo-hd.com,23,"49,837",Sompo Holdings
378,Masahiro Hashimoto,Financials,"Insurance: Life, Health (Mutual)","Osaka, Japan",https://www.sumitomolife.co.jp,25,"42,848",Sumitomo Life Insurance
379,Olivier Le Peuch,Energy,"Oil and Gas Equipment, Services",Houston,https://www.slb.com,19,"100,000",Schlumberger
380,Michael F. Roman,Industrials,Miscellaneous,"St. Paul, Minn.",https://www.3m.com,25,"93,516",3M
381,Richard A. Gonzalez,Health Care,Pharmaceuticals,"North Chicago, Ill.",https://www.abbvie.com,4,"30,000",AbbVie
382,Evan G. Greenberg,Financials,Insurance: Property and Casualty (Stock),Zurich,https://www.chubb.com,3,"32,700",Chubb
383,Jay D. Debertin,"Food, Beverages & Tobacco",Food Production,"Inver Grove Heights, Minn.",https://www.chsinc.com,12,"10,495",CHS
384,Jack Bowles,"Food, Beverages & Tobacco",Tobacco,London,https://www.bat.com,22,"63,877",British American Tobacco
385,Yao Lin,Materials,Metals,"Anshan, China",https://www.ansteel.cn,6,"136,319",Ansteel Group
386,Wen Shugang,Energy,Utilities,Beijing,https://www.chd.com.cn,8,"97,629",China Huadian
387,Richard D. Fairbank,Financials,Banks: Commercial and Savings,"McLean, Va.",https://www.capitalone.com,9,"47,600",Capital One Financial
388,Ng Keng Hooi,Financials,"Insurance: Life, Health (stock)",Hong Kong,https://www.aia.com,5,"22,000",AIA Group
389,Akira Marumoto,Motor Vehicles & Parts,Motor Vehicles and Parts,Hiroshima,https://www.mazda.com,25,"49,998",Mazda Motor
390,Martin Wong,Technology,"Computers, Office Equipment",Taipei,https://www.compal.com,8,"82,374",Compal Electronics
391,Susan Patricia Griffith,Financials,Insurance: Property and Casualty (Stock),"Mayfield Village, Ohio",https://www.progressive.com,6,"37,346",Progressive
392,Cornelius Riese /Uwe Fr_hlich,Financials,Banks: Commercial and Savings,Frankfurt,https://www.dzbank.com,25,"28,682",DZ Bank
393,Chung-Kook Park,Motor Vehicles & Parts,Motor Vehicles and Parts,Seoul,https://www.mobis.co.kr,8,"34,782",Hyundai Mobis
394,Shun-Chin Lee,Energy,Petroleum Refining,"Kaohsiung , Taiwan",https://www.cpc.com.tw,19,"15,712",CPC
395,James R. Quincey,"Food, Beverages & Tobacco",Beverages,Atlanta,https://www.coca-colacompany.com,25,"62,600",Coca-Cola
396,Jean-Paul Agon,Household Products,Household and Personal Products,"Clichy, France",https://www.loreal.com,25,"86,030",L’Oréal
397,Albert Manifold,Materials,"Building Materials, Glass",Dublin,https://www.crh.com,16,"89,831",CRH
398,Brian J. Porter,Financials,Banks: Commercial and Savings,"Toronto, Ontario, Canada",https://www.scotiabank.com,22,"97,629",Bank of Nova Scotia
399,George R. Oliver,Industrials,Industrial Machinery,"Cork, Ireland",https://www.johnsoncontrols.com,15,"122,000",Johnson Controls International
400,Wayne Peacock,Financials,Insurance: Property and Casualty (Stock),San Antonio,https://www.usaa.com,6,"33,689",USAA
401,Benjamin M. Smith,Transportation,Airlines,Paris,https://www.airfranceklm.com,23,"81,527",Air France-KLM Group
402,Zhang Gongyan,Materials,Metals,Beijing,https://www.shougang.com.cn,8,"108,086",Shougang Group
403,Dominic Blakemore,Business Services,Food Services,"Chertsey, Britain",https://www.compass-group.com,18,"595,841",Compass Group
404,Antonio Neri,Technology,"Computers, Office Equipment","Palo Alto, Calif.",https://www.hpe.com,3,"60,000",Hewlett Packard Enterprise
405,Philip Jansen,Telecommunications,Telecommunications,London,"https://www,btplc.com",25,"106,700",BT Group
406,Pablo Isla Álvarez de Tejera,Retailing,Specialty Retailers,"Arteixo, Spain",https://www.inditex.com,4,"174,386",Inditex
407,Antoine Frérot,Energy,Utilities,"Aubervilliers, France",https://www.veolia.com,17,"170,819",Veolia Environnement
408,Miles D. White,Health Care,Medical Products and Equipment,"Abbott Park, Ill.",https://www.abbott.com,21,"103,000",Abbott Laboratories
409,Sanjay Mehrotra,Technology,Semiconductors and Other Electronic Components,"Boise, Idaho",https://www.micron.com,1,"36,000",Micron Technology
410,Daniel Obajtek,Energy,Petroleum Refining,"Plock, Poland",https://www.orlen.pl,12,"21,282",PKN ORLEN Group
411,Jean-Pascal Tricoire,Industrials,"Electronics, Electrical Equip.","Rueil-Malmaison, France",https://www.schneider-electric.com,18,"137,534",Schneider Electric
412,Oliver Windholz,Health Care,Wholesalers: Health Care,"Mannheim, Germany",https://www.phoenixgroup.eu,9,"29,631",Phoenix Pharma
413,Alan D. Schnitzer,Financials,Insurance: Property and Casualty (Stock),New York City,https://www.travelers.com,16,"30,400",Travelers Cos.
414,Dong Mingzhu,Industrials,"Electronics, Electrical Equip.","Zhuhai, China",https://www.gree.com,1,"88,800",Gree Electric Appliances
415,Joos Sutter,Food & Drug Stores,Food and Drug Stores,"Basel, Switzerland",https://www.coop.ch,10,"77,448",Coop Group
416,Kathy J. Warden,Aerospace & Defense,Aerospace and Defense,"Falls Church, Va.",https://www.northropgrumman.com,20,"85,000",Northrop Grumman
417,Mark S. Little,Energy,Petroleum Refining,"Calgary, Alberta, Canada",https://www.suncor.com,10,"12,480",Suncor Energy
418,Roy Gori,Financials,"Insurance: Life, Health (stock)","Toronto, Ontario, Canada",https://www.manulife.com,17,"34,000",Manulife Financial
419,Omar S. Ishrak,Health Care,Medical Products and Equipment,Dublin,https://www.medtronic.com,3,"98,003",Medtronic
420,Shigeki Iwane,Energy,Utilities,"Osaka, Japan",https://www.kepco.co.jp,25,"32,597",Kansai Electric Power
421,Michael J. Long,Wholesalers,Wholesalers: Electronics and Office Equipment,"Centennial, Colo.",https://www.arrow.com,6,"20,100",Arrow Electronics
422,André Calantzopoulos,"Food, Beverages & Tobacco",Tobacco,New York City,https://www.pmi.com,11,"77,400",Philip Morris International
423,Levent Çakiroglu,Energy,Energy,Istanbul,https://www.koc.com.tr,18,"92,631",Koç Holding
424,Simon Lin,Technology,"Computers, Office Equipment",Taipei,https://www.wistron.com,4,"82,955",Wistron
425,Jean Pierre Mustier,Financials,Banks: Commercial and Savings,Milan,https://www.unicreditgroup.eu,24,"86,786",UniCredit Group
426,Sung-Chul Hyun,Financials,"Insurance: Life, Health (stock)",Seoul,https://www.samsunglife.com,23,"5,420",Samsung Life Insurance
427,William R. McDermott,Technology,Computer Software,"Walldorf, Germany",https://www.sap.com,4,"96,498",SAP
428,Philippe Wahl,Transportation,"Mail, Package, and Freight Delivery",Paris,https://www.groupelaposte.com,24,"233,076",La Poste
429,John E. Schlifske,Financials,"Insurance: Life, Health (Mutual)",Milwaukee,https://www.northwesternmutual.com,25,"5,870",Northwestern Mutual
430,Francisco Reynés Massanet,Energy,Utilities,Madrid,https://www.naturgy.com,11,"13,945",Naturgy Energy Group
431,Fabrice Zumbrunnen,Food & Drug Stores,Food and Drug Stores,Zurich,https://www.migros.ch,25,"79,913",Migros Group
432,Emmanuel Faber,"Food, Beverages & Tobacco",Food Consumer Products,Paris,https://www.danone.com,25,"105,783",Danone
433,Brian C. Hartzer,Financials,Banks: Commercial and Savings,Sydney,https://www.westpac.com.au,15,"35,029",Westpac Banking
434,Jong Kyoo Yoon,Financials,Banks: Commercial and Savings,Seoul,https://www.kbfg.com,7,"27,040",KB Financial Group
435,Willie Walsh,Transportation,Airlines,"Harmondsworth, Britain",https://www.iairgroup.com,22,"64,734",International Airlines Group
436,Shuichi Watanabe,Health Care,Wholesalers: Health Care,Tokyo,https://www.medipal.co.jp,17,"15,623",Medipal Holdings
437,Masayoshi Matsumoto,Motor Vehicles & Parts,Motor Vehicles and Parts,"Osaka, Japan",https://www.global-sei.com,25,"272,796",Sumitomo Electric Industries
438,Chen Feihu,Energy,Energy,Beijing,https://www.china-cdt.com,10,"93,800",China Datang
439,Shang Jiqiang,Wholesalers,Trading,"Urumqi, China",https://www.guanghui.com,3,"82,175",Xinjiang Guanghui Industry Investment
440,Tomomi Nakamura,Motor Vehicles & Parts,Motor Vehicles and Parts,Tokyo,https://www.subaru.co.jp,17,"34,200",Subaru
441,Gao Dengbang,Materials,"Building Materials, Glass","Wuhu, China",https://www.chinaconch.com,1,"55,380",Anhui Conch Group
442,Zhao Ziliang,Financials,"Insurance: Life, Health (Mutual)",Beijing,https://www.hualife.cc,1,"500,000",Huaxia Life Insurance
443,Manuel Bartlett Díaz,Energy,Utilities,Mexico City,https://www.cfe.gob.mx,12,"91,369",CFE
444,Jung-Suk Koh /Young-Ho Lee,Wholesalers,Trading,Seoul,https://www.samsungcnt.com,3,"17,274",Samsung C&T
445,Alain Dehaze,Business Services,Diversified Outsourcing Services,Zurich,https://www.adeccogroup.com,21,"34,000",Adecco Group
446,Jacques van den Broek,Business Services,Diversified Outsourcing Services,"Diemen, Netherlands",https://www.randstad.com,7,"38,820",Randstad
447,Jan Jenisch,Materials,"Building Materials, Glass","Jona, Switzerland",https://www.lafargeholcim.com,11,"77,055",LafargeHolcim
448,Liang Haishan,Industrials,"Electronics, Electrical Equip.","Qingdao, China",https://www.haier.net/en,2,"87,447",Haier Smart Home
449,"""Sean M. O'Connor""",Financials,Diversified Financials,New York City,https://www.intlfcstone.com,9,"1,701",INTL FCStone
450,Mark Cutifani,Energy,"Mining, Crude-Oil Production",London,https://www.angloamerican.com,18,"64,000",Anglo American
451,Luo Xi,Financials,"Insurance: Life, Health (Mutual)",Hong Kong,https://www.cntaiping.com,2,"75,341",China Taiping Insurance Group
452,Antonio Huertas Mej?as,Financials,Insurance: Property and Casualty (Stock),Madrid,https://www.mapfre.com,12,"35,390",Mapfre Group
453,Satoru Katsuno,Energy,Utilities,"Nagoya, Japan",https://www.chuden.co.jp,25,"30,321",Chubu Electric Power
454,Thomas J. Nimbley,Energy,Petroleum Refining,"Parsippany, N.J.",https://www.pbfenergy.com,1,"3,266",PBF Energy
455,Ming-Ho Hsiung,Financials,"Insurance: Life, Health (stock)",Taipei,https://www.cathaylife.com.tw,18,"38,694",Cathay Life Insurance
456,Vincent Bolloré,Media,Entertainment,Paris,https://www.financiere-odet.com/fr-fr,1,"81,003",Financière de l’Odet
457,Shayne Elliott,Financials,Banks: Commercial and Savings,"Docklands, Australia",https://www.anz.com,16,"39,924",Australia & New Zealand Banking Group
458,Yuki Fukasawa,Transportation,Railroads,Tokyo,https://www.jreast.co.jp,25,"85,718",East Japan Railway
459,Rainer Seele,Energy,Petroleum Refining,Vienna,https://www.omv.com,12,"20,231",OMV Group
460,Thomas A. Kennedy,Aerospace & Defense,Aerospace and Defense,"Waltham, Mass.",https://www.raytheon.com,24,"67,000",Raytheon
461,Gong Huadong,Materials,Metals,"Tongling, China",https://www.tnmg.com.cn,1,"24,848",TongLing Nonferrous Metals Group
462,You Hao,Energy,"Mining, Crude-Oil Production","Changzhi, China",https://www.chinaluan.com,7,"100,637",Shanxi LuAn Mining Group
463,Kyung-Shik Sohn /Keun-Hee Park,Retailing,Specialty Retailers,Seoul,https://www.cj.net,2,"64,832",CJ Corp.
464,Guo Jingang,Energy,"Mining, Crude-Oil Production","Datong, China",https://www.dtcoalmine.com,7,"156,268",Datong Coal Mine Group
465,Wang Maosheng,Energy,"Mining, Crude-Oil Production","Taiyuan, China",https://www.sxcc.com.cn,6,"199,872",Shanxi Coking Coal Group
466,Rajeev Suri,Technology,Network and Other Communications Equipment,"Espoo, Finland",https://www.nokia.com,21,"103,083",Nokia
467,Jean-François van Boxmeer,"Food, Beverages & Tobacco",Beverages,Amsterdam,https://www.theheinekencompany.com,13,"85,610",Heineken Holding
468,Lei Jun,Technology,Internet Services and Retailing,Beijing,https://www.mi.com,1,"16,683",Xiaomi
469,Zhai Hong,Energy,"Mining, Crude-Oil Production","Yangquan, China",https://www.ymjt.com.cn%20,7,"129,150",Yangquan Coal Industry Group
470,Takashi Niino,Technology,Information Technology Services,Tokyo,https://www.nec.com,25,"110,595",NEC
471,Richard M. Tsai,Financials,"Insurance: Life, Health (stock)",Taipei,https://www.fubon.com,2,"45,174",Fubon Financial Holding
472,Miguel Patricio,"Food, Beverages & Tobacco",Food Consumer Products,Pittsburgh,https://www.kraftheinzcompany.com,5,"38,000",Kraft Heinz
473,Cao Jianguo,Wholesalers,Trading,"Hangzhou, China",https://www.hailiang.com,1,"19,510",Hailiang Group
474,Revathi Advaithi,Technology,Semiconductors and Other Electronic Components,Singapore,https://www.flex.com,19,"200,000",Flex
475,Zhang Yalin,Materials,Metals,Beijing,https://www.xxcig.com,8,"52,024",Xinxing Cathay International Group
476,Sheikh Ahmed bin Saeed Al Maktoum,Transportation,Airlines,Dubai,https://www.theemiratesgroup.com,4,"60,282",Emirates Group
477,Jörn H. Werner,Retailing,Specialty Retailers,"Düsseldorf, Germany",https://www.ceconomy.de,24,"53,954",Ceconomy
478,Florent Menrgaux,Motor Vehicles & Parts,Motor Vehicles and Parts,"Clermont-Ferrand, France",https://www.michelin.com,25,"111,117",Michelin
479,Philip W. Chronican,Financials,Banks: Commercial and Savings,"Docklands, Australia",https://www.nab.com.au,24,"33,283",National Australia Bank
480,Dirk Van de Put,"Food, Beverages & Tobacco",Food Consumer Products,"Deerfield, Ill.",https://www.mondelezinternational.com,12,"80,000",Mondelez International
481,Kasper Rorsted,Apparel,Apparel,"Herzogenaurach, Germany",https://www.adidas-group.com,2,"57,016",Adidas
482,Li Hongshuang,Energy,"Mining, Crude-Oil Production","Jincheng, China",https://www.jamg.cn,7,"128,795",Shanxi Jincheng Anthracite Coal Mining Group
483,Wiebe Draijer,Financials,Banks: Commercial and Savings,"Utrecht, Netherlands",https://www.rabobank.com,25,"41,861",Rabobank Group
484,Liu Yinzhi,Energy,"Mining, Crude-Oil Production","Zhengzhou, China",https://www.hnecgc.com.cn,7,"171,334",Henan Energy & Chemical
485,Xu Xianping,Engineering & Construction,"Engineering, Construction",Beijing,https://www.genertec.com.cn,5,"34,752",China General Technology
486,Andrew J. Cecere,Financials,Banks: Commercial and Savings,Minneapolis,https://www.usbank.com,14,"75,772",U.S. Bancorp
487,Jeffrey Gennette,Retailing,General Merchandisers,Cincinnati,https://www.macysinc.com,25,"130,000",Macy’s
488,Miguel Eduardo Padilla Silva,"Food, Beverages & Tobacco",Beverages,"Monterrey, Mexico",https://www.femsa.com,2,"297,073",Fomento Económico Mexicano
489,Todd J. Vasos,Retailing,Specialty Retailers,"Goodlettsville, Tennessee",https://www.dollargeneral.com,2,"135,000",Dollar General
490,H.C. Shin,Chemicals,Chemicals,Seoul,https://www.lgchem.co.kr,1,"33,694",LG Chem
491,Gerald W. Schwartz,Financials,Diversified Financials,"Toronto, Ontario, Canada",https://www.onex.com,20,"217,000",Onex
492,Bao Lang Chen,Energy,Petroleum Refining,"Mailiao, Taiwan",https://www.fpcc.com.tw,10,"5,285",Formosa Petrochemical
493,Philippe Petitcolin,Aerospace & Defense,Aerospace and Defense,Paris,https://www.safran-group.com,1,"92,639",Safran
494,Willem A.J. van Duin,Financials,"Insurance: Life, Health (Mutual)","Zeist, Netherlands",https://www.achmea.com,6,"13,714",Achmea
495,Rajesh J. Mehta,Wholesalers,Trading,"Bengaluru, India",https://www.rajeshindia.com,4,383,Rajesh Exports
496,Leon J. Topalian,Materials,Metals,"Charlotte, N.C.",https://www.nucor.com,2,"26,300",Nucor
497,Darryl White,Financials,Banks: Commercial and Savings,"Toronto, Ontario, Canada",https://www.bmo.com,10,"45,454",Bank of Montreal
498,Chen Dongsheng,Financials,"Insurance: Life, Health (Mutual)",Beijing,https://www.taikang.com,2,"57,406",Taikang Insurance Group
499,Frederico Pinheiro Fleury Curado,Energy,Pipelines,São Paulo,https://www.ultra.com.br,10,"17,034",Ultrapar Holdings
500,Benoît Potier,Chemicals,Chemicals,Paris,https://www.airliquide.com,2,"66,000",Air Liquide
