id,CEO,Industry,Sector,HQ Location,Website,Years on Global 500 List,company,year
1,C. Douglas McMillon,General Merchandisers,Retailing,"Bentonville, AR",http://www.walmart.com,21,Walmart,2015
2,Wang Yupu,Petroleum Refining,Energy,"Beijing, China",http://www.sinopec.com,17,Sinopec Group,2015
3,Ben van Beurden,Petroleum Refining,Energy,"The Hague, Netherlands",http://www.shell.com,21,Royal Dutch Shell,2015
4,Wang Yilin,Petroleum Refining,Energy,"Beijing, China",http://www.cnpc.com.cn,15,China National Petroleum,2015
5,Rex W. Tillerson,Petroleum Refining,Energy,"Irving, TX",http://www.exxonmobil.com,21,Exxon Mobil,2015
6,Robert W. Dudley,Petroleum Refining,Energy,"London, Britain",http://www.bp.com,21,BP,2015
7,Shu Yinbiao,Utilities,Energy,"Beijing, China",http://www.sgcc.com.cn,15,State Grid,2015
8,Martin Winterkorn,Motor Vehicles and Parts,Motor Vehicles & Parts,"Wolfsburg, Germany",http://www.volkswagenag.com,21,Volkswagen,2015
9,Akio Toyoda,Motor Vehicles and Parts,Motor Vehicles & Parts,"Toyota, Japan",http://www.toyota-global.com,21,Toyota Motor,2015
10,Ivan Glasenberg,"Mining, Crude-Oil Production",Energy,"Baar, Switzerland",http://www.glencore.com,5,Glencore,2015
11,Patrick Pouyanné,Petroleum Refining,Energy,"Courbevoie, France",http://www.total.com,21,Total,2015
12,John S. Watson,Petroleum Refining,Energy,"San Ramon, CA",http://www.chevron.com,21,Chevron,2015
13,Oh-Hyun Kwon,"Electronics, Electrical Equip.",Technology,"Suwon, South Korea",http://www.samsung.com,21,Samsung Electronics,2015
14,Warren E. Buffett,Insurance: Property and Casualty (Stock),Financials,"Omaha, NE",http://www.berkshirehathaway.com,19,Berkshire Hathaway,2015
15,Timothy D. Cook,"Computers, Office Equipment",Technology,"Cupertino, CA",http://www.apple.com,13,Apple,2015
16,John H. Hammergren,Wholesalers: Health Care,Health Care,"San Francisco, CA",http://www.mckesson.com,21,McKesson,2015
17,Dieter Zetsche,Motor Vehicles and Parts,Motor Vehicles & Parts,"Stuttgart, Germany",http://www.daimler.com,21,Daimler,2015
18,Yi Huiman,Banks: Commercial and Savings,Financials,"Beijing, China",http://www.icbc-ltd.com,17,Industrial & Commer. Bank of China,2015
19,John Elkann,Motor Vehicles and Parts,Motor Vehicles & Parts,"Turin, Italy",http://www.exor.com,5,EXOR Group,2015
20,Henri de Castries,"Insurance: Life, Health (stock)",Financials,"Paris, France",http://www.axa.com,21,AXA,2015
21,Mary T. Barra,Motor Vehicles and Parts,Motor Vehicles & Parts,"Detroit, MI",http://www.gm.com,21,General Motors,2015
22,Johannes Teyssen,Energy,Energy,"Düsseldorf, Germany",http://www.eon.com,21,E.ON,2015
23,Greg C. Garland,Petroleum Refining,Energy,"Houston, TX",http://www.phillips66.com,3,Phillips 66,2015
24,Jeffrey R. Immelt,Diversified Financials,Financials,"Fairfield, CT",http://www.ge.com,21,General Electric,2015
25,Claudio Descalzi,Petroleum Refining,Energy,"Rome, Italy",http://www.eni.com,21,ENI,2015
26,Alexey B. Miller,Energy,Energy,"Moscow, Russia",http://www.gazprom.com,19,Gazprom,2015
27,Mark Fields,Motor Vehicles and Parts,Motor Vehicles & Parts,"Dearborn, MI",http://www.ford.com,21,Ford Motor,2015
28,Aldemir Bendine,Petroleum Refining,Energy,"Rio de Janeiro, Brazil",http://www.petrobras.com.,21,Petrobras,2015
29,Zhang Jianguo,Banks: Commercial and Savings,Financials,"Beijing, China",http://www.ccb.com,16,China Construction Bank,2015
30,Larry J. Merlo,Food and Drug Stores,Food & Drug Stores,"Woonsocket, RI",http://www.cvshealth.com,20,CVS Health,2015
31,Terry Gou,"Electronics, Electrical Equip.",Technology,"New Taipei City, Taiwan",http://www.foxconn.com,11,Hon Hai Precision Industry,2015
32,Oliver Bäte,Insurance: Property and Casualty (Stock),Financials,"Munich, Germany",http://www.allianz.com,21,Allianz,2015
33,Randall L. Stephenson,Telecommunications,Telecommunications,"Dallas, TX",http://www.att.com,21,AT&T,2015
34,Joseph Gorder,Petroleum Refining,Energy,"San Antonio, TX",http://www.valero.com,15,Valero Energy,2015
35,Stephen J. Hemsley,Health Care: Insurance and Managed Care,Health Care,"Minnetonka, MN",http://www.unitedhealthgroup.com,19,UnitedHealth Group,2015
36,Liu Shiyu,Banks: Commercial and Savings,Financials,"Beijing, China",http://www.abchina.com,16,Agricultural Bank of China,2015
37,Guan Qing,"Engineering, Construction",Engineering & Construction,"Beijing, China",http://www.cscec.com,4,China State Construction Engineering,2015
38,Taizo Nishimuro,"Insurance: Life, Health (stock)",Financials,"Tokyo, Japan",http://www.japanpost.jp,19,Japan Post Holdings,2015
39,Eulogio Del Pino,Petroleum Refining,Energy,"Caracas, Venezuela",http://www.pdvsa.com,17,PDVSA,2015
40,Jeremy Weir,Trading,Wholesalers,"Amsterdam, Netherlands",http://www.trafigura.com,1,Trafigura Beheer,2015
41,Lowell C. McAdam,Telecommunications,Telecommunications,"New York, NY",http://www.verizon.com,21,Verizon,2015
42,Jean-Laurent Bonnafe,Banks: Commercial and Savings,Financials,"Paris, France",http://www.bnpparibas.com,21,BNP Paribas,2015
43,Vagit Y. Alekperov,Petroleum Refining,Energy,"Moscow, Russia",http://www.lukoil.com,16,Lukoil,2015
44,Takahiro Hachigo,Motor Vehicles and Parts,Motor Vehicles & Parts,"Tokyo, Japan",http://www.honda.com,21,Honda Motor,2015
45,Chen Siqing,Banks: Commercial and Savings,Financials,"Beijing, China",http://www.boc.cn,21,Bank of China,2015
46,Steven H. Collis,Wholesalers: Health Care,Health Care,"Chesterbrook, PA",http://www.amerisourcebergen.com,16,AmerisourceBergen,2015
47,Emilio Ricardo Lozoya Austin,"Mining, Crude-Oil Production",Energy,"Mexico City, Mexico",http://www.pemex.com,21,Pemex,2015
48,Mario Greco,"Insurance: Life, Health (stock)",Financials,"Trieste, Italy",http://www.generali.com,21,Assicurazioni Generali,2015
49,Frederic Oudea,Banks: Commercial and Savings,Financials,"Paris, France",http://www.societegenerale.com,19,Societe Generale,2015
50,Timothy J. Mayopoulos,Diversified Financials,Financials,"Washington, DC",http://www.fanniemae.com,18,Fannie Mae,2015
51,Igor I. Sechin,Petroleum Refining,Energy,"Moscow, Russia",http://www.rosneft.com,10,Rosneft Oil,2015
52,W. Craig Jelinek,Specialty Retailers: Other,Retailing,"Issaquah, WA",http://www.costco.com,21,Costco,2015
53,Dion J. Weisler,"Computers, Office Equipment",Technology,"Palo Alto, CA",http://www.hp.com,21,HP,2015
54,W. Rodney McMullen,Food and Drug Stores,Food & Drug Stores,"Cincinnati, OH",http://www.thekrogerco.com,21,Kroger,2015
55,Li Yue,Telecommunications,Telecommunications,"Beijing, China",http://www.10086.cn,15,China Mobile Communications,2015
56,Harald Krüger,Motor Vehicles and Parts,Motor Vehicles & Parts,"Munich, Germany",http://www.bmwgroup.com,21,BMW,2015
57,Dae-Sik Cho,Petroleum Refining,Energy,"Seoul, South Korea",http://www.sk.com,21,SK Holdings,2015
58,Philippe Brassac,Banks: Commercial and Savings,Financials,"Paris, France",http://www.credit-agricole.com,21,Credit Agricole,2015
59,Carlos Ghosn,Motor Vehicles and Parts,Motor Vehicles & Parts,"Yokohama, Japan",http://www.nissan-global.com,21,Nissan Motor,2015
60,Chen Zhixin,Motor Vehicles and Parts,Motor Vehicles & Parts,"Shanghai, China",http://www.saicmotor.com,4,SAIC Motor,2015
61,James Dimon,Commercial Banks,Financials,"New York, NY",http://www.jpmorganchase.com,21,JP Morgan Chase,2015
62,David J. Lewis,Food and Drug Stores,Food & Drug Stores,"Cheshunt, Britain",http://www.tescoplc.com,21,Tesco,2015
63,Joe Kaeser,"Electronics, Electrical Equip.",Industrials,"Munich, Germany",http://www.siemens.com,21,Siemens,2015
64,Georges Plassat,Food and Drug Stores,Food & Drug Stores,"Boulogne-Billancourt, France",http://www.carrefour.com,21,Carrefour,2015
65,Hiroo Unoura,Telecommunications,Telecommunications,"Tokyo, Japan",http://www.ntt.co.jp,21,Nippon Tel. & Tel.,2015
66,Timothy C. Wentworth,Health Care: Pharmacy and Other Services,Health Care,"St. Louis, MO",http://www.express-scripts.com,13,Express Scripts Holding,2015
67,Jose Antonio Alvarez,Banks: Commercial and Savings,Financials,"Madrid, Spain",http://www.santander.com,21,Banco Santander,2015
68,Wan Zulkiflee Wan Ariffin,Petroleum Refining,Energy,"Kuala Lumpur, Malaysia",http://www.petronas.com.my,19,Petronas,2015
69,Francesco Starace,Utilities,Energy,"Rome, Italy",http://www.enel.com,21,Enel,2015
70,Paul Bulcke,Food Consumer Products,"Food, Beverages & Tobacco","Vevey, Switzerland",http://www.nestle.com,21,Nestlé,2015
71,Yao Guiqing,"Engineering, Construction",Engineering & Construction,"Beijing, China",http://www.crecg.com,1,China Railway Engineering,2015
72,Yang Hua,"Mining, Crude-Oil Production",Energy,"Beijing, China",http://www.cnooc.com.cn,9,China National Offshore Oil,2015
73,Gerard Mestrallet,Energy,Energy,"Courbevoie, France",http://www.gdfsuez.com,20,GDF Suez,2015
74,Michael A. Wells,"Insurance: Life, Health (stock)",Financials,"London, Britain",http://www.prudential.co.uk,20,Prudential plc,2015
75,Eldar Saetre,Petroleum Refining,Energy,"Stavanger, Norway",http://www.statoil.com,21,Statoil,2015
76,Kurt W. Bock,Chemicals,Chemicals,"Ludwigshafen, Germany",http://www.basf.com,21,BASF,2015
77,Yusuf A. Alireza,Trading,Wholesalers,"Hong Kong, China",http://www.thisisnoble.com,8,Noble Group,2015
78,Jean-Bernard Levy,Utilities,Energy,"Paris, France",http://www.edf.com,21,Électricité de France,2015
79,Meng Fengchao,"Engineering, Construction",Engineering & Construction,"Beijing, China",http://www.crcc.cn,4,China Railway Construction,2015
80,Brian T. Moynihan,Commercial Banks,Financials,"Charlotte, NC",http://www.bankofamerica.com,21,Bank of America Corp.,2015
81,Stuart T. Gulliver,Banks: Commercial and Savings,Financials,"London, Britain",http://www.hsbc.com,21,HSBC Holdings,2015
82,Virginia M. Rometty,Information Technology Services,Technology,"Armonk, NY",http://www.ibm.com,21,IBM,2015
83,Gary R. Heminger,Petroleum Refining,Energy,"Findlay, OH",http://www.marathonpetroleum.com,4,Marathon Petroleum,2015
84,George S. Barrett,Wholesalers: Health Care,Health Care,"Dublin, OH",http://www.cardinal.com,18,Cardinal Health,2015
85,Dennis A. Muilenburg,Aerospace and Defense,Aerospace & Defense,"Chicago, IL",http://www.boeing.com,21,Boeing,2015
86,Michael L. Corbat,Commercial Banks,Financials,"New York, NY",http://www.citigroup.com,21,Citigroup,2015
87,Zheng Zhijie,Banks: Commercial and Savings,Financials,"Beijing, China",http://www.cdb.com.cn,2,China Development Bank,2015
88,Jeffrey P. Bezos,Internet Services and Retailing,Technology,"Seattle, WA",http://www.amazon.com,7,Amazon.com,2015
89,Hiroaki Nakanishi,"Electronics, Electrical Equip.",Industrials,"Tokyo, Japan",http://www.hitachi.com,21,Hitachi,2015
90,John G. Stumpf,Commercial Banks,Financials,"San Francisco, CA",http://www.wellsfargo.com,18,Wells Fargo,2015
91,Ralph Hamers,Banks: Commercial and Savings,Financials,"Amsterdam, Netherlands",http://www.ing.com,21,ING Group,2015
92,Yukio Uchida,Petroleum Refining,Energy,"Tokyo, Japan",http://www.hd.jx-group.co.jp,21,JX Holdings,2015
93,Pailin Chuchottaworn,Petroleum Refining,Energy,"Bangkok, Thailand",http://www.pttplc.com,12,PTT,2015
94,Yang Mingsheng,"Insurance: Life, Health (stock)",Financials,"Beijing, China",http://www.chinalife.com.cn,13,China Life Insurance,2015
95,Satya Nadella,Computer Software,Technology,"Redmond, WA",http://www.microsoft.com,18,Microsoft,2015
96,Ma Mingzhe,"Insurance: Life, Health (stock)",Financials,"Shenzhen, China",http://www.pingan.com,6,Ping An Insurance,2015
97,Olaf G. Koch,Food and Drug Stores,Food & Drug Stores,"Düsseldorf, Germany",http://www.metrogroup.de,20,Metro,2015
98,Nigel Wilson,"Insurance: Life, Health (stock)",Financials,"London, Britain",http://www.legalandgeneralgroup.com,16,Legal & General Group,2015
99,Mong-Koo Chung,Motor Vehicles and Parts,Motor Vehicles & Parts,"Seoul, South Korea",http://worldwide.hyundai.com,20,Hyundai Motor,2015
100,David S. Taylor,Household and Personal Products,Household Products,"Cincinnati, OH",http://www.pg.com,21,Procter & Gamble,2015
101,Craig A. Menear,Specialty Retailers: Other,Retailing,"Atlanta, GA",http://www.homedepot.com,21,Home Depot,2015
102,Timotheus Höttges,Telecommunications,Telecommunications,"Bonn, Germany",http://www.telekom.com,21,Deutsche Telekom,2015
103,Nikolaus von Bomhard,Insurance: Property and Casualty (Stock),Financials,"Munich, Germany",http://www.munichre.com,21,Munich Re,2015
104,Juan R. Luciano,Food Production,"Food, Beverages & Tobacco","Chicago, IL",http://www.adm.com,21,Archer Daniels Midland,2015
105,Liu Deshu,Trading,Wholesalers,"Beijing, China",http://www.sinochem.com,20,Sinochem,2015
106,Thomas Enders,Aerospace and Defense,Aerospace & Defense,"Leiden, Netherlands",http://www.airbusgroup.com,21,Airbus Group,2015
107,Xu Ping,Motor Vehicles and Parts,Motor Vehicles & Parts,"Changchun, China",http://www.faw.com.,11,China FAW Group,2015
108,Lakshmi N. Mittal,Metals,Materials,"Luxembourg, Luxembourg",http://www.arcelormittal.com,11,ArcelorMittal,2015
109,Zhu Fushou,Motor Vehicles and Parts,Motor Vehicles & Parts,"Wuhan, China",http://www.dfmc.com.cn,6,Dongfeng Motor Group,2015
110,Masayoshi Son,Telecommunications,Telecommunications,"Tokyo, Japan",http://www.softbank.jp,8,SoftBank Group,2015
111,Frank Appel,"Mail, Package, and Freight Delivery",Transportation,"Bonn, Germany",http://www.dpdhl.com,21,Deutsche Post,2015
112,Roberto Egydio Setubal,Banks: Commercial and Savings,Financials,"São Paulo, Brazil",http://www.itau.com.br,2,Itaú Unibanco Holding,2015
113,Zhao Jianguo,Utilities,Energy,"Guangzhou, China",http://www.csg.cn,11,China Southern Power Grid,2015
114,Stefano Pessina,Food and Drug Stores,Food & Drug Stores,"Deerfield, IL",http://www.walgreensbootsalliance.com,21,Walgreens,2015
115,Qiao Shibo,General Merchandisers,Retailing,"Hong Kong, China",http://www.crc.com.hk,6,China Resources National,2015
116,Kazuo Hirai,"Electronics, Electrical Equip.",Technology,"Tokyo, Japan",http://www.sony.net,21,Sony,2015
117,Brian C. Cornell,General Merchandisers,Retailing,"Minneapolis, MN",http://www.target.com,21,Target,2015
118,Alex Gorsky,Pharmaceuticals,Health Care,"New Brunswick, NJ",http://www.jnj.com,15,Johnson & Johnson,2015
119,B. Ashok,Petroleum Refining,Energy,"New Delhi, India",http://www.iocl.com,21,Indian Oil,2015
120,Joseph R. Swedish,Health Care: Insurance and Managed Care,Health Care,"Indianapolis, IN",http://www.antheminc.com,14,Anthem,2015
121,Steven A. Kandarian,"Insurance: Life, Health (stock)",Financials,"New York, NY",http://www.metlife.com,21,MetLife,2015
122,Martin Senn,Insurance: Property and Casualty (Stock),Financials,"Zurich, Switzerland",http://www.zurich.com,21,Zurich Insurance Group,2015
123,Mark Wilson,"Insurance: Life, Health (stock)",Financials,"London, Britain",http://www.aviva.com,21,Aviva,2015
124,Larry Page,Internet Services and Retailing,Technology,"Mountain View, CA",http://www.google.com,7,Alphabet,2015
125,Fumiya Kokubu,Trading,Wholesalers,"Tokyo, Japan",http://www.marubeni.com,21,Marubeni,2015
126,Alexandre Corrêa Abreu,Banks: Commercial and Savings,Financials,"""Bras'lia, Brazil""",http://www.bb.com.br,21,Banco do Brasil,2015
127,Michael L. Tipsord,Insurance: Property and Casualty (Mutual),Financials,"Bloomington, IL",http://www.statefarm.com,21,State Farm Insurance Cos.,2015
128,Carlos Tavares,Motor Vehicles and Parts,Motor Vehicles & Parts,"Paris, France",http://www.psa-peugeot-citroen.com,21,Peugeot,2015
129,Vianney Mulliez,Food and Drug Stores,Food & Drug Stores,"Croix, France",http://www.groupe-auchan.com,19,Groupe Auchan,2015
130,Dwi Soetjipto,Petroleum Refining,Energy,"Jakarta, Indonesia",http://www.pertamina.com,3,Pertamina,2015
131,Kazuhiro Tsuga,"Electronics, Electrical Equip.",Technology,"Osaka, Japan",http://www.panasonic.com,21,Panasonic,2015
132,Ken Kobayashi,Trading,Wholesalers,"Tokyo, Japan",http://www.mitsubishicorp.com,21,Mitsubishi Corp.,2015
133,Donald H. Layton,Diversified Financials,Financials,"McLean, VA",http://www.freddiemac.com,19,Freddie Mac,2015
134,François Pérol,Banks: Commercial and Savings,Financials,"Paris, France",http://www.bpce.fr,6,Groupe BPCE,2015
135,Brian L. Roberts,Telecommunications,Telecommunications,"Philadelphia, PA",http://www.comcastcorporation.com,13,Comcast,2015
136,Vittorio Colao,Telecommunications,Telecommunications,"Newbury, Britain",http://www.vodafone.com,16,Vodafone Group,2015
137,Megan Brennan,"Mail, Package, and Freight Delivery",Transportation,"Washington, DC",http://www.usps.com,21,U.S. Postal Service,2015
138,Yoshinobu Tsutsui,"Insurance: Life, Health (Mutual)",Financials,"Osaka, Japan",http://www.nissay.co.jp,21,Nippon Life Insurance,2015
139,Andrew Mackenzie,"Mining, Crude-Oil Production",Energy,"Melbourne, Australia",http://www.bhpbilliton.com,21,BHP Billiton,2015
140,Cesar Alierta Izuel,Telecommunications,Telecommunications,"Madrid, Spain",http://www.telefonica.com,21,Telefonica,2015
141,Indra K. Nooyi,Food Consumer Products,"Food, Beverages & Tobacco","Purchase, NY",http://www.pepsico.com,21,PepsiCo,2015
142,Koichiro Watanabe,"Insurance: Life, Health (stock)",Financials,"Tokyo, Japan",http://www.dai-ichi-life.co.jp,21,Dai-ichi Life Insurance,2015
143,Li Guohua,"Mail, Package, and Freight Delivery",Transportation,"Beijing, China",http://www.chinapost.com.cn,5,China Post Group,2015
144,Yin Jiaxu,Aerospace and Defense,Aerospace & Defense,"Beijing, China",http://www.norincogroup.com.cn,6,China North Industries,2015
145,Antonio Horta-Osorio,Banks: Commercial and Savings,Financials,"London, Britain",http://www.lloydsbankinggroup.com,21,Lloyds Banking Group,2015
146,Wang Yuzhu,Trading,Wholesalers,"Tianjin, China",http://www.tewoo.com,4,Tewoo Group,2015
147,Motoya Okada,General Merchandisers,Retailing,"Chiba, Japan",http://www.aeon.info,21,AEON,2015
148,-,Food and Drug Stores,Food & Drug Stores,"Paris, France",http://www.finatis.fr,1,Finatis,2015
149,Gregory J. Hayes,Aerospace and Defense,Aerospace & Defense,"Hartford, CT",http://www.utc.com,21,United Technologies,2015
150,Volkmar Denner,Motor Vehicles and Parts,Motor Vehicles & Parts,"Stuttgart, Germany",http://www.bosch.com,21,Bosch,2015
151,Claude Ehlinger,Food Production,"Food, Beverages & Tobacco","Rotterdam, Netherlands",http://www.ldcom.com,2,Louis Dreyfus Commodities,2015
152,Peter D. Hancock,Insurance: Property and Casualty (Stock),Financials,"New York, NY",http://www.aig.com,20,AIG,2015
153,Paul Polman,Food Consumer Products,"Food, Beverages & Tobacco","London, Britain/Netherlands",http://www.unilever.com,21,Unilever,2015
154,Peter Terium,Utilities: Gas and Electric,Energy,"Essen, Germany",http://www.rwe.com,21,RWE,2015
155,Daniel Hajj Aboumrad,Telecommunications,Telecommunications,"Mexico City, Mexico",http://www.americamovil.com,9,America Movil,2015
156,Yan Hao,"Engineering, Construction",Engineering & Construction,"Nanjing, China",http://www.cpcg.com.cn,2,Pacific Construction Group,2015
157,Masashi Muromachi,"Electronics, Electrical Equip.",Industrials,"Tokyo, Japan",http://www.toshiba.com,21,Toshiba,2015
158,Mukesh D. Ambani,Petroleum Refining,Energy,"Mumbai, India",http://www.ril.com,12,Reliance Industries,2015
159,Tan Ruisong,Aerospace and Defense,Aerospace & Defense,"Beijing, China",http://www.avic.com.cn,7,Aviation Industry Corp. of China,2015
160,Wang Xiaochu,Telecommunications,Telecommunications,"Beijing, China",http://www.chinatelecom.com.cn,16,China Telecommunications,2015
161,Naomi Hirose,Utilities,Energy,"Tokyo, Japan",http://www.tepco.co.jp,21,Tokyo Electric Power,2015
162,Oh-Joon Kwon,Metals,Materials,"Seoul, South Korea",http://www.posco.com,21,POSCO,2015
163,Alexander R. Wynaendts,"Insurance: Life, Health (stock)",Financials,"The Hague, Netherlands",http://www.aegon.com,20,Aegon,2015
164,Jürgen Fitschena,Banks: Commercial and Savings,Financials,"Frankfurt, Germany",http://www.deutsche-bank.com,21,Deutsche Bank,2015
165,Liu Qitao,"Engineering, Construction",Engineering & Construction,"Beijing, China",http://www.ccccltd.cn,8,China Communications Construction,2015
166,Frederic Lavenir,"Insurance: Life, Health (stock)",Financials,"Paris, France",http://www.cnp.fr,21,CNP Assurances,2015
167,Joseph Jimenez,Pharmaceuticals,Health Care,"Basel, Switzerland",http://www.novartis.com,21,Novartis,2015
168,David P. Abney,"Mail, Package, and Freight Delivery",Transportation,"Atlanta, GA",http://www.ups.com,21,UPS,2015
169,Andrew N. Liveris,Chemicals,Chemicals,"Midland, MI",http://www.dow.com,21,Dow Chemical,2015
170,Mark T. Bertolini,Health Care: Insurance and Managed Care,Health Care,"Hartford, CT",http://www.aetna.com,15,Aetna,2015
171,Richard J.B. Goyder,Food and Drug Stores,Food & Drug Stores,"Perth, Australia",http://www.wesfarmers.com.au,7,Wesfarmers,2015
172,Soren W. Schroder,Food Production,"Food, Beverages & Tobacco","White Plains, NY",http://www.bunge.com,13,Bunge,2015
173,Carlo Messina,Banks: Commercial and Savings,Financials,"Turin, Italy",http://www.group.intesasanpaolo.com,17,Intesa Sanpaolo,2015
174,Wu Yan,Insurance: Property and Casualty (Stock),Financials,"Beijing, China",http://www.picc.com.cn,6,People’s Insurance Co. of China,2015
175,Bon-Joon Koo,"Electronics, Electrical Equip.",Technology,"Seoul, South Korea",http://www.lg.com,15,LG Electronics,2015
176,Robert A. Niblock,Specialty Retailers: Other,Retailing,"Mooresville, NC",http://www.lowes.com,18,Lowe’s,2015
177,Herman O. Gref,Banks: Commercial and Savings,Financials,"Moscow, Russia",http://www.sberbank.ru,8,Sberbank,2015
178,Marijn E. Dekkers,Chemicals,Chemicals,"Leverkusen, Germany",http://www.bayer.com,21,Bayer,2015
179,Heinrich Hiesinger,Metals,Materials,"Essen, Germany",http://www.thyssenkrupp.com,21,ThyssenKrupp,2015
180,Ryan M. Lance,"Mining, Crude-Oil Production",Energy,"Houston, TX",http://www.conocophillips.com,21,ConocoPhillips,2015
181,Grant O’Brien,Food and Drug Stores,Food & Drug Stores,"Bella Vista, Australia",http://www.woolworthslimited.com.au,19,Woolworths,2015
182,Brian M. Krzanich,Semiconductors and Other Electronic Components,Technology,"Santa Clara, CA",http://www.intel.com,21,Intel,2015
183,John W. McReynolds,Pipelines,Energy,"Dallas, TX",http://www.energytransfer.com,2,Energy Transfer Equity,2015
184,Toshifumi Suzuki,Food and Drug Stores,Food & Drug Stores,"Tokyo, Japan",http://www.7andi.com,10,Seven & I Holdings,2015
185,Luiz Carlos Trabuco Cappi,Banks: Commercial and Savings,Financials,"Osasco, Brazil",http://www.bradesco.com.br,19,Banco Bradesco,2015
186,Chang Zhenming,Diversified Financials,Financials,"Beijing, China",http://www.citicgroup.com.cn,7,CITIC Group,2015
187,Douglas R. Oberhelman,Construction and Farm Machinery,Industrials,"Peoria, IL",http://www.caterpillar.com,21,Caterpillar,2015
188,Josu Jon Imaz San Miguel,Petroleum Refining,Energy,"Madrid, Spain",http://www.repsol.com,21,Repsol,2015
189,Severin Schwan,Pharmaceuticals,Health Care,"Basel, Switzerland",http://www.roche.com,21,Roche Group,2015
190,Peng Chun,Banks: Commercial and Savings,Financials,"Shanghai, China",http://www.bankcomm.com,7,Bank of Communications,2015
191,Carlos Ghosn,Motor Vehicles and Parts,Motor Vehicles & Parts,"Boulogne-Billancourt, France",http://www.renault.com,21,Renault,2015
192,Pierre-Andre de Chalendar,"Building Materials, Glass",Materials,"Courbevoie, France",http://www.saint-gobain.com,21,Saint-Gobain,2015
193,Hwan-Eik Cho,Utilities,Energy,"Jeollanam-do, South Korea",http://www.kepco.co.kr,21,Korea Electric Power,2015
194,John R. Strangfeld,"Insurance: Life, Health (stock)",Financials,"Newark, NJ",http://www.prudential.com,21,Prudential Financial,2015
195,John McFarlane,Banks: Commercial and Savings,Financials,"London, Britain",http://www.barclays.com,21,Barclays,2015
196,Ling Wen,"Mining, Crude-Oil Production",Energy,"Beijing, China",http://www.shenhuagroup.com.cn,6,Shenhua Group,2015
197,Rüdiger Grube,Railroads,Transportation,"Berlin, Germany",http://www.deutschebahn.com,21,Deutsche Bahn,2015
198,He Wenbo,Metals,Materials,"Beijing, China",http://www.minmetals.com,9,China Minmetals,2015
199,Stephane Richard,Telecommunications,Telecommunications,"Paris, France",http://www.orange.com,21,Orange,2015
200,Xavier Huillard,"Engineering, Construction",Engineering & Construction,"Rueil-Malmaison, France",http://www.vinci.com,15,Vinci,2015
201,Nobuyuki Hirano,Banks: Commercial and Savings,Financials,"Tokyo, Japan",http://www.mufg.jp,14,Mitsubishi UFJ Financial Group,2015
202,-,Food Production,"Food, Beverages & Tobacco","São Paulo, Brazil",http://www.jbs.com.br,6,JBS,2015
203,Florentino Perez Rodriguez,"Engineering, Construction",Engineering & Construction,"Madrid, Spain",http://www.grupoacs.com,11,ACS,2015
204,Kosei Shindo,Metals,Materials,"Tokyo, Japan",http://www.nssmc.com,21,Nippon Steel & Sumitomo Metal,2015
205,Alistair Phillips-Davies,Utilities,Energy,"Perth, Britain",http://www.sse.com,10,SSE,2015
206,Masahiro Okafuji,Trading,Wholesalers,"Osaka, Japan",http://www.itochu.co.jp,21,Itochu,2015
207,Xu Heyi,Motor Vehicles and Parts,Motor Vehicles & Parts,"Beijing, China",http://www.baicgroup.com.cn,3,Beijing Automotive Group,2015
208,Nils Smedegaard Andersen,Shipping,Transportation,"Copenhagen, Denmark",http://www.maersk.com,12,A.P. Møller-Mærsk A/S,2015
209,Yousef Abdullah Al-Benyan,Chemicals,Chemicals,"Riyadh, Saudi Arabia",http://www.sabic.com,11,SABIC,2015
210,Kil-Seon Choi,Industrial Machinery,Industrials,"Ulsan, South Korea",http://www.hyundaiheavy.com/,9,Hyundai Heavy Industries,2015
211,Ian C. Read,Pharmaceuticals,Health Care,"New York, NY",http://www.pfizer.com,21,Pfizer,2015
212,Donald A. Guloien,"Insurance: Life, Health (stock)",Financials,"Toronto, Ontario, Canada",http://www.manulife.com,13,Manulife Financial,2015
213,Tatsuo Yasunaga,Trading,Wholesalers,"Tokyo, Japan",http://www.mitsui.com,21,Mitsui,2015
214,Robert A. Iger,Entertainment,Media,"Burbank, CA",http://www.disney.com,21,Walt Disney,2015
215,Paal Kibsgaard,"Oil and Gas Equipment, Services",Energy,"Houston, TX",http://www.slb.com,15,Schlumberger,2015
216,Bruce D. Broussard,Health Care: Insurance and Managed Care,Health Care,"Louisville, KY",http://www.humana.com,17,Humana,2015
217,Iain Conn,Utilities,Energy,"Windsor, Britain",http://www.centrica.com,18,Centrica,2015
218,Xu Lejiang,Metals,Materials,"Shanghai, China",http://www.baosteel.com,12,Baosteel Group,2015
219,Suhail Mohamed Faraj Al Mazrouei,Petroleum Refining,Energy,"Abu Dhabi, United Arab Emirates",http://www.ipic.ae,4,International Petroleum Investment,2015
220,A.J. Teague,Pipelines,Energy,"Houston, TX",http://www.enterpriseproducts.com,5,Enterprise Products,2015
221,Francisco González Rodríguez,Banks: Commercial and Savings,Financials,"Bilbao, Spain",http://www.bbva.com,21,Banco Bilbao Vizcaya Argentaria,2015
222,Sam Walsh,"Mining, Crude-Oil Production",Energy,"London, Britain",http://www.riotinto.com,10,Rio Tinto Group,2015
223,Rainer Seele,Petroleum Refining,Energy,"Vienna, Austria",http://www.omv.com,10,OMV Group,2015
224,Cao Peixi,Energy,Energy,"Beijing, China",http://www.chng.com.cn,7,China Huaneng Group,2015
225,Charles H. Robbins,Network and Other Communications Equipment,Technology,"San Jose, CA",http://www.cisco.com,16,Cisco Systems,2015
226,Carlos Brito,Beverages,"Food, Beverages & Tobacco","Leuven, Belgium",http://www.ab-inbev.com,10,Anheuser-Busch InBev,2015
227,Chang Xiaobing,Telecommunications,Telecommunications,"Shanghai, China",http://www.chinaunicom-a.com,7,China United Network Communications,2015
228,Ren Zhengfei,Network and Other Communications Equipment,Technology,"Shenzhen, China",http://www.huawei.com,6,Huawei Investment & Holding,2015
229,William J. DeLaney,Wholesalers: Food and Grocery,Wholesalers,"Houston, TX",http://www.sysco.com,21,Sysco,2015
230,Alain Monie,Wholesalers: Electronics and Office Equipment,Wholesalers,"Santa Ana, CA",http://www.ingrammicro.com,19,Ingram Micro,2015
231,Yang Yuanqing,"Computers, Office Equipment",Technology,"Hong Kong, China",http://www.lenovo.com,6,Lenovo Group,2015
232,Muhtar Kent,Beverages,"Food, Beverages & Tobacco","Atlanta, GA",http://www.coca-colacompany.com,21,Coca-Cola,2015
233,Elmar Degenhart,Motor Vehicles and Parts,Motor Vehicles & Parts,"Hanover, Germany",http://www.continental-corporation.com,13,Continental,2015
234,Zhang Shiping,Textiles,Apparel,"Shandong, China",http://www.weiqiaocy.com,4,Shandong Weiqiao Pioneering,2015
235,Tian Huiyu,Banks: Commercial and Savings,Financials,"Shenzhen, China",http://www.cmbchina.com,4,China Merchants Bank,2015
236,Bhavesh V. Patel,Chemicals,Chemicals,"Rotterdam, Netherlands",http://www.lyb.com,8,LyondellBasell Industries,2015
237,Marillyn A. Hewson,Aerospace and Defense,Aerospace & Defense,"Bethesda, MD",http://www.lockheedmartin.com,21,Lockheed Martin,2015
238,Frederick W. Smith,"Mail, Package, and Freight Delivery",Transportation,"Memphis, TN",http://www.fedex.com,21,FedEx,2015
239,Yu Yong,Metals,Materials,"Shijiazhuang, China",http://www.hebgtjt.com,7,HeBei Iron & Steel Group,2015
240,Ge Honglin,Metals,Materials,"Beijing, China",http://www.chalco.com.cn,8,Aluminum Corp. of China,2015
241,Olivier Brandicourt,Pharmaceuticals,Health Care,"Paris, France",http://www.sanofi.com,11,Sanofi,2015
242,Hyoung-Keun Lee,Motor Vehicles and Parts,Motor Vehicles & Parts,"Seoul, South Korea",http://www.kia.com,4,Kia Motors,2015
243,Koichi Miyata,Banks: Commercial and Savings,Financials,"Tokyo, Japan",http://www.smfg.co.jp,21,Sumitomo Mitsui Financial Group,2015
244,Martin Bouygues,"Engineering, Construction",Engineering & Construction,"Paris, France",http://www.bouygues.com,21,Bouygues,2015
245,Alex A. Molinaroli,Motor Vehicles and Parts,Motor Vehicles & Parts,"Milwaukee, WI",http://www.johnsoncontrols.com,19,Johnson Controls,2015
246,Federico Ghizzoni,Banks: Commercial and Savings,Financials,"Milan, Italy",http://www.unicreditgroup.eu,20,UniCredit Group,2015
247,Wang Wenyin,"Electronics, Electrical Equip.",Industrials,"Shenzhen, China",http://www.amer.com.cn,3,Amer International Group,2015
248,Dick Boer,Food and Drug Stores,Food & Drug Stores,"Zaandam, Netherlands",http://www.ahold.com,21,Royal Ahold,2015
249,Greg L. Armstrong,Pipelines,Energy,"Houston, TX",http://www.plainsallamerican.com,2,Plains GP Holdings,2015
250,Michael J. Kasbar,Wholesalers: Diversified,Wholesalers,"Miami, FL",http://www.wfscorp.com,4,World Fuel Services,2015
251,Tatsuya Tanaka,Information Technology Services,Technology,"Tokyo, Japan",http://www.fujitsu.com,21,Fujitsu,2015
252,Kuok Khoon Hong,Food Production,"Food, Beverages & Tobacco","Singapore, Singapore",http://www.wilmar-international.com,7,Wilmar International,2015
253,Yan Zhiyong,"Engineering, Construction",Engineering & Construction,"Beijing, China",http://www.powerchina.cn,4,Power China,2015
254,Cyrus P. Mistry,Motor Vehicles and Parts,Motor Vehicles & Parts,"Mumbai, India",http://www.tatamotors.com,6,Tata Motors,2015
255,Carl M. Casale,Food Production,"Food, Beverages & Tobacco","Inver Grove Heights, MN",http://www.chsinc.com,8,CHS,2015
256,Yasuyoshi Karasawa,Insurance: Property and Casualty (Stock),Financials,"Tokyo, Japan",http://www.ms-ad-hd.com,17,MS&AD Insurance,2015
257,W. Douglas Parker,Airlines,Transportation,"Fort Worth, TX",http://www.aa.com,21,American Airlines Group,2015
258,Zhang Yuliang,Real estate,Financials,"Shanghai, China",http://www.ldjt.com.cn,4,Greenland Holding Group,2015
259,Kenneth C. Frazier,Pharmaceuticals,Health Care,"Kenilworth, NJ",http://www.merck.com,21,Merck,2015
260,Arundhati Bhattacharya,Banks: Commercial and Savings,Financials,"Mumbai, India",http://www.sbi.co.in,10,State Bank of India,2015
261,Bernard Arnault,Apparel,Apparel,"Paris, France",http://www.dior-finance.com,15,Christian Dior,2015
262,Hubert B. Joly,Specialty Retailers: Other,Retailing,"Richfield, MN",http://www.bestbuy.com,17,Best Buy,2015
263,Akio Negishi,"Insurance: Life, Health (Mutual)",Financials,"Tokyo, Japan",http://www.meijiyasuda.co.jp,21,Meiji Yasuda Life Insurance,2015
264,Wu Huatai,"Mining, Crude-Oil Production",Energy,"Taiyuan, China",http://www.sxcc.com.cn,3,Shanxi Coking Coal Group,2015
265,Ren Jianxin,Chemicals,Chemicals,"Beijing, China",http://www.chemchina.com,5,ChemChina,2015
266,Andrew Thorburn,Banks: Commercial and Savings,Financials,"Docklands, Australia",http://www.nabgroup.com,20,National Australia Bank,2015
267,Takashi Tanaka,Telecommunications,Telecommunications,"Tokyo, Japan",http://www.kddi.com,18,KDDI,2015
268,Jan Gurander,Motor Vehicles and Parts,Motor Vehicles & Parts,"Göteborg, Sweden",http://www.volvogroup.com,21,Volvo,2015
269,Ian M. Narev,Banks: Commercial and Savings,Financials,"Sydney, Australia",http://www.commbank.com.au,11,Commonwealth Bank,2015
270,Song Zhiping,"Building Materials, Glass",Materials,"Beijing, China",http://www.cnbm.com.cn,5,China National Bldg. Materials Group,2015
271,Li Renjie,Banks: Commercial and Savings,Financials,"Fuzhou, China",http://www.cib.com.cn,3,Industrial Bank,2015
272,Yu Xubo,Trading,Wholesalers,"Beijing, China",http://www.cofco.com,21,COFCO,2015
273,Edward H. Bastian,Airlines,Transportation,"Atlanta, GA",http://www.delta.com,21,Delta Air Lines,2015
274,Shen Wenrong,Metals,Materials,"Zhangjiagang, China",http://www.shasteel.cn,7,Jiangsu Shagang Group,2015
275,David M. Cote,"Electronics, Electrical Equip.",Industrials,"Morris Township, NJ",http://www.honeywell.com,21,Honeywell International,2015
276,She Lulin,Pharmaceuticals,Health Care,"Beijing, China",http://www.sinopharm.com,3,Sinopharm,2015
277,R. Milton Johnson,Health Care: Medical Facilities,Health Care,"Nashville, TN",http://www.hcahealthcare.com,21,HCA Holdings,2015
278,Lloyd C. Blankfein,Commercial Banks,Financials,"New York, NY",http://www.gs.com,16,Goldman Sachs Group,2015
279,Gregory J. Goff,Petroleum Refining,Energy,"San Antonio, TX",http://www.tsocorp.com,9,Tesoro,2015
280,S. Varadarajan,Petroleum Refining,Energy,"Mumbai, India",http://www.bharatpetroleum.in,12,Bharat Petroleum,2015
281,Hong Qi,Banks: Commercial and Savings,Financials,"Beijing, China",http://www.cmbc.com.cn,3,China Minsheng Banking,2015
282,Ben Keswick,Specialty Retailers,Retailing,"Hong Kong, China",http://www.jardines.com,16,Jardine Matheson,2015
283,-,Utilities,Energy,"Bilbao, Spain",http://www.iberdrola.es,11,Iberdrola,2015
284,Ulrich Spiesshofer,Industrial Machinery,Industrials,"Zurich, Switzerland",http://www.abb.com,21,ABB,2015
285,Carsten Spohr,Airlines,Transportation,"Cologne, Germany",http://www.lufthansagroup.com,21,Lufthansa Group,2015
286,David H. Long,Insurance: Property and Casualty (Stock),Financials,"Boston, MA",http://www.libertymutual.com,21,Liberty Mutual Insurance Group,2015
287,W. Galen Weston,Food and Drug Stores,Food & Drug Stores,"Toronto, Ontario, Canada",http://www.weston.ca,21,Weston,2015
288,Ren Hongbin,Industrial Machinery,Industrials,"Beijing, China",http://www.sinomach.com.cn,5,Sinomach,2015
289,Tidjane Thiam,Banks: Commercial and Savings,Financials,"Zurich, Switzerland",http://www.credit-suisse.com,21,Credit Suisse Group,2015
290,Tsuyoshi Nagano,Insurance: Property and Casualty (Stock),Financials,"Tokyo, Japan",http://www.tokiomarinehd.com,21,Tokio Marine Holdings,2015
291,Masaki Sakuyama,"Electronics, Electrical Equip.",Industrials,"Tokyo, Japan",http://www.mitsubishielectric.com,21,Mitsubishi Electric,2015
292,Herbert K. Haas,Insurance: Property and Casualty (Stock),Financials,"Hanover, Germany",http://www.talanx.com,2,Talanx,2015
293,Koji Arima,Motor Vehicles and Parts,Motor Vehicles & Parts,"Kariya, Japan",http://www.globaldenso.com,21,Denso,2015
294,Oscar Munoz,Airlines,Transportation,"Chicago, IL",http://www.unitedcontinentalholdings.com,20,United Continental Holdings,2015
295,Wolfgang Kirsch,Banks: Commercial and Savings,Financials,"Frankfurt, Germany",http://www.dzbank.com,21,DZ Bank,2015
296,Ji Xiaohui,Banks: Commercial and Savings,Financials,"Shanghai, China",http://www.spdb.com.cn,3,Shanghai Pudong Devel. Bank,2015
297,Theodore A. Mathas,"Insurance: Life, Health (Mutual)",Financials,"New York, NY",http://www.newyorklife.com,21,New York Life Insurance,2015
298,Paul Desmarais,"Insurance: Life, Health (stock)",Financials,"Montreal, Quebec, Canada",http://www.powercorporation.com,17,Power Corp. of Canada,2015
299,David McKay,Banks: Commercial and Savings,Financials,"Toronto, Ontario, Canada",http://www.rbc.com,21,Royal Bank of Canada,2015
300,Safra A. Catz,Computer Software,Technology,"Redwood City, CA",http://www.oracle.com,9,Oracle,2015
301,Michael Coupe,Food and Drug Stores,Food & Drug Stores,"London, Britain",http://www.j-sainsbury.co.uk,21,Sainsbury’s,2015
302,Jin-Soo Huh,Petroleum Refining,Energy,"Seoul, South Korea",http://www.gscaltex.com,4,GS Caltex,2015
303,Ross McEwan,Banks: Commercial and Savings,Financials,"Edinburgh, Britain",http://www.rbs.com,17,Royal Bank of Scotland Group,2015
304,Lv Chunfeng,Metals,Materials,"Tianjin, China",http://www.bohaisteel.com,2,Bohai Steel Group,2015
305,Brian P. Hannasch,Specialty Retailers,Retailing,"Laval, Quebec, Canada",http://www.couche-tard.com,2,Alimentation Couche-Tard,2015
306,James P. Gorman,Commercial Banks,Financials,"New York, NY",http://www.morganstanley.com,18,Morgan Stanley,2015
307,Takashi Tsukioka,Petroleum Refining,Energy,"Tokyo, Japan",http://www.idemitsu.com,21,Idemitsu Kosan,2015
308,Sergio P. Ermotti,Banks: Commercial and Savings,Financials,"Zurich, Switzerland",http://www.ubs.com,21,UBS Group,2015
309,Andrew Witty,Pharmaceuticals,Health Care,"Brentford, Britain",http://www.gsk.com,21,GlaxoSmithKline,2015
310,Francesco Caio,"Mail, Package, and Freight Delivery",Transportation,"Rome, Italy",http://www.poste.it,10,Poste Italiane,2015
311,Donnie Smith,Food Production,"Food, Beverages & Tobacco","Springdale, AR",http://www.tysonfoods.com,14,Tyson Foods,2015
312,Murilo Pinto de Oliveira Ferreira,"Mining, Crude-Oil Production",Energy,"Rio de Janeiro, Brazil",http://www.vale.com,9,Vale,2015
313,Michel M. Liès,Insurance: Property and Casualty (Stock),Financials,"Zurich, Switzerland",http://www.swissre.com,21,Swiss Re,2015
314,Markus Mosa,Wholesalers: Food and Grocery,Wholesalers,"Hamburg, Germany",http://www.edeka-verbund.de,17,Edeka Zentrale,2015
315,Wang Sheping,"Mining, Crude-Oil Production",Energy,"Xingtai, China",http://www.jznyjt.com,5,Jizhong Energy Group,2015
316,Paul Lie-Way Chen,Petroleum Refining,Energy,"Taipei, Taiwan",http://www.cpc.com.tw,16,CPC,2015
317,Steve W. Williams,Petroleum Refining,Energy,"Calgary, Alberta, Canada",http://www.suncor.com,7,Suncor Energy,2015
318,Donald J. Walker,Motor Vehicles and Parts,Motor Vehicles & Parts,"Aurora, Ontario, Canada",http://www.magna.com,15,Magna International,2015
319,Shunichi Miyanaga,Industrial Machinery,Industrials,"Tokyo, Japan",http://www.mhi-global.com,21,Mitsubishi Heavy Industries,2015
320,Stephen S. Rasmussen,Insurance: Property and Casualty (Mutual),Financials,"Columbus, OH",http://www.nationwide.com,21,Nationwide,2015
321,Sun Li,Wholesalers: Diversified,Wholesalers,"Beijing, China",http://www.cnaf.com,5,China National Aviation Fuel Group,2015
322,Guillaume Pepy,Railroads,Transportation,"St. Denis, France",http://www.sncf.com,21,SNCF,2015
323,Samuel R. Allen,Construction and Farm Machinery,Industrials,"Moline, IL",http://www.johndeere.com,21,Deere,2015
324,Edward Breen,Chemicals,Chemicals,"Wilmington, DE",http://www.dupont.com,21,DuPont,2015
325,Kenneth I. Chenault,Commercial Banks,Financials,"New York, NY",http://www.americanexpress.com,21,American Express,2015
326,Guo Wenqing,"Engineering, Construction",Engineering & Construction,"Beijing, China",http://www.mcc.com.cn,8,China Metallurgical Group,2015
327,Nishi Vasudeva,Petroleum Refining,Energy,"Mumbai, India",http://www.hindustanpetroleum.com,12,Hindustan Petroleum,2015
328,Huo Lianhong,"Insurance: Life, Health (stock)",Financials,"Shanghai, China",http://www.cpic.com.cn,5,China Pacific Insurance,2015
329,Jae Hong Park,"Insurance: Life, Health (stock)",Financials,"Seoul, South Korea",http://www.hanwhacorp.co.kr,10,Hanwha,2015
330,Brian Hartzer,Banks: Commercial and Savings,Financials,"Sydney, Australia",http://www.westpac.com.au,11,Westpac Banking,2015
331,Willem A.J. van Duin,"Insurance: Life, Health (Mutual)",Financials,"Zeist, Netherlands",http://www.achmea.nl,2,Achmea,2015
332,Jong-Ho Lee,Energy,Energy,"Daegum, South Korea",http://www.kogas.or.kr,6,Korea Gas,2015
333,Thomas J. Wilson,Insurance: Property and Casualty (Stock),Financials,"Northbrook, IL",http://www.allstate.com,20,Allstate,2015
334,Fujio Mitarai,"Computers, Office Equipment",Technology,"Tokyo, Japan",http://www.canon.com,21,Canon,2015
335,Keith Skeoch,"Insurance: Life, Health (stock)",Financials,"Edinburgh, Britain",http://www.standardlife.com,18,Standard Life,2015
336,Fok Canning,Specialty Retailers,Retailing,"Hong Kong, China",http://www.hutchison-whampoa.com,12,Hutchison Whampoa,2015
337,Eiji Hayashida,Metals,Materials,"Tokyo, Japan",http://www.jfe-holdings.co.jp,13,JFE Holdings,2015
338,David M. Cordani,Health Care: Insurance and Managed Care,Health Care,"Bloomfield, CT",http://www.cigna.com,20,Cigna,2015
339,Wang Tingge,Trading,Wholesalers,"Hangzhou, China",http://www.zjmi.com,5,Zhejiang Materials Industry Group,2015
340,Masaaki Tsuya,Motor Vehicles and Parts,Motor Vehicles & Parts,"Tokyo, Japan",http://www.bridgestone.com,21,Bridgestone,2015
341,Zhang Youxi,"Mining, Crude-Oil Production",Energy,"Datong, China",http://www.dtcoalmine.com,3,Datong Coal Mine Group,2015
342,Chen Qiutu,Energy,Energy,"Shanghai, China",http://www.cefc.co,2,CEFC China Energy,2015
343,Qiao Baoping,Energy,Energy,"Beijing, China",http://www.cgdc.com.cn,6,China Guodian,2015
344,Liu Mingzhong,Metals,Materials,"Beijing, China",http://english.xxcig.com,4,Xinxing Cathay International,2015
345,Li Qingkui,Utilities,Energy,"Beijing, China",http://www.chd.com.cn,4,China Huadian,2015
346,Juan Carlos Echeverry,"Mining, Crude-Oil Production",Energy,"Bogotá, Colombia",http://www.ecopetrol.com.co,5,Ecopetrol,2015
347,Chung Myung-Chul,Motor Vehicles and Parts,Motor Vehicles & Parts,"Seoul, South Korea",http://www.mobis.co.kr,4,Hyundai Mobis,2015
348,Irene B. Rosenfeld,Food Consumer Products,"Food, Beverages & Tobacco","Deerfield, IL",http://www.mondelezinternational.com,8,Mondelez International,2015
349,Roger W. Ferguson,"Insurance: Life, Health (Mutual)",Financials,"New York, NY",http://www.tiaa-cref.org,18,TIAA-CREF,2015
350,Kuniharu Nakamura,Trading,Wholesalers,"Tokyo, Japan",http://www.sumitomocorp.co.jp,21,Sumitomo,2015
351,Al Monaco,Pipelines,Energy,"Calgary, Alberta, Canada",http://www.enbridge.com,2,Enbridge,2015
352,"""Sean M. O'Connor""",Diversified Financials,Financials,"New York, NY",http://www.intlfcstone.com,6,INTL FCStone,2015
353,Dariusz Jacek Krawiec,Petroleum Refining,Energy,"Plock, Poland",http://www.orlen.pl,9,PKN ORLEN Group,2015
354,Li Baomin,"Mining, Crude-Oil Production",Energy,"Guixi, China",http://www.jxcc.com,3,Jiangxi Copper,2015
355,Jian-Jong Cheng,"Computers, Office Equipment",Technology,"Taipei, Taiwan",http://www.pegatroncorp.com,3,Pegatron,2015
356,Roger W. Crandall,"Insurance: Life, Health (Mutual)",Financials,"Springfield, MA",http://www.massmutual.com,19,Massachusetts Mutual Life,2015
357,Bharat Masrani,Banks: Commercial and Savings,Financials,"Toronto, Ontario, Canada",http://www.td.com,16,Toronto-Dominion Bank,2015
358,Li Jinping,"Mining, Crude-Oil Production",Energy,"Changzhi, China",http://www.cnluan.com,3,Shanxi LuAn Mining Group,2015
359,Marco Patuano,Telecommunications,Telecommunications,"Milan, Italy",http://www.telecomitalia.com,16,Telecom Italia,2015
360,Michael D. White,Telecommunications,Telecommunications,"El Segundo, CA",http://www.directv.com,8,DirecTV,2015
361,Hitoshi Ochi,Chemicals,Chemicals,"Tokyo, Japan",http://www.mitsubishichem-hd.co.jp,21,Mitsubishi Chemical Holdings,2015
362,Zeng Qinghong,Motor Vehicles and Parts,Motor Vehicles & Parts,"Guangzhou, China",http://www.gaig.com.cn,3,Guangzhou Automobile Industry Group,2015
363,Hans Vestberg,Network and Other Communications Equipment,Technology,"Stockholm, Sweden",http://www.ericsson.com,21,Ericsson,2015
364,"""Chen Xiang'en""","Mining, Crude-Oil Production",Energy,"Zhengzhou, China",http://www.hnecgc.com.cn,5,Henan Energy & Chemical,2015
365,Alexandre de Juniac,Airlines,Transportation,"Paris, France",http://www.airfranceklm.com,19,Air France-KLM Group,2015
366,Rui Xiaowu,Network and Other Communications Equipment,Technology,"Beijing, China",http://www.cec.com.cn,5,China Electronics,2015
367,Jean-Pascal Tricoire,"Electronics, Electrical Equip.",Industrials,"Rueil-Malmaison, France",http://www.schneider-electric.com,14,Schneider Electric,2015
368,Michael R.P. Smith,Banks: Commercial and Savings,Financials,"Docklands, Australia",http://www.anz.com,12,Australia & New Zeal. Bnkg.,2015
369,David J. Lesar,"Oil and Gas Equipment, Services",Energy,"Houston, TX",http://www.halliburton.com,13,Halliburton,2015
370,Rafael Villaseca Marco,Energy,Energy,"Barcelona, Spain",http://www.gasnaturalfenosa.com,7,Gas Natural Fenosa,2015
371,Hu Wenming,Industrial Machinery,Industrials,"Beijing, China",http://www.csic.com.cn,5,China Shipbuilding Industry,2015
372,Masahiro Hashimoto,"Insurance: Life, Health (Mutual)",Financials,"Osaka, Japan",http://www.sumitomolife.co.jp,21,Sumitomo Life Insurance,2015
373,Bu Changsen,"Mining, Crude-Oil Production",Energy,"Jinan , China",http://www.snjt.com,4,Shandong Energy Group,2015
374,Pierre Nanterme,Information Technology Services,Technology,"Dublin, Ireland",http://www.accenture.com,14,Accenture,2015
375,James R. Murdoch,Entertainment,Media,"New York, NY",http://www.21cf.com,21,Twenty-First Century Fox,2015
376,Antoine Frerot,Utilities,Energy,"Paris, France",http://www.veolia.com,13,Veolia Environnement,2015
377,Inge G. Thulin,zMiscellaneous,Industrials,"St. Paul, MN",http://www.3m.com,21,3M,2015
378,Enrique Ochoa Reza,Utilities,Energy,"Mexico City, Mexico",http://www.cfe.gob.mx,10,CFE,2015
379,He Tiancai,"Mining, Crude-Oil Production",Energy,"Jincheng, China",http://www.jamg.cn,3,Shanxi Jincheng Anthracite Coal Mining,2015
380,He Jiuchang,"Mining, Crude-Oil Production",Energy,"""Xi'an, China""",http://www.sxycpc.com,3,Shaanxi Yanchang Petroleum,2015
381,Levent Çakiroglu,Energy,Energy,"Istanbul, Turkey",http://www.koc.com.tr,14,Koç Holding,2015
382,Zhu Xiaoming,Energy,Energy,"Taiyuan , China",http://www.jinnengjt.com,4,Jinneng Group,2015
383,Edward S. Lampert,General Merchandisers,Retailing,"Hoffman Estates, IL",http://www.searsholdings.com,21,Sears Holdings,2015
384,Makoto Yagi,Utilities,Energy,"Osaka, Japan",http://www.kepco.co.jp,21,Kansai Electric Power,2015
385,Frans A. van Houten,"Electronics, Electrical Equip.",Industrials,"Amsterdam, Netherlands",http://www.philips.com,21,Royal Philips,2015
386,Phebe N. Novakovic,Aerospace and Defense,Aerospace & Defense,"Falls Church, VA",http://www.generaldynamics.com,15,General Dynamics,2015
387,Ulf M. Schneider,Health Care: Medical Facilities,Health Care,"Bad Homburg, Germany",http://www.fresenius.com,6,Fresenius,2015
388,Todd Jones,Food and Drug Stores,Food & Drug Stores,"Lakeland, FL",http://www.publix.com,21,Publix Super Markets,2015
389,Barry Lam,"Computers, Office Equipment",Technology,"Taoyuan, Taiwan",http://www.quantatw.com,10,Quanta Computer,2015
390,Zhang Keli,"Mining, Crude-Oil Production",Energy,"Beijing, China",http://www.cnmc.com.cn,3,China Nonferrous Metal Mining,2015
391,Wang Jianping,"Engineering, Construction",Engineering & Construction,"Beijing, China",http://www.ceec.net.cn,2,China Energy Engineering,2015
392,Chen Jinhang,Energy,Energy,"Beijing, China",http://www.china-cdt.com,6,China Datang,2015
393,Chen Bao Lang,Petroleum Refining,Energy,"Mailiao, Taiwan",http://www.fpcc.com.tw,9,Formosa Petrochemical,2015
394,Wiebe Draijer,Banks: Commercial and Savings,Financials,"Utrecht, Netherlands",http://www.rabobank.com,21,Rabobank,2015
395,Jean-Paul Agon,Household and Personal Products,Household Products,"Clichy, France",http://www.loreal.com,21,L’Oreal,2015
396,Kengo Sakurada,Insurance: Property and Casualty (Stock),Financials,"Tokyo, Japan",http://www.sompo-hd.com,19,Sompo Japan Nipponkoa,2015
397,Herbert Bolliger,Food and Drug Stores,Food & Drug Stores,"Zurich, Switzerland",http://www.migros.ch,21,Migros Group,2015
398,Andre Calantzopoulos,Tobacco,"Food, Beverages & Tobacco","New York, NY",http://www.pmi.com,7,Philip Morris International,2015
399,Antonio Huertas Mejías,Insurance: Property and Casualty (Stock),Financials,"Madrid, Spain",http://www.mapfre.com,8,Mapfre Group,2015
400,Zhang Wenxue,"Mining, Crude-Oil Production",Energy,"Tangshan, China",http://www.kailuan.com.cn,4,Kailuan Group,2015
401,Joos Sutter,Food and Drug Stores,Food & Drug Stores,"Basel, Switzerland",http://www.coop.ch,6,Coop Group,2015
402,Zhang Gongyan,Metals,Materials,"Beijing, China",http://www.shougang.com.cn,5,Shougang Group,2015
403,Lu Qizhou,Utilities,Energy,"Beijing, China",http://www.cpicorp.com.cn,4,China Power Investment,2015
404,Andrey Leonidovich Kostin,Banks: Commercial and Savings,Financials,"Moscow, Russia",http://www.vtb.com,2,VTB Bank,2015
405,Oliver Windholz,Wholesalers: Health Care,Health Care,"Mannheim, Germany",http://www.phoenixgroup.eu,5,Phoenix Pharmahandel,2015
406,Carlo Cimbri,"Insurance: Life, Health (stock)",Financials,"Bologna, Italy",http://www.unipol.it,2,Unipol,2015
407,Frans W.H. Muller,Food and Drug Stores,Food & Drug Stores,"Brussels, Belgium",http://www.delhaizegroup.com,21,Delhaize Group,2015
408,Philippe Wahl,"Mail, Package, and Freight Delivery",Transportation,"Paris, France",http://www.laposte.fr,20,La Poste,2015
409,Zhao Shiping,"Mining, Crude-Oil Production",Energy,"Yangquan, China",http://www.ymjt.com.cn,3,Yangquan Coal Industry Group,2015
410,Ernie L. Herrman,Specialty Retailers: Apparel,Retailing,"Framingham, MA",http://www.tjx.com,14,TJX,2015
411,Gavin E. Patterson,Telecommunications,Telecommunications,"London, Britain",http://www.bt.com,21,BT Group,2015
412,Yasuhiro Sato,Banks: Commercial and Savings,Financials,"Tokyo, Japan",http://www.mizuho-fg.co.jp,15,Mizuho Financial Group,2015
413,Arnaud de Puyfontaine,Entertainment,Media,"Paris, France",http://www.vivendi.com,21,Vivendi,2015
414,Thilo Mannhardt,Energy,Energy,"São Paulo, Brazil",http://www.ultra.com.br,6,Ultrapar Holdings,2015
415,Jeffrey L. Bewkes,Entertainment,Media,"New York, NY",http://www.timewarner.com,14,Time Warner,2015
416,Yang Zhaoqian,"Mining, Crude-Oil Production",Energy,"""Xi'an, China""",http://www.shccig.com,1,Shaanxi Coal & Chemical Industry,2015
417,Brian J. Porter,Banks: Commercial and Savings,Financials,"Toronto, Ontario, Canada",http://www.scotiabank.com,18,Bank of Nova Scotia,2015
418,Richard J. Cousins,Food Services,"Hotels, Resturants & Leisure","Chertsey, Britain",http://www.compass-group.com,14,Compass Group,2015
419,Akihisa Mizuno,Utilities,Energy,"Nagoya, Japan",http://www.chuden.co.jp,21,Chubu Electric Power,2015
420,Tang Shuangning,Banks: Commercial and Savings,Financials,"Beijing, China",http://www.ebchina.com,1,China Everbright Group,2015
421,Terry J. Lundgren,General Merchandisers,Retailing,"Cincinnati, OH",http://www.macysinc.com,21,Macy’s,2015
422,Emmanuel Faber,Food Consumer Products,"Food, Beverages & Tobacco","Paris, France",http://www.danone.com,21,Danone,2015
423,Jui-Tsung Chen,"Computers, Office Equipment",Technology,"Taipei, Taiwan",http://www.compal.com,4,Compal Electronics,2015
424,Frank Mastiaux,Utilities,Energy,"Karlsruhe, Germany",http://www.enbw.com,9,Energie Baden-Württemberg,2015
425,Mark G. Parker,Apparel,Apparel,"Beaverton, OR",http://www.nike.com,9,Nike,2015
426,He Tongxin,"Engineering, Construction",Engineering & Construction,"Beijing, China",http://www.genertec.com.cn,2,China General Technology,2015
427,Robert M. Dutkowsky,Wholesalers: Electronics and Office Equipment,Wholesalers,"Clearwater, FL",http://www.techdata.com,17,Tech Data,2015
428,Jun Mutoh,Petroleum Refining,Energy,"Tokyo, Japan",http://www.tonengeneral.co.jp,1,TonenGeneral Sekiyu,2015
429,Masamichi Kogai,Motor Vehicles and Parts,Motor Vehicles & Parts,"Hiroshima, Japan",http://www.mazda.com,21,Mazda Motor,2015
430,Richard Hamada,Wholesalers: Electronics and Office Equipment,Wholesalers,"Phoenix, AZ",http://www.avnet.com,5,Avnet,2015
431,David T. Potts,Food and Drug Stores,Food & Drug Stores,"Bradford, Britain",http://www.morrisons.com,11,Morrisons,2015
432,Ma Zehua,Shipping,Transportation,"Beijing, China",http://www.cosco.com,8,China Ocean Shipping,2015
433,John E. Schlifske,"Insurance: Life, Health (Mutual)",Financials,"Milwaukee, WI",http://www.northwesternmutual.com,21,Northwestern Mutual,2015
434,Steve J. Easterbrook,Food Services,"Hotels, Resturants & Leisure","Oak Brook, IL",http://www.aboutmcdonalds.com,21,McDonald’s,2015
435,Christopher M. Crane,Utilities: Gas and Electric,Energy,"Chicago, IL",http://www.exeloncorp.com,12,Exelon,2015
436,Osamu Suzuki,Motor Vehicles and Parts,Motor Vehicles & Parts,"Hamamatsu, Japan",http://www.globalsuzuki.com,21,Suzuki Motor,2015
437,Lei Fanpei,Aerospace and Defense,Aerospace & Defense,"Beijing, China",http://www.spacechina.com,1,China Aerospace Science & Technology,2015
438,Alan D. Schnitzer,Insurance: Property and Casualty (Stock),Financials,"New York, NY",http://www.travelers.com,12,Travelers,2015
439,Nasser Al-Mahasher,Petroleum Refining,Energy,"Seoul, South Korea",http://www.s-oil.com,6,S-Oil,2015
440,Mark Cutifani,"Mining, Crude-Oil Production",Energy,"London, Britain",http://www.angloamerican.com,16,Anglo American,2015
441,Chi Hun Choi,Trading,Wholesalers,"Seoul, South Korea",http://www.samsungcnt.com,17,Samsung C&T,2015
442,Yasumori Ihara,Motor Vehicles and Parts,Motor Vehicles & Parts,"Kariya, Japan",http://www.aisin.com,14,Aisin Seiki,2015
443,William M. Walsh,Airlines,Transportation,"Hounslow, Britain",http://www.iairgroup.com,18,International Airlines Group,2015
444,Nobuhiro Endo,Information Technology Services,Technology,"Tokyo, Japan",http://www.nec.com,21,NEC,2015
445,Lee Won-Joon,General Merchandisers,Retailing,"Seoul, South Korea",http://www.lotteshopping.com,2,Lotte Shopping,2015
446,Alain Dehaze,Temporary Help,"Hotels, Resturants & Leisure","Glattbrugg, Switzerland",http://www.adecco.com,17,Adecco Group,2015
447,John T. Standley,Food and Drug Stores,Food & Drug Stores,"Camp Hill, PA",http://www.riteaid.com,17,Rite Aid,2015
448,Steven M. Mollenkopf,Network and Other Communications Equipment,Technology,"San Diego, CA",http://www.qualcomm.com,2,Qualcomm,2015
449,D.K. Sarraf,"Mining, Crude-Oil Production",Energy,"Dehradun, India",http://www.ongcindia.com,11,Oil & Natural Gas,2015
450,Mark S. Sutton,"Packaging, Containers",Materials,"Memphis, TN",http://www.internationalpaper.com,21,International Paper,2015
451,Zhang Guangning,Metals,Materials,"Anshan, China",http://www.ansteel.cn,4,Ansteel Group,2015
452,Yasuyuki Yoshinaga,Motor Vehicles and Parts,Motor Vehicles & Parts,"Tokyo, Japan",http://www.fhi.co.jp,13,Fuji Heavy Industries,2015
453,Michael M. McNamara,Semiconductors and Other Electronic Components,Technology,"Singapore, Singapore",http://www.flextronics.com,15,Flextronics International,2015
454,Shuichi Watanabe,Wholesalers: Health Care,Health Care,"Tokyo, Japan",http://www.medipal.co.jp,13,Medipal Holdings,2015
455,Pascal Soriot,Pharmaceuticals,Health Care,"London, Britain",http://www.astrazeneca.com,17,AstraZeneca,2015
456,Chang-Soo Kim,"Insurance: Life, Health (stock)",Financials,"Seoul, South Korea",http://www.samsunglife.com,19,Samsung Life Insurance,2015
457,Zhang Zhengao,Real estate,Financials,"Beijing, China",http://www.poly.com.cn,1,China Poly Group,2015
458,Jean-Dominique Senard,Motor Vehicles and Parts,Motor Vehicles & Parts,"Clermont-Ferrand, France",http://www.michelin.com,21,Michelin,2015
459,Stephen I. Chazen,"Mining, Crude-Oil Production",Energy,"Houston, TX",http://www.oxy.com,15,Occidental Petroleum,2015
460,Gertjan J. Lankhorst,Energy,Energy,"Groningen, Netherlands",http://www.gasterra.nl,10,GasTerra,2015
461,Masayoshi Matsumoto,"Electronics, Electrical Equip.",Industrials,"Osaka, Japan",http://global-sei.com/,21,Sumitomo Electric Industries,2015
462,Lynn J. Good,Utilities: Gas and Electric,Energy,"Charlotte, NC",http://www.duke-energy.com,12,Duke Energy,2015
463,Jean-François van Boxmeer,Beverages,"Food, Beverages & Tobacco","Amsterdam, Netherlands",http://www.heinekenholding.com,9,Heineken Holding,2015
464,Li Xianhua,Airlines,Transportation,"Haikou City, China",http://www.hnagroup.com,1,HNA Group,2015
465,Takeo Higuchi,"Engineering, Construction",Engineering & Construction,"Osaka, Japan",http://www.daiwahouse.co.jp,11,Daiwa House Industry,2015
466,Julian V.F. Roberts,"Insurance: Life, Health (stock)",Financials,"London, Britain",http://www.oldmutual.com,14,Old Mutual,2015
467,Mark Edward Tucker,"Insurance: Life, Health (stock)",Financials,"Hong Kong, China",http://www.aia.com,1,AIA Group,2015
468,Ian G. King,Aerospace and Defense,Aerospace & Defense,"London, Britain",http://www.baesystems.com,21,BAE Systems,2015
469,Friedrich Joussen,Travel Services,"Hotels, Resturants & Leisure","Hanover, Germany",http://www.tui-group.com,21,TUI,2015
470,Kozo Takahashi,"Electronics, Electrical Equip.",Technology,"Osaka, Japan",http://www.sharp.co.jp,21,Sharp,2015
471,Ming-Ho Hsiung,"Insurance: Life, Health (stock)",Financials,"Taipei, Taiwan",http://www.cathaylife.com.tw,14,Cathay Life Insurance,2015
472,Mark Liu,Semiconductors and Other Electronic Components,Technology,"Hsinchu, Taiwan",http://www.tsmc.com,1,Taiwan Semiconductor,2015
473,Sang-Beom Han,"Electronics, Electrical Equip.",Technology,"Seoul, South Korea",http://www.lgdisplay.com,4,LG Display,2015
474,Andrew Owens,Energy,Energy,"London, Britain",http://www.greenergy.com,1,Greenergy Fuels Holdings,2015
475,Albert Manifold,"Building Materials, Glass",Materials,"Dublin, Ireland",http://www.crh.com,12,CRH,2015
476,Tetsuro Tomita,Railroads,Transportation,"Tokyo, Japan",http://www.jreast.co.jp,21,East Japan Railway,2015
477,Li Shufu,Motor Vehicles and Parts,Motor Vehicles & Parts,"Hangzhou, China",http://www.geely.com,4,Zhejiang Geely Holding Group,2015
478,John F. Milligan,Pharmaceuticals,Health Care,"Foster City, CA",http://www.gilead.com,1,Gilead Sciences,2015
479,William T. Winters,Banks: Commercial and Savings,Financials,"London, Britain",http://www.sc.com,8,Standard Chartered,2015
480,Sofyan Basir,Utilities: Gas and Electric,Energy,"Jakarta, Indonesia",http://www.pln.co.id,2,Perusahaan Listrik Negara,2015
481,Andrew Penn,Telecommunications,Telecommunications,"Melbourne, Australia",http://www.telstra.com.au,18,Telstra,2015
482,Patrick Kron,Industrial Machinery,Industrials,"Levallois-Perret, France",http://www.alstom.com,17,Alstom,2015
483,Martin S. Craighead,"Oil and Gas Equipment, Services",Energy,"Houston, TX",http://www.bakerhughes.com,1,Baker Hughes,2015
484,David N. Farr,"Electronics, Electrical Equip.",Industrials,"St. Louis, MO",http://www.emerson.com,21,Emerson Electric,2015
485,Michel Landel,Food Services,"Hotels, Resturants & Leisure","Issy-les-Moulineaux, France",http://www.sodexo.com,16,Sodexo,2015
486,Steven J. Holliday,Utilities,Energy,"London, Britain",http://www.nationalgrid.com,10,National Grid,2015
487,Joseph M. Tucci,Computer Peripherals,Technology,"Hopkinton, MA",http://www.emc.com,1,EMC,2015
488,Stefan Sommer,Motor Vehicles and Parts,Motor Vehicles & Parts,"Friedrichshafen, Germany",http://www.zf.com,2,ZF Friedrichshafen,2015
489,Hans-Jörg Vetter,Banks: Commercial and Savings,Financials,"Stuttgart, Germany",http://www.lbbw.de,16,Landesbank Baden-Württemberg,2015
490,Gerald W. Schwartz,Semiconductors and Other Electronic Components,Technology,"Toronto, Ontario, Canada",http://www.onex.com,16,Onex,2015
491,Magnus Hall,Utilities,Energy,"Solna, Sweden",http://www.vattenfall.com,13,Vattenfall,2015
492,Stuart Parker,Insurance: Property and Casualty (Stock),Financials,"San Antonio, TX",http://www.usaa.com,2,United Services Auto. Assn.,2015
493,Lance M. Fritz,Railroads,Transportation,"Omaha, NE",http://www.up.com,12,Union Pacific,2015
494,Wesley G. Bush,Aerospace and Defense,Aerospace & Defense,"Falls Church, VA",http://www.northropgrumman.com,16,Northrop Grumman,2015
495,Klaus Kleinfeld,Metals,Materials,"New York, NY",http://www.alcoa.com,20,Alcoa,2015
496,Richard D. Fairbank,Commercial Banks,Financials,"McLean, VA",http://www.capitalone.com,5,Capital One Financial,2015
497,Jorge Andueza Fouque,Energy,Energy,"Santiago, Chile",http://www.antarchile.cl,2,AntarChile,2015
498,Warren East,Aerospace and Defense,Aerospace & Defense,"London, Britain",http://www.rolls-royce.com,2,Rolls-Royce Holdings,2015
499,Keizo Morikawa,Petroleum Refining,Energy,"Tokyo, Japan",http://www.cosmo-oil.co.jp,20,Cosmo Oil,2015
500,Deng Qilin,Metals,Materials,"Wuhan, China",http://www.wisco.com.cn,6,Wuhan Iron & Steel,2015
