,CEO,Sector,Industry,HQ Location,Website,Years on Global 500 List,Employees,company,year
1,C. Douglas McMillon,Retailing,General Merchandisers,"Bentonville, AR",http://www.walmart.com,23,"2,300,000",Walmart,2017
2,Kou Wei,Energy,Utilities,"Beijing, China",http://www.sgcc.com.cn,17,"926,067",State Grid,2017
3,Wang Yupu,Energy,Petroleum Refining,"Beijing, China",http://www.sinopec.com,19,"713,288",Sinopec Group,2017
4,Wang Yupu,Energy,Petroleum Refining,"Beijing, China",http://www.sinopec.com,19,"713,288",Sinopec Group,2017
5,Zhang Jianhua,Energy,Petroleum Refining,"Beijing, China",http://www.cnpc.com.cn,17,"1,512,048",China National Petroleum,2017
6,Akio Toyoda,Motor Vehicles & Parts,Motor Vehicles and Parts,"Toyota, Japan",http://www.toyota-global.com,23,"364,445",Toyota Motor,2017
7,Matthias Muller,Motor Vehicles & Parts,Motor Vehicles and Parts,"Wolfsburg, Germany",http://www.volkswagen.com,23,"626,715",Volkswagen,2017
8,Ben van Beurden,Energy,Petroleum Refining,"The Hague, Netherlands",http://www.shell.com,23,"89,000",Royal Dutch Shell,2017
9,Warren E. Buffett,Financials,Insurance: Property and Casualty (Stock),"Omaha, NE",http://www.berkshirehathaway.com,21,"367,700",Berkshire Hathaway,2017
10,Timothy D. Cook,Technology,"Computers, Office Equipment","Cupertino, CA",http://www.apple.com,15,"116,000",Apple,2017
11,Darren W. Woods,Energy,Petroleum Refining,"Irving, TX",http://www.exxonmobil.com,23,"72,700",Exxon Mobil,2017
12,John H. Hammergren,Wholesalers,Wholesalers: Health Care,"San Francisco, CA",http://www.mckesson.com,23,"64,500",McKesson,2017
13,Robert W. Dudley,Energy,Petroleum Refining,"London, Britain",http://www.bp.com,23,"74,500",BP,2017
14,Stephen J. Hemsley,Health Care,Health Care: Insurance and Managed Care,"Minnetonka, MN",http://www.unitedhealthgroup.com,21,"230,000",UnitedHealth Group,2017
15,Larry J. Merlo,Health Care,Health Care: Pharmacy and Other Services,"Woonsocket, RI",http://www.cvshealth.com,22,"204,000",CVS Health,2017
16,Oh-Hyun Kwon,Technology,"Electronics, Electrical Equip.","Suwon, South Korea",http://www.samsung.com,23,"325,000",Samsung Electronics,2017
17,Ivan Glasenberg,Energy,"Mining, Crude-Oil Production","Baar, Switzerland",http://www.glencore.com,7,"93,123",Glencore,2017
18,Dieter Zetsche,Motor Vehicles & Parts,Motor Vehicles and Parts,"Stuttgart, Germany",http://www.daimler.com,23,"282,488",Daimler,2017
19,Mary T. Barra,Motor Vehicles & Parts,Motor Vehicles and Parts,"Detroit, MI",http://www.gm.com,23,"225,000",General Motors,2017
20,Randall L. Stephenson,Telecommunications,Telecommunications,"Dallas, TX",http://www.att.com,23,"268,540",AT&T,2017
21,John Elkann,Financials,Diversified Financials,"Amsterdam, Netherlands",http://www.exor.com,7,"302,562",EXOR Group,2017
22,James P. Hackett,Motor Vehicles & Parts,Motor Vehicles and Parts,"Dearborn, MI",http://www.ford.com,23,"201,000",Ford Motor,2017
23,Gu Shu,Financials,Banks: Commercial and Savings,"Beijing, China",http://www.icbc-ltd.com,19,"461,749",Industrial & Commercial Bank of China,2017
24,Steven H. Collis,Wholesalers,Wholesalers: Health Care,"Chesterbrook, PA",http://www.amerisourcebergen.com,18,"18,500",AmerisourceBergen,2017
25,Guan Qing,Engineering & Construction,"Engineering, Construction","Beijing, China",http://www.cscec.com,6,"263,915",China State Construction Engineering,2017
26,Thomas Buberl,Financials,"Insurance: Life, Health (stock)","Paris, France",http://www.axa.com,23,"97,707",AXA,2017
27,Jeffrey P. Bezos,Technology,Internet Services and Retailing,"Seattle, WA",http://www.amazon.com,9,"341,400",Amazon.com,2017
28,Terry Gou,Technology,"Electronics, Electrical Equip.","New Taipei City, Taiwan",http://www.foxconn.com,13,"726,772",Hon Hai Precision Industry,2017
29,Wang Hongzhang,Financials,Banks: Commercial and Savings,"Beijing, China",http://www.ccb.com,18,"362,482",China Construction Bank,2017
30,Takahiro Hachigo,Motor Vehicles & Parts,Motor Vehicles and Parts,"Tokyo, Japan",http://www.honda.com,23,"211,915",Honda Motor,2017
31,Patrick Pouyanne,Energy,Petroleum Refining,"Courbevoie, France",http://www.total.com,23,"102,168",Total,2017
32,Jeffrey R. Immelt,Industrials,Industrial Machinery,"Boston, MA",http://www.ge.com,23,"295,000",General Electric,2017
33,Lowell C. McAdam,Telecommunications,Telecommunications,"New York, NY",http://www.verizon.com,23,"160,900",Verizon,2017
34,Masatsugu Nagato,Financials,"Insurance: Life, Health (stock)","Tokyo, Japan",http://www.japanpost.jp,21,"248,384",Japan Post Holdings,2017
35,Oliver Bate,Financials,Insurance: Property and Casualty (Stock),"Munich, Germany",http://www.allianz.com,23,"140,253",Allianz,2017
36,George S. Barrett,Wholesalers,Wholesalers: Health Care,"Dublin, OH",http://www.cardinalhealth.com,20,"37,300",Cardinal Health,2017
37,W. Craig Jelinek,Retailing,General Merchandisers,"Issaquah, WA",http://www.costco.com,23,"172,000",Costco,2017
38,Stefano Pessina,Food & Drug Stores,Food and Drug Stores,"Deerfield, IL",http://www.walgreensbootsalliance.com,23,"300,000",Walgreens Boots Alliance,2017
39,Zhao Huan,Financials,Banks: Commercial and Savings,"Beijing, China",http://www.abchina.com,18,"501,368",Agricultural Bank of China,2017
40,Ma Mingzhe,Financials,"Insurance: Life, Health (stock)","Shenzhen, China",http://www.pingan.com,8,"318,588",Ping An Insurance,2017
41,W. Rodney McMullen,Food & Drug Stores,Food and Drug Stores,"Cincinnati, OH",http://www.thekrogerco.com,23,"443,000",Kroger,2017
42,Chen Zhixin,Motor Vehicles & Parts,Motor Vehicles and Parts,"Shanghai, China",http://www.saicmotor.com,6,"97,582",SAIC Motor,2017
43,Chen Siqing,Financials,Banks: Commercial and Savings,"Beijing, China",http://www.boc.cn,23,"308,900",Bank of China,2017
44,Jean-Laurent Bonnafe,Financials,Banks: Commercial and Savings,"Paris, France",http://www.bnpparibas.com,23,"184,839",BNP Paribas,2017
45,Hiroto Saikawa,Motor Vehicles & Parts,Motor Vehicles and Parts,"Yokohama, Japan",http://www.nissan-global.com,23,"137,250",Nissan Motor,2017
46,John S. Watson,Energy,Petroleum Refining,"San Ramon, CA",http://www.chevron.com,23,"55,200",Chevron,2017
47,Timothy J. Mayopoulos,Financials,Diversified Financials,"Washington, DC",http://www.fanniemae.com,20,"7,000",Fannie Mae,2017
48,Li Yue,Telecommunications,Telecommunications,"Beijing, China",http://www.10086.cn,17,"463,712",China Mobile Communications,2017
49,James Dimon,Financials,Banks: Commercial and Savings,"New York, NY",http://www.jpmorganchase.com,23,"243,355",J.P. Morgan Chase,2017
50,Nigel Wilson,Financials,"Insurance: Life, Health (stock)","London, Britain",http://www.legalandgeneralgroup.com,17,"8,939",Legal & General Group,2017
51,Hiroo Unoura,Telecommunications,Telecommunications,"Tokyo, Japan",http://www.ntt.co.jp,23,"274,844",Nippon Telegraph & Telephone,2017
52,Yang Mingsheng,Financials,"Insurance: Life, Health (stock)","Beijing, China",http://www.chinalife.com.cn,15,"143,676",China Life Insurance,2017
53,Harald Kruger,Motor Vehicles & Parts,Motor Vehicles and Parts,"Munich, Germany",http://www.bmwgroup.com,23,"124,729",BMW Group,2017
54,Timothy C. Wentworth,Health Care,Health Care: Pharmacy and Other Services,"St. Louis, MO",http://www.express-scripts.com,15,"25,600",Express Scripts Holding,2017
55,Jeremy Weir,Wholesalers,Trading,Singapore,http://www.trafigura.com,3,"4,107",Trafigura Group,2017
56,Zhang Zongyan,Engineering & Construction,"Engineering, Construction","Beijing, China",http://www.crecg.com,3,"292,215",China Railway Engineering,2017
57,Michael A. Wells,Financials,"Insurance: Life, Health (stock)","London, Britain",http://www.prudential.co.uk,22,"23,673",Prudential,2017
58,Philippe R. Donnet,Financials,"Insurance: Life, Health (stock)","Trieste, Italy",http://www.generali.com,23,"73,727",Assicurazioni Generali,2017
59,Meng Fengchao,Engineering & Construction,"Engineering, Construction","Beijing, China",http://www.crcc.cn,6,"336,872",China Railway Construction,2017
60,Craig A. Menear,Retailing,Specialty Retailers,"Atlanta, GA",http://www.homedepot.com,23,"406,000",Home Depot,2017
61,Dennis A. Muilenburg,Aerospace & Defense,Aerospace and Defense,"Chicago, IL",http://www.boeing.com,23,"150,540",Boeing,2017
62,Timothy J. Sloan,Financials,Banks: Commercial and Savings,"San Francisco, CA",http://www.wellsfargo.com,20,"269,100",Wells Fargo,2017
63,Brian T. Moynihan,Financials,Banks: Commercial and Savings,"Charlotte, NC",http://www.bankofamerica.com,23,"208,024",Bank of America Corp.,2017
64,Alexey B. Miller,Energy,Energy,"Moscow, Russia",http://www.gazprom.com,21,"467,400",Gazprom,2017
65,Ulf Mark Schneider,"Food, Beverages & Tobacco",Food Consumer Products,"Vevey, Switzerland",http://www.nestle.com,23,"328,000",Nestle,2017
66,Larry Page,Technology,Internet Services and Retailing,"Mountain View, CA",http://www.abc.xyz,9,"72,053",Alphabet,2017
67,Josef Kaeser,Industrials,Industrial Machinery,"Munich, Germany",http://www.siemens.com,23,"351,000",Siemens,2017
68,Georges Plassat,Food & Drug Stores,Food and Drug Stores,"Boulogne-Billancourt, France",http://www.carrefour.com,23,"384,151",Carrefour,2017
69,Li Shaozhu,Motor Vehicles & Parts,Motor Vehicles and Parts,"Wuhan, China",http://www.dfmc.com.cn,8,"189,795",Dongfeng Motor,2017
70,Satya Nadella,Technology,Computer Software,"Redmond, WA",http://www.microsoft.com,20,"114,000",Microsoft,2017
71,Joseph R. Swedish,Health Care,Health Care: Insurance and Managed Care,"Indianapolis, IN",http://www.antheminc.com,16,"53,000",Anthem,2017
72,Toshiaki Higashihara,Technology,"Electronics, Electrical Equip.","Tokyo, Japan",http://www.hitachi.com,23,"303,887",Hitachi,2017
73,Masayoshi Son,Telecommunications,Telecommunications,"Tokyo, Japan",http://www.softbank.jp,10,"68,402",SoftBank Group,2017
74,Jose Antonio Alvarez,Financials,Banks: Commercial and Savings,"Madrid, Spain",http://www.santander.com,23,"185,606",Banco Santander,2017
75,Michael L. Corbat,Financials,Banks: Commercial and Savings,"New York, NY",http://www.citigroup.com,23,"219,000",Citigroup,2017
76,Pedro Pullen Parente,Energy,Petroleum Refining,"Rio de Janeiro, Brazil",http://www.petrobras.com.br,23,"68,829",Petrobras,2017
77,Volkmar Denner,Motor Vehicles & Parts,Motor Vehicles and Parts,"Stuttgart, Germany",http://www.bosch.com,23,"389,281",Robert Bosch,2017
78,Timotheus Hottges,Telecommunications,Telecommunications,"Bonn, Germany",http://www.telekom.com,23,"221,000",Deutsche Telekom,2017
79,Mong-Koo Chung,Motor Vehicles & Parts,Motor Vehicles and Parts,"Seoul, South Korea",http://worldwide.hyundai.com,22,"129,315",Hyundai Motor,2017
80,Brian L. Roberts,Telecommunications,Telecommunications,"Philadelphia, PA",http://www.comcastcorporation.com,15,"159,000",Comcast,2017
81,Philippe Brassac,Financials,Banks: Commercial and Savings,"Paris, France",http://www.credit-agricole.com,23,"70,830",Credit Agricole,2017
82,Virginia M. Rometty,Technology,Information Technology Services,"Armonk, NY",http://www.ibm.com,23,"414,400",IBM,2017
83,Jean-Bernard Levy,Energy,Utilities,"Paris, France",http://www.edf.fr,23,"154,808",Electricite de France,2017
84,Ren Zhengfei,Technology,Network and Other Communications Equipment,"Shenzhen, China",http://www.huawei.com,8,"180,000",Huawei Investment & Holding,2017
85,Francesco Starace,Energy,Utilities,"Rome, Italy",http://www.enel.com,23,"62,080",Enel,2017
86,Michael L. Tipsord,Financials,Insurance: Property and Casualty (Mutual),"Bloomington, IL",http://www.statefarm.com,23,"68,234",State Farm Insurance Cos.,2017
87,Luo Xi,Health Care,Pharmaceuticals,"Hong Kong, China",http://www.crc.com.hk,8,"420,572",China Resources National,2017
88,Motoya Okada,Retailing,General Merchandisers,"Chiba, Japan",http://www.aeon.info,23,"274,760",AEON,2017
89,Stuart T. Gulliver,Financials,Banks: Commercial and Savings,"London, Britain",http://www.hsbc.com,23,"241,000",HSBC Holdings,2017
90,Yan Hao,Engineering & Construction,"Engineering, Construction","Nanjing, China",http://www.cpcg.com.cn,4,"362,128",Pacific Construction Group,2017
91,Mark Wilson,Financials,"Insurance: Life, Health (stock)","London, Britain",http://www.aviva.com,23,"29,530",Aviva,2017
92,Klaus Schafer,Energy,Energy,"Dusseldorf, Germany",http://www.uniper.energy,1,"12,890",Uniper,2017
93,David J. Lewis,Food & Drug Stores,Food and Drug Stores,"Welwyn Garden City, Britain",http://www.tescoplc.com,23,"342,770",Tesco,2017
94,Isabelle Kocher,Energy,Energy,"Courbevoie, France",http://www.engie.com,22,"153,090",Engie,2017
95,Thomas Enders,Aerospace & Defense,Aerospace and Defense,"Leiden, Netherlands",http://www.airbusgroup.com,23,"133,782",Airbus Group,2017
96,Tae Won Chey,Energy,Petroleum Refining,"Seoul, South Korea",http://www.sk.co.kr,2,"84,000",SK Holdings,2017
97,Greg C. Garland,Energy,Petroleum Refining,"Houston, TX",http://www.phillips66.com,5,"14,800",Phillips 66,2017
98,Alex Gorsky,Health Care,Pharmaceuticals,"New Brunswick, NJ",http://www.jnj.com,17,"126,400",Johnson & Johnson,2017
99,David S. Taylor,Household Products,Household and Personal Products,"Cincinnati, OH",http://www.pg.com,23,"105,000",Procter & Gamble,2017
100,Megan J. Brennan,Transportation,"Mail, Package, and Freight Delivery","Washington, DC",http://www.usps.com,23,"574,349",U.S. Postal Service,2017
101,Li Qingkui,Energy,Utilities,"Guangzhou, China",http://www.csg.cn,13,"302,421",China Southern Power Grid,2017
102,Xu Liuping,Aerospace & Defense,Aerospace and Defense,"Beijing, China",http://www.chinasouth.com.cn,8,"232,817",China South Industries Group,2017
103,Vagit Y. Alekperov,Energy,Petroleum Refining,"Moscow, Russia",http://www.lukoil.com,18,"105,500",Lukoil,2017
104,Liu Qitao,Engineering & Construction,"Engineering, Construction","Beijing, China",http://www.ccccltd.cn,10,"152,666",China Communications Construction,2017
105,Francois Perol,Financials,Banks: Commercial and Savings,"Paris, France",http://www.groupebpce.fr,8,"102,827",Groupe BPCE,2017
106,Kazuo Hirai,Technology,"Electronics, Electrical Equip.","Tokyo, Japan",http://www.sony.net,23,"128,400",Sony,2017
107,Joseph W. Gorder,Energy,Petroleum Refining,"San Antonio, TX",http://www.valero.com,17,"9,996",Valero Energy,2017
108,Brian C. Cornell,Retailing,General Merchandisers,"Minneapolis, MN",http://www.target.com,23,"323,000",Target,2017
109,Frederic Oudea,Financials,Banks: Commercial and Savings,"Paris, France",http://www.societegenerale.com,21,"151,341",Societe Generale,2017
110,Joachim Wenning,Financials,Insurance: Property and Casualty (Stock),"Munich, Germany",http://www.munichre.com,23,"43,428",Munich Re Group,2017
111,Kazuhiro Tsuga,Technology,"Electronics, Electrical Equip.","Osaka, Japan",http://www.panasonic.com/global,23,"257,533",Panasonic,2017
112,Yoshinobu Tsutsui,Financials,"Insurance: Life, Health (Mutual)","Osaka, Japan",http://www.nissay.co.jp,23,"85,171",Nippon Life Insurance,2017
113,Mario Greco,Financials,Insurance: Property and Casualty (Stock),"Zurich, Switzerland",http://www.zurich.com,23,"52,473",Zurich Insurance Group,2017
114,Candido Botelho Bracher,Financials,Banks: Commercial and Savings,"Sao Paulo, Brazil",http://www.itau.com.br,4,"94,779",Itau Unibanco Holding,2017
115,Wu Yan,Financials,Insurance: Property and Casualty (Stock),"Beijing, China",http://www.picc.com.cn,8,"188,570",People’s Insurance Co. of China,2017
116,Yang Hua,Energy,"Mining, Crude-Oil Production","Beijing, China",http://www.cnooc.com.cn,11,"100,821",China National Offshore Oil,2017
117,Fumiya Kokubu,Wholesalers,Trading,"Tokyo, Japan",http://www.marubeni.com,23,"39,952",Marubeni,2017
118,Frank Appel,Transportation,"Mail, Package, and Freight Delivery","Bonn, Germany",http://www.dpdhl.com,23,"459,262",Deutsche Post DHL Group,2017
119,Donald H. Layton,Financials,Diversified Financials,"McLean, VA",http://www.freddiemac.com,21,"5,982",Freddie Mac,2017
120,Li Guohua,Transportation,"Mail, Package, and Freight Delivery","Beijing, China",http://www.chinapost.com.cn,7,"941,211",China Post Group,2017
121,He Wenbo,Materials,Metals,"Beijing, China",http://www.minmetals.com,11,"212,406",China Minmetals,2017
122,Antonio Horta-Osorio,Financials,Banks: Commercial and Savings,"London, Britain",http://www.lloydsbankinggroup.com,23,"70,433",Lloyds Banking Group,2017
123,Robert A. Niblock,Retailing,Specialty Retailers,"Mooresville, NC",http://www.lowes.com,20,"240,000",Lowe’s,2017
124,Olaf Koch,Food & Drug Stores,Food and Drug Stores,"Dusseldorf, Germany",http://www.metrogroup.de,22,"196,540",Metro,2017
125,Michael S. Dell,Technology,"Computers, Office Equipment","Round Rock, TX",http://www.delltechnologies.com,17,"138,000",Dell Technologies,2017
126,Xu Ping,Motor Vehicles & Parts,Motor Vehicles and Parts,"Changchun, China",http://www.faw.com.,13,"122,323",China FAW Group,2017
127,Kurt W. Bock,Chemicals,Chemicals,"Ludwigshafen, Germany",http://www.basf.com,23,"109,543",BASF,2017
128,Yukio Uchida,Energy,Petroleum Refining,"Tokyo, Japan",http://www.hd.jxtg-group.co.jp,23,"26,247",JXTG Holdings,2017
129,Steven A. Kandarian,Financials,"Insurance: Life, Health (stock)","New York, NY",http://www.metlife.com,23,"58,000",MetLife,2017
130,Wang Yuzhu,Wholesalers,Trading,"Tianjin, China",http://www.tewoo.com,6,"17,353",Tewoo Group,2017
131,Mark T. Bertolini,Health Care,Health Care: Insurance and Managed Care,"Hartford, CT",http://www.aetna.com,17,"49,500",Aetna,2017
132,Indra K. Nooyi,"Food, Beverages & Tobacco",Food Consumer Products,"Purchase, NY",http://www.pepsico.com,23,"264,000",PepsiCo,2017
133,Claudio Descalzi,Energy,Petroleum Refining,"Rome, Italy",http://www.eni.com,23,"33,536",ENI,2017
134,Yang Jie,Telecommunications,Telecommunications,"Beijing, China",http://www.chinatelecom.com.cn,18,"413,536",China Telecommunications,2017
135,Juan R. Luciano,"Food, Beverages & Tobacco",Food Production,"Chicago, IL",http://www.adm.com,23,"31,800",Archer Daniels Midland,2017
136,Yin Jiaxu,Aerospace & Defense,Aerospace and Defense,"Beijing, China",http://www.norincogroup.com.cn,8,"234,771",China North Industries Group,2017
137,Yu Xubo,Wholesalers,Trading,"Beijing, China",http://www.cofco.com,23,"101,708",COFCO,2017
138,Xu Heyi,Motor Vehicles & Parts,Motor Vehicles and Parts,"Beijing, China",http://www.baicgroup.com.cn,5,"134,765",Beijing Automotive Group,2017
139,David P. Abney,Transportation,"Mail, Package, and Freight Delivery","Atlanta, GA",http://www.ups.com,23,"335,520",UPS,2017
140,Wu Xiaohui,Financials,"Insurance: Life, Health (Mutual)","Beijing, China",http://www.anbanggroup.com,1,"40,707",Anbang Insurance Group,2017
141,Carlos Tavares,Motor Vehicles & Parts,Motor Vehicles and Parts,"Paris, France",http://www.groupe-psa.com,23,"175,341",Peugeot,2017
142,Robert G. Miller,Food & Drug Stores,Food and Drug Stores,"Boise, ID",http://www.albertsons.com,13,"273,000",Albertsons Cos.,2017
143,Seiji Inagaki,Financials,"Insurance: Life, Health (stock)","Tokyo, Japan",http://www.dai-ichi-life-hd.com,23,"62,606",Dai-ichi Life Holdings,2017
144,Ning Gaoning,Wholesalers,Trading,"Beijing, China",http://www.sinochem.com,22,"60,576",Sinochem Group,2017
145,Brian M. Krzanich,Technology,Semiconductors and Other Electronic Components,"Santa Clara, CA",http://www.intel.com,23,"106,000",Intel,2017
146,Takehiko Kakiuchi,Wholesalers,Trading,"Tokyo, Japan",http://www.mitsubishicorp.com,23,"77,164",Mitsubishi,2017
147,Wilhelm Hubner,Food & Drug Stores,Food and Drug Stores,"Croix, France",http://www.auchanholding.com,21,"342,709",Auchan Holding,2017
148,Alexander R. Wynaendts,Financials,"Insurance: Life, Health (stock)","The Hague, Netherlands",http://www.aegon.com,22,"29,380",Aegon,2017
149,John R. Strangfeld,Financials,"Insurance: Life, Health (stock)","Newark, NJ",http://www.prudential.com,23,"49,739",Prudential Financial,2017
150,Vittorio Colao,Telecommunications,Telecommunications,"Newbury, Britain",http://www.vodafone.com,18,"111,556",Vodafone Group,2017
151,Paul Polman,Household Products,Household and Personal Products,"London, Britain",http://www.unilever.com,23,"168,832",Unilever,2017
152,Paulo Rogerio Caffarelli,Financials,Banks: Commercial and Savings,"Brasilia, Brazil",http://www.bb.com.br,23,"100,622",Banco do Brasil,2017
153,Jose Antonio Gonzalez Anaya,Energy,"Mining, Crude-Oil Production","Mexico City, Mexico",http://www.pemex.com,23,"125,689",Pemex,2017
154,Jose Maria Alvarez-Pallete Lopez,Telecommunications,Telecommunications,"Madrid, Spain",http://www.telefonica.com,23,"127,323",Telefonica,2017
155,Luiz Carlos Trabuco Cappi,Financials,Banks: Commercial and Savings,"Osasco, Brazil",http://www.bradesco.com.br,21,"94,541",Banco Bradesco,2017
156,Gregory J. Hayes,Aerospace & Defense,Aerospace and Defense,"Farmington, CT",http://www.utc.com,23,"201,600",United Technologies,2017
157,Lakshmi N. Mittal,Materials,Metals,"Luxembourg, Luxembourg",http://www.arcelormittal.com,13,"198,517",ArcelorMittal,2017
158,Carlos Ghosn,Motor Vehicles & Parts,Motor Vehicles and Parts,"Boulogne-Billancourt, France",http://www.groupe.renault.com,23,"124,849",Renault,2017
159,Igor I. Sechin,Energy,Petroleum Refining,"Moscow, Russia",http://www.rosneft.com,12,"295,800",Rosneft Oil,2017
160,Zhang Shiping,Industrials,Textiles,"Shandong, China",http://www.weiqiaocy.com,6,"135,393",Shandong Weiqiao Pioneering Group,2017
161,Gary R. Heminger,Energy,Petroleum Refining,"Findlay, OH",http://www.marathonpetroleum.com,6,"44,460",Marathon Petroleum,2017
162,Robert A. Iger,Media,Entertainment,"Burbank, CA",http://www.disney.com,23,"195,000",Disney,2017
163,Tan Ruisong,Aerospace & Defense,Aerospace and Defense,"Beijing, China",http://www.avic.com,9,"457,097",Aviation Industry Corp. of China,2017
164,Ralph Hamers,Financials,Banks: Commercial and Savings,"Amsterdam, Netherlands",http://www.ing.com,23,"51,943",ING Group,2017
165,Nobuyuki Hirano,Financials,Banks: Commercial and Savings,"Tokyo, Japan",http://www.mufg.jp,16,"115,276",Mitsubishi UFJ Financial Group,2017
166,Dick Boer,Food & Drug Stores,Food and Drug Stores,"Zaandam, Netherlands",http://www.aholddelhaize.com,23,"225,000",Royal Ahold Delhaize,2017
167,Bruce D. Broussard,Health Care,Health Care: Insurance and Managed Care,"Louisville, KY",http://www.humana.com,19,"51,600",Humana,2017
168,Ryuichi Isaka,Food & Drug Stores,Food and Drug Stores,"Tokyo, Japan",http://www.7andi.com,12,"54,712",Seven & I Holdings,2017
169,Sanjiv Singh,Energy,Petroleum Refining,"New Delhi, India",http://www.iocl.com,23,"34,999",Indian Oil,2017
170,Severin Schwan,Health Care,Pharmaceuticals,"Basel, Switzerland",http://www.roche.com,23,"94,052",Roche Group,2017
171,Tan Xiangdong,Transportation,Airlines,"Haikou City, China",http://www.hnagroup.com,3,"220,258",HNA Group,2017
172,Niu Ximing,Financials,Banks: Commercial and Savings,"Shanghai, China",http://www.bankcomm.com,9,"95,160",Bank of Communications,2017
173,Chang Zhenming,Financials,Diversified Financials,"Beijing, China",http://www.citicgroup.com.cn,9,"201,263",CITIC Group,2017
174,Ian C. Read,Health Care,Pharmaceuticals,"New York, NY",http://www.pfizer.com,23,"96,500",Pfizer,2017
175,Werner Baumann,Health Care,Pharmaceuticals,"Leverkusen, Germany",http://www.bayer.com,23,"115,170",Bayer,2017
176,Brian Duperreault,Financials,Insurance: Property and Casualty (Stock),"New York, NY",http://www.aig.com,22,"56,400",AIG,2017
177,Daniel Hajj Aboumrad,Telecommunications,Telecommunications,"Mexico City, Mexico",http://www.americamovil.com,11,"194,193",America Movil,2017
178,Hwan-Eik Cho,Energy,Utilities,"Jeollanam-do, South Korea",http://www.kepco.co.kr,23,"43,688",Korea Electric Power,2017
179,Marillyn A. Hewson,Aerospace & Defense,Aerospace and Defense,"Bethesda, MD",http://www.lockheedmartin.com,23,"97,000",Lockheed Martin,2017
180,William J. DeLaney III,Wholesalers,Wholesalers: Food and Grocery,"Houston, TX",http://www.sysco.com,23,"51,900",Sysco,2017
181,Frederick W. Smith,Transportation,"Mail, Package, and Freight Delivery","Memphis, TN",http://www.fedex.com,23,"335,767",FedEx,2017
182,Margaret C. Whitman,Technology,Information Technology Services,"Palo Alto, CA",http://www.hpe.com,1,"195,000",Hewlett Packard Enterprise,2017
183,Gonzalo Ramirez Martiarena,"Food, Beverages & Tobacco",Food Production,"Rotterdam, Netherlands",http://www.ldc.com,4,"17,407",Louis Dreyfus Company,2017
184,Wang Wenyin,Technology,"Electronics, Electrical Equip.","Shenzhen, China",http://www.amer.com.cn,5,"17,852",Amer International Group,2017
185,Wan Zulkiflee Wan Ariffin,Energy,Petroleum Refining,"Kuala Lumpur, Malaysia",http://www.petronas.com.my,21,"51,034",Petronas,2017
186,Naomi Hirose,Energy,Utilities,"Tokyo, Japan",http://www.tepco.co.jp,23,"42,060",Tokyo Electric Power,2017
187,Joseph Jimenez,Health Care,Pharmaceuticals,"Basel, Switzerland",http://www.novartis.com,23,"118,393",Novartis,2017
188,Charles H. Robbins,Technology,Network and Other Communications Equipment,"San Jose, CA",http://www.cisco.com,18,"73,700",Cisco Systems,2017
189,Yasuyoshi Karasawa,Financials,Insurance: Property and Casualty (Stock),"Tokyo, Japan",http://www.ms-ad-hd.com,19,"40,641",MS&AD Insurance Group Holdings,2017
190,John Cryan,Financials,Banks: Commercial and Savings,"Frankfurt, Germany",http://www.db.com,23,"99,744",Deutsche Bank,2017
191,Yan Zhiyong,Engineering & Construction,"Engineering, Construction","Beijing, China",http://www.powerchina.cn,6,"187,813",PowerChina,2017
192,Wesley Mendonca Batista,"Food, Beverages & Tobacco",Food Production,"Sao Paulo, Brazil",http://jbss.infoinvest.com.br,8,"237,061",JBS,2017
193,Tevin Vongvanich,Energy,Petroleum Refining,"Bangkok, Thailand",http://www.pttplc.com,14,"24,934",PTT,2017
194,Tsuyoshi Nagano,Financials,Insurance: Property and Casualty (Stock),"Tokyo, Japan",http://www.tokiomarinehd.com,23,"38,842",Tokio Marine Holdings,2017
195,Dion J. Weisler,Technology,"Computers, Office Equipment","Palo Alto, CA",http://www.hp.com,23,"49,000",HP,2017
196,Rolf Martin Schmitz,Energy,Utilities,"Essen, Germany",http://www.rwe.com,23,"58,652",RWE,2017
197,Andrew N. Liveris,Chemicals,Chemicals,"Midland, MI",http://www.dow.com,23,"56,000",Dow Chemical,2017
198,Didier Leveque,Food & Drug Stores,Food and Drug Stores,"Paris, France",http://www.finatis.fr,3,"232,503",Finatis,2017
199,Richard J.B. Goyder,Food & Drug Stores,Food and Drug Stores,"Perth, Australia",http://www.wesfarmers.com.au,9,"220,000",Wesfarmers,2017
200,She Lulin,Health Care,Pharmaceuticals,"Beijing, China",http://www.sinopharm.com,5,"106,772",Sinopharm,2017
201,Frederic Lavenir,Financials,"Insurance: Life, Health (stock)","Paris, France",http://www.cnp.fr,23,"5,035",CNP Assurances,2017
202,Seong-Jin Jo,Technology,"Electronics, Electrical Equip.","Seoul, South Korea",http://www.lg.com,17,"75,000",LG Electronics,2017
203,Takeshi Kunibe,Financials,Banks: Commercial and Savings,"Tokyo, Japan",http://www.smfg.co.jp,23,"77,205",Sumitomo Mitsui Financial Group,2017
204,Mukesh D. Ambani,Energy,Petroleum Refining,"Mumbai, India",http://www.ril.com,14,"140,483",Reliance Industries,2017
205,Ma Guoqiang,Materials,Metals,"Shanghai, China",http://www.baowugroup.com,14,"169,344",China Baowu Steel Group,2017
206,William J. Randall,Wholesalers,Trading,"Hong Kong, China",http://www.thisisnoble.com,10,"1,000",Noble Group,2017
207,Carlos Brito,"Food, Beverages & Tobacco",Beverages,"Leuven, Belgium",http://www.ab-inbev.com,12,"206,633",Anheuser-Busch InBev,2017
208,Eldar Saetre,Energy,Petroleum Refining,"Stavanger, Norway",http://www.statoil.com,23,"20,539",Statoil,2017
209,Oh-Joon Kwon,Materials,Metals,"Seoul, South Korea",http://www.posco.com,23,"31,768",POSCO,2017
210,Hyoung-Keun Lee,Motor Vehicles & Parts,Motor Vehicles and Parts,"Seoul, South Korea",http://www.kia.com,6,"51,357",Kia Motors,2017
211,Stephane Richard,Telecommunications,Telecommunications,"Paris, France",http://www.orange.com,23,"155,202",Orange,2017
212,Ren Jianxin,Chemicals,Chemicals,"Beijing, China",http://www.chemchina.com,7,"110,614",ChemChina,2017
213,Richard Lutz,Transportation,Railroads,"Berlin, Germany",http://www.deutschebahn.com,23,"306,368",Deutsche Bahn,2017
214,Elmar Degenhart,Motor Vehicles & Parts,Motor Vehicles and Parts,"Hanover, Germany",http://www.continental-corporation.com,15,"220,137",Continental,2017
215,R. Milton Johnson,Health Care,Health Care: Medical Facilities,"Nashville, TN",http://www.hcahealthcare.com,23,"210,500",HCA Holdings,2017
216,Masahiro Okafuji,Wholesalers,Trading,"Osaka, Japan",http://www.itochu.co.jp,23,"110,207",Itochu,2017
217,Tian Huiyu,Financials,Banks: Commercial and Savings,"Shenzhen, China",http://www.cmbchina.com,6,"70,461",China Merchants Bank,2017
218,Arundhati Bhattacharya,Financials,Banks: Commercial and Savings,"Mumbai, India",http://www.sbi.co.in,12,"278,872",State Bank of India,2017
219,Brad Banducci,Food & Drug Stores,Food and Drug Stores,"Bella Vista, Australia",http://www.woolworthslimited.com.au,21,"205,000",Woolworths,2017
220,Takashi Tanaka,Telecommunications,Telecommunications,"Tokyo, Japan",http://www.kddi.com,20,"35,032",KDDI,2017
221,Christian Mumenthaler,Financials,Insurance: Property and Casualty (Stock),"Zurich, Switzerland",http://www.swissre.com,23,"14,053",Swiss Re,2017
222,Yu Yong,Materials,Metals,"Shijiazhuang, China",http://www.hbisco.com,9,"125,552",HBIS Group,2017
223,Chan Chauto,Energy,Energy,"Shanghai, China",http://www.cefc.co,4,"29,637",CEFC China Energy,2017
224,Carlos Torres Vila,Financials,Banks: Commercial and Savings,"Bilbao, Spain",http://www.bbva.com,23,"134,792",Banco Bilbao Vizcaya Argentaria,2017
225,Heinrich Hiesinger,Materials,Metals,"Essen, Germany",http://www.thyssenkrupp.com,23,"156,487",ThyssenKrupp,2017
226,Pierre-Andre de Chalendar,Materials,"Building Materials, Glass","Courbevoie, France",http://www.saint-gobain.com,23,"172,696",Saint-Gobain,2017
227,Yang Yuanqing,Technology,"Computers, Office Equipment","Hong Kong, China",http://www.lenovo.com,8,"52,000",Lenovo Group,2017
228,Xavier Huillard,Engineering & Construction,"Engineering, Construction","Rueil-Malmaison, France",http://www.vinci.com,17,"183,487",Vinci,2017
229,Kosei Shindo,Materials,Metals,"Tokyo, Japan",http://www.nssmc.com,23,"100,169",Nippon Steel & Sumitomo Metal,2017
230,Soren W. Schroder,"Food, Beverages & Tobacco",Food Production,"White Plains, NY",http://www.bunge.com,15,"32,000",Bunge,2017
231,Tao Yiping,Financials,Banks: Commercial and Savings,"Fuzhou, China",http://www.cib.com.cn,5,"56,236",Industrial Bank,2017
232,Johannes Teyssen,Energy,Energy,"Essen, Germany",http://www.eon.com,23,"43,138",E.ON,2017
233,Herman O. Gref,Financials,Banks: Commercial and Savings,"Moscow, Russia",http://www.sberbank.ru,10,"325,075",Sberbank,2017
234,Hu Wenming,Industrials,Industrial Machinery,"Beijing, China",http://www.csic.com.cn,7,"182,129",China Shipbuilding Industry,2017
235,Sidney Toledano,Apparel,Apparel,"Paris, France",http://www.dior-finance.com,17,"120,479",Christian Dior,2017
236,James B. Quincey,"Food, Beverages & Tobacco",Beverages,"Atlanta, GA",http://www.coca-colacompany.com,23,"100,300",Coca-Cola,2017
237,Koji Arima,Motor Vehicles & Parts,Motor Vehicles and Parts,"Kariya, Japan",http://www.denso.com,23,"154,493",Denso,2017
238,Tatsuya Tanaka,Technology,Information Technology Services,"Tokyo, Japan",http://www.fujitsu.com,23,"155,069",Fujitsu,2017
239,Zeng Qinghong,Motor Vehicles & Parts,Motor Vehicles and Parts,"Guangzhou, China",http://www.gagc.com.cn,5,"75,908",Guangzhou Automobile Industry Group,2017
240,Kuok Khoon Hong,"Food, Beverages & Tobacco",Food Production,Singapore,http://www.wilmar-international.com,9,"90,000",Wilmar International,2017
241,Olivier Brandicourt,Health Care,Pharmaceuticals,"Paris, France",http://www.sanofi.com,13,"113,816",Sanofi,2017
242,Wang Xiaochu,Telecommunications,Telecommunications,"Beijing, China",http://www.chinaunicom-a.com,9,"253,724",China United Network Communications,2017
243,Masahiro Hashimoto,Financials,"Insurance: Life, Health (Mutual)","Osaka, Japan",http://www.sumitomolife.co.jp,23,"42,245",Sumitomo Life Insurance,2017
244,Theodore A. Mathas,Financials,"Insurance: Life, Health (Mutual)","New York, NY",http://www.newyorklife.com,23,"11,320",New York Life Insurance,2017
245,Michael F. Neidorff,Health Care,Health Care: Insurance and Managed Care,"St. Louis, MO",http://www.centene.com,2,"30,500",Centene,2017
246,Gao Guofu,Financials,Banks: Commercial and Savings,"Shanghai, China",http://www.spdb.com.cn,5,"52,832",Shanghai Pudong Development Bank,2017
247,Tae-Jong Lee,Financials,"Insurance: Life, Health (stock)","Seoul, South Korea",http://www.hanwhacorp.co.kr,12,"49,000",Hanwha,2017
248,Guenter Butschek,Motor Vehicles & Parts,Motor Vehicles and Parts,"Mumbai, India",http://www.tatamotors.com,8,"79,558",Tata Motors,2017
249,Yu Dehui,Materials,Metals,"Beijing, China",http://www.chalco.com.cn,10,"121,146",Aluminum Corp. of China,2017
250,Tatsuo Yasunaga,Wholesalers,Trading,"Tokyo, Japan",http://www.mitsui.com,23,"42,316",Mitsui,2017
251,Donald A. Guloien,Financials,"Insurance: Life, Health (stock)","Toronto, Ontario, Canada",http://www.manulife.com,15,"34,500",Manulife Financial,2017
252,Zheng Wanchun,Financials,Banks: Commercial and Savings,"Beijing, China",http://www.cmbc.com.cn,5,"58,720",China Minsheng Banking,2017
253,Huo Lianhong,Financials,"Insurance: Life, Health (stock)","Shanghai, China",http://www.cpic.com.cn,7,"97,032",China Pacific Insurance (Group),2017
254,W. Douglas Parker,Transportation,Airlines,"Fort Worth, TX",http://www.aa.com,23,"122,300",American Airlines Group,2017
255,Stephen S. Rasmussen,Financials,Insurance: Property and Casualty (Mutual),"Columbus, OH",http://www.nationwide.com,23,"34,320",Nationwide,2017
256,Kenneth C. Frazier,Health Care,Pharmaceuticals,"Kenilworth, NJ",http://www.merck.com,23,"68,000",Merck,2017
257,David M. Cordani,Health Care,Health Care: Insurance and Managed Care,"Bloomfield, CT",http://www.cigna.com,22,"41,000",Cigna,2017
258,Edward H. Bastian,Transportation,Airlines,"Atlanta, GA",http://www.delta.com,23,"83,756",Delta Air Lines,2017
259,Hubert B. Joly,Retailing,Specialty Retailers,"Richfield, MN",http://www.bestbuy.com,19,"125,000",Best Buy,2017
260,Song Zhiping,Materials,"Building Materials, Glass","Beijing, China",http://www.cnbm.com.cn,7,"228,448",China National Building Material Group,2017
261,Darius Adamczyk,Technology,"Electronics, Electrical Equip.","Morris Plains, NJ",http://www.honeywell.com,23,"131,000",Honeywell International,2017
262,Richard Qiangdong Liu,Technology,Internet Services and Retailing,"Beijing, China",http://www.jd.com,2,"120,622",JD.com,2017
263,Masaki Sakuyama,Technology,"Electronics, Electrical Equip.","Tokyo, Japan",http://www.mitsubishielectric.com,23,"138,700",Mitsubishi Electric,2017
264,Stefan Sommer,Motor Vehicles & Parts,Motor Vehicles and Parts,"Friedrichshafen, Germany",http://www.zf.com,4,"136,820",ZF Friedrichshafen,2017
265,D. James Umpleby III,Industrials,Construction and Farm Machinery,"Peoria, IL",http://www.caterpillar.com,23,"95,400",Caterpillar,2017
266,David H. Long,Financials,Insurance: Property and Casualty (Stock),"Boston, MA",http://www.libertymutual.com,23,"50,000",Liberty Mutual Insurance Group,2017
267,Paul Desmarais Jr.,Financials,"Insurance: Life, Health (stock)","Montreal, Quebec, Canada",http://www.powercorporation.com,19,"30,259",Power Corp. of Canada,2017
268,James P. Gorman,Financials,Banks: Commercial and Savings,"New York, NY",http://www.morganstanley.com,20,"55,311",Morgan Stanley,2017
269,Chen Jianhua,Industrials,Textiles,"Suzhou City, China",http://www.hengli.com,1,"61,400",Hengli Group,2017
270,Alistair Phillips-Davies,Energy,Utilities,"Perth, Britain",http://www.sse.com,12,"21,157",SSE,2017
271,Roger W. Crandall,Financials,"Insurance: Life, Health (Mutual)","Springfield, MA",http://www.massmutual.com,21,"11,737",Massachusetts Mutual Life Insurance,2017
272,Lloyd C. Blankfein,Financials,Banks: Commercial and Savings,"New York, NY",http://www.gs.com,18,"34,400",Goldman Sachs Group,2017
273,Alex A. Molinaroli,Industrials,Industrial Machinery,"Cork, Ireland",http://www.johnsoncontrols.com,13,"209,000",Johnson Controls International,2017
274,Emma N. Walmsley,Health Care,Pharmaceuticals,"Brentford, Britain",http://www.gsk.com,23,"99,300",GlaxoSmithKline,2017
275,Cao Peixi,Energy,Energy,"Beijing, China",http://www.chng.com.cn,9,"143,691",China Huaneng Group,2017
276,John W. McReynolds,Energy,Pipelines,"Dallas, TX",http://www.energytransfer.com,4,"30,992",Energy Transfer Equity,2017
277,Ling Wen,Energy,"Mining, Crude-Oil Production","Beijing, China",http://www.shenhuagroup.com.cn,8,"202,200",Shenhua Group,2017
278,Zhang Yuliang,Financials,Real estate,"Shanghai, China",http://www.ldjt.com.cn,6,"39,887",Greenland Holding Group,2017
279,Roger W. Ferguson Jr.,Financials,"Insurance: Life, Health (Mutual)","New York, NY",http://www.tiaa.org,20,"12,997",TIAA,2017
280,Ben Keswick,Motor Vehicles & Parts,Motor Vehicles and Parts,"Hong Kong, China",http://www.jardines.com,18,"430,000",Jardine Matheson,2017
281,Safra A. Catz,Technology,Computer Software,"Redwood City, CA",http://www.oracle.com,11,"136,000",Oracle,2017
282,Florentino Perez Rodriguez,Engineering & Construction,"Engineering, Construction","Madrid, Spain",http://www.grupoacs.com,13,"117,542",ACS,2017
283,Kuniharu Nakamura,Wholesalers,Trading,"Tokyo, Japan",http://www.sumitomocorp.co.jp,23,"70,900",Sumitomo,2017
284,Thomas P. Hayes,"Food, Beverages & Tobacco",Food Production,"Springdale, AR",http://www.tysonfoods.com,16,"114,000",Tyson Foods,2017
285,James E. Staley,Financials,Banks: Commercial and Savings,"London, Britain",http://www.barclays.com,23,"119,300",Barclays,2017
286,Matteo Del Fante,Financials,"Insurance: Life, Health (stock)","Rome, Italy",http://www.posteitaliane.it,12,"136,739",Poste Italiane,2017
287,Iain C. Conn,Energy,Utilities,"Windsor, Britain",http://www.centrica.com,20,"38,278",Centrica,2017
288,Oscar Munoz,Transportation,Airlines,"Chicago, IL",http://www.unitedcontinentalholdings.com,22,"88,000",United Continental Holdings,2017
289,Thomas J. Wilson,Financials,Insurance: Property and Casualty (Stock),"Northbrook, IL",http://www.allstate.com,22,"43,275",Allstate,2017
290,Elia Massa Manik,Energy,Petroleum Refining,"Jakarta, Indonesia",http://www.pertamina.com,5,"27,227",Pertamina,2017
291,Donald J. Walker,Motor Vehicles & Parts,Motor Vehicles and Parts,"Aurora, Ontario, Canada",http://www.magna.com,17,"155,450",Magna International,2017
292,Sergio P. Ermotti,Financials,Banks: Commercial and Savings,"Zurich, Switzerland",http://www.ubs.com,23,"59,387",UBS Group,2017
293,Carlo Messina,Financials,Banks: Commercial and Savings,"Turin, Italy",http://www.group.intesasanpaolo.com,19,"89,126",Intesa Sanpaolo,2017
294,Galen G. Weston,Food & Drug Stores,Food and Drug Stores,"Toronto, Ontario, Canada",http://www.weston.ca,23,"195,000",George Weston,2017
295,Shunichi Miyanaga,Industrials,Industrial Machinery,"Tokyo, Japan",http://www.mhi.com,23,"82,728",Mitsubishi Heavy Industries,2017
296,Rajesh J. Mehta,Wholesalers,Trading,"Bengaluru, India",http://www.rajeshindia.com,2,328,Rajesh Exports,2017
297,Syh-Jang Liao,Technology,"Computers, Office Equipment","Taipei, Taiwan",http://www.pegatroncorp.com,5,"196,251",Pegatron,2017
298,Akio Negishi,Financials,"Insurance: Life, Health (Mutual)","Tokyo, Japan",http://www.meijiyasuda.co.jp,23,"41,872",Meiji Yasuda Life Insurance,2017
299,Soren Skou,Transportation,Shipping,"Copenhagen, Denmark",http://www.maersk.com,14,"87,736",Maersk Group,2017
300,Yousef Abdullah Al-Benyan,Chemicals,Chemicals,"Riyadh, Saudi Arabia",http://www.sabic.com,13,"35,000",SABIC,2017
301,Martin Bouygues,Engineering & Construction,"Engineering, Construction","Paris, France",http://www.bouygues.com,23,"117,997",Bouygues,2017
302,Martin Lundstedt,Motor Vehicles & Parts,Motor Vehicles and Parts,"Goteborg, Sweden",http://www.volvogroup.com,23,"89,477",Volvo,2017
303,Herbert K. Haas,Financials,Insurance: Property and Casualty (Stock),"Hanover, Germany",http://www.talanx.com,4,"20,039",Talanx,2017
304,Carsten Spohr,Transportation,Airlines,"Cologne, Germany",http://www.lufthansagroup.com,23,"107,276",Lufthansa Group,2017
305,David I. McKay,Financials,Banks: Commercial and Savings,"Toronto, Ontario, Canada",http://www.rbc.com,23,"75,510",Royal Bank of Canada,2017
306,Pierre Nanterme,Technology,Information Technology Services,"Dublin, Ireland",http://www.accenture.com,16,"384,000",Accenture,2017
307,Josu Jon Imaz San Miguel,Energy,Petroleum Refining,"Madrid, Spain",http://www.repsol.com,23,"24,396",Repsol,2017
308,Yu Liang,Financials,Real estate,"Shenzhen, China",http://www.vanke.com,2,"58,280",China Vanke,2017
309,Randall T. Jones Sr.,Food & Drug Stores,Food and Drug Stores,"Lakeland, FL",http://www.publix.com,23,"191,000",Publix Super Markets,2017
310,Markus Mosa,Wholesalers,Wholesalers: Food and Grocery,"Hamburg, Germany",http://www.edeka-verbund.de,19,"351,500",Edeka Zentrale,2017
311,Michael Coupe,Food & Drug Stores,Food and Drug Stores,"London, Britain",http://www.j-sainsbury.co.uk,23,"118,700",J. Sainsbury,2017
312,Brian P. Hannasch,Food & Drug Stores,Food and Drug Stores,"Laval, Quebec, Canada",http://www.couche-tard.com,4,"105,000",Alimentation Couche-Tard,2017
313,Wang Jianping,Engineering & Construction,"Engineering, Construction","Beijing, China",http://www.ceec.net.cn,4,"169,173",China Energy Engineering Group,2017
314,Hwan-Goo Kang,Industrials,Industrial Machinery,"Ulsan, South Korea",http://www.hyundaiheavy.com,11,"30,767",Hyundai Heavy Industries,2017
315,Ulrich Spiesshofer,Industrials,Industrial Machinery,"Zurich, Switzerland",http://www.abb.com,23,"132,300",ABB,2017
316,Kenneth I. Chenault,Financials,Diversified Financials,"New York, NY",http://www.americanexpress.com,23,"56,400",American Express,2017
317,Jean-Sebastien Jacques,Energy,"Mining, Crude-Oil Production","London, Britain",http://www.riotinto.com,12,"51,029",Rio Tinto Group,2017
318,Guillaume Pepy,Transportation,Railroads,"St. Denis, France",http://www.sncf.com,23,"193,718",SNCF Mobilites,2017
319,Liu Hualong,Industrials,Industrial Machinery,"Beijing, China",http://www.crrcgc.cc,2,"183,061",CRRC,2017
320,"Li Tzar Kuoi, Victor",Retailing,Specialty Retailers,"Hong Kong, China",http://www.ckh.com.hk,2,"290,000",CK Hutchison Holdings,2017
321,Yang GuoZhan,Energy,"Mining, Crude-Oil Production","Xingtai, China",http://www.jznyjt.com,7,"127,298",Jizhong Energy Group,2017
322,Ernie L. Herrman,Retailing,Specialty Retailers,"Framingham, MA",http://www.tjx.com,16,"235,000",TJX,2017
323,Liu Mingzhong,Materials,Metals,"Beijing, China",http://www.xxcig.com,6,"59,429",Xinxing Cathay International Group,2017
324,Young-Deuk Lim,Motor Vehicles & Parts,Motor Vehicles and Parts,"Seoul, South Korea",http://www.mobis.co.kr,6,"29,499",Hyundai Mobis,2017
325,Yasumori Ihara,Motor Vehicles & Parts,Motor Vehicles and Parts,"Kariya, Japan",http://www.aisin.com,16,"99,389",Aisin Seiki,2017
326,John T. Standley,Food & Drug Stores,Food and Drug Stores,"Camp Hill, PA",http://www.riteaid.com,19,"70,430",Rite Aid,2017
327,He Jiuchang,Energy,"Mining, Crude-Oil Production","""Xi'an, China""",http://www.sxycpc.com,5,"134,134",Shaanxi Yanchang Petroleum (Group),2017
328,Wolfgang Kirsch,Financials,Banks: Commercial and Savings,"Frankfurt, Germany",http://www.dzbank.com,23,"28,264",DZ Bank,2017
329,Jean Pierre Mustier,Financials,Banks: Commercial and Savings,"Milan, Italy",http://www.unicreditgroup.eu,22,"117,659",UniCredit Group,2017
330,Tang Shuangning,Financials,Banks: Commercial and Savings,"Beijing, China",http://www.ebchina.com,3,"61,400",China Everbright Group,2017
331,Takeo Higuchi,Engineering & Construction,"Engineering, Construction","Osaka, Japan",http://www.daiwahouse.co.jp,13,"60,539",Daiwa House Industry,2017
332,Mark G. Parker,Apparel,Apparel,"Beaverton, OR",http://www.nike.com,11,"70,700",Nike,2017
333,Jose Ignacio Sanchez Galan,Energy,Utilities,"Bilbao, Spain",http://www.iberdrola.com,13,"28,389",Iberdrola,2017
334,Ian M. Narev,Financials,Banks: Commercial and Savings,"Sydney, Australia",http://www.commbank.com.au,13,"45,129",Commonwealth Bank of Australia,2017
335,Ren Hongbin,Industrials,Industrial Machinery,"Beijing, China",http://www.sinomach.com.cn,7,"115,390",Sinomach,2017
336,Stephan Sturm,Health Care,Health Care: Medical Facilities,"Bad Homburg, Germany",http://www.fresenius.com,8,"232,873",Fresenius,2017
337,Lei Fanpei,Aerospace & Defense,Aerospace and Defense,"Beijing, China",http://www.spacechina.com,3,"170,357",China Aerospace Science & Technology,2017
338,Yang Zhaoqian,Energy,"Mining, Crude-Oil Production","""Xi'an, China""",http://www.shccig.com,3,"123,559",Shaanxi Coal & Chemical Industry,2017
339,Hui Kayan,Financials,Real estate,"Guangzhou, China",http://www.evergrande.com,2,"89,250",China Evergrande Group,2017
340,Li Baomin,Energy,"Mining, Crude-Oil Production","Guixi, China",http://www.jxcc.com,5,"25,460",Jiangxi Copper,2017
341,Kengo Sakurada,Financials,Insurance: Property and Casualty (Stock),"Tokyo, Japan",http://www.sompo-hd.com,21,"47,430",Sompo Holdings,2017
342,Zhang Zhengao,Financials,Real estate,"Beijing, China",http://www.poly.com.cn,3,"76,425",China Poly Group,2017
343,Evan G. Greenberg,Financials,Insurance: Property and Casualty (Stock),"Zurich, Switzerland",http://www.chubb.com,1,"31,000",Chubb,2017
344,Li Shufu,Motor Vehicles & Parts,Motor Vehicles and Parts,"Hangzhou, China",http://www.geely.com,6,"60,712",Zhejiang Geely Holding Group,2017
345,Christopher M. Crane,Energy,Utilities,"Chicago, IL",http://www.exeloncorp.com,14,"34,396",Exelon,2017
346,Phebe N. Novakovic,Aerospace & Defense,Aerospace and Defense,"Falls Church, VA",http://www.generaldynamics.com,17,"98,800",General Dynamics,2017
347,Gavin E. Patterson,Telecommunications,Telecommunications,"London, Britain",http://www.btplc.com,23,"106,400",BT Group,2017
348,Fujio Mitarai,Technology,"Computers, Office Equipment","Tokyo, Japan",http://www.canon.com,23,"197,673",Canon,2017
349,Wang Tingge,Wholesalers,Trading,"Hangzhou, China",http://www.wuchanzhongda.cn,7,"18,150",Wuchan Zhongda Group,2017
350,Hitoshi Ochi,Chemicals,Chemicals,"Tokyo, Japan",http://www.mitsubishichem-hd.co.jp,23,"69,291",Mitsubishi Chemical Holdings,2017
351,Andrew Mackenzie,Energy,"Mining, Crude-Oil Production","Melbourne, Australia",http://www.bhpbilliton.com,23,"26,827",BHP Billiton,2017
352,Bharat B. Masrani,Financials,Banks: Commercial and Savings,"Toronto, Ontario, Canada",http://www.td.com,18,"81,233",Toronto-Dominion Bank,2017
353,Yasuyuki Yoshinaga,Motor Vehicles & Parts,Motor Vehicles and Parts,"Tokyo, Japan",http://www.subaru.co.jp,15,"36,668",Subaru,2017
354,Masaaki Tsuya,Motor Vehicles & Parts,Motor Vehicles and Parts,"Tokyo, Japan",http://www.bridgestone.com,23,"143,616",Bridgestone,2017
355,Tidjane Thiam,Financials,Banks: Commercial and Savings,"Zurich, Switzerland",http://www.credit-suisse.com,23,"47,170",Credit Suisse Group,2017
356,Gao Hongwei,Aerospace & Defense,Aerospace and Defense,"Beijing, China",http://www.casic.com.cn,2,"148,682",China Aerospace Science & Industry,2017
357,Eiji Hayashida,Materials,Metals,"Tokyo, Japan",http://www.jfe-holdings.co.jp,15,"60,439",JFE Holdings,2017
358,Yasuhiro Sato,Financials,Banks: Commercial and Savings,"Tokyo, Japan",http://www.mizuho-fg.co.jp,17,"59,179",Mizuho Financial Group,2017
359,John F. Milligan,Health Care,Pharmaceuticals,"Foster City, CA",http://www.gilead.com,3,"9,000",Gilead Sciences,2017
360,Jay D. Debertin,"Food, Beverages & Tobacco",Food Production,"Inver Grove Heights, MN",http://www.chsinc.com,10,"12,157",CHS,2017
361,D. Rajkumar,Energy,Petroleum Refining,"Mumbai, India",http://www.bharatpetroleum.in,14,"13,395",Bharat Petroleum,2017
362,Inge G. Thulin,Industrials,Miscellaneous,"St. Paul, MN",http://www.3m.com,23,"91,584",3M,2017
363,Rui Xiaowu,Technology,"Electronics, Electrical Equip.","Beijing, China",http://www.cec.com.cn,7,"144,659",China Electronics,2017
364,Albert Manifold,Materials,"Building Materials, Glass","Dublin, Ireland",http://www.crh.com,14,"86,778",CRH,2017
365,Wu Qiang,Industrials,Industrial Machinery,"Beijing, China",http://www.cssc.net.cn,2,"68,025",China State Shipbuilding,2017
366,Shen Wenrong,Materials,Metals,"Zhangjiagang, China",http://www.shasteel.cn,9,"35,133",Jiangsu Shagang Group,2017
367,Xu Lirong,Transportation,Shipping,"Shanghai, China",http://www.coscoshipping.com,10,"106,478",China COSCO Shipping,2017
368,Masamichi Kogai,Motor Vehicles & Parts,Motor Vehicles and Parts,"Hiroshima, Japan",http://www.mazda.com,23,"48,849",Mazda Motor,2017
369,Wang Binghua,Energy,Energy,"Beijing, China",http://www.spic.com.cn,6,"127,343",State Power Investment,2017
370,Mark Liu,Technology,Semiconductors and Other Electronic Components,"Hsinchu, Taiwan",http://www.tsmc.com,3,"46,968",Taiwan Semiconductor Manufacturing,2017
371,Fabio Schvartsman,Energy,"Mining, Crude-Oil Production","Rio de Janeiro, Brazil",http://www.vale.com,11,"73,062",Vale,2017
372,Jeffrey L. Bewkes,Media,Entertainment,"New York, NY",http://www.timewarner.com,16,"25,000",Time Warner,2017
373,Li Weimin,Energy,"Mining, Crude-Oil Production","Jinan , China",http://www.snjt.com,6,"179,689",Shandong Energy Group,2017
374,Toshihiro Suzuki,Motor Vehicles & Parts,Motor Vehicles and Parts,"Hamamatsu, Japan",http://www.globalsuzuki.com,23,"62,992",Suzuki Motor,2017
375,Bhavesh V. Patel,Chemicals,Chemicals,"Rotterdam, Netherlands",http://www.lyb.com,10,"13,000",LyondellBasell Industries,2017
376,Frans A. van Houten,Health Care,Medical Products and Equipment,"Amsterdam, Netherlands",http://www.philips.com,23,"114,731",Royal Philips,2017
377,Thomas M. Rutledge,Telecommunications,Telecommunications,"Stamford, CT",http://www.charter.com,1,"91,500",Charter Communications,2017
378,Omar S. Ishrak,Health Care,Medical Products and Equipment,"Dublin, Ireland",http://www.medtronic.com,1,"98,017",Medtronic,2017
379,John E. Schlifske,Financials,"Insurance: Life, Health (Mutual)","Milwaukee, WI",http://www.northwesternmutual.com,23,"5,646",Northwestern Mutual,2017
380,Jean-Paul Agon,Household Products,Household and Personal Products,"Clichy, France",http://www.loreal.com,23,"89,331",L’Oreal,2017
381,Wang Jianlin,Financials,Real estate,"Beijing, China",http://www.wanda-group.com,2,"155,905",Dalian Wanda Group,2017
382,Shuichi Watanabe,Wholesalers,Wholesalers: Health Care,"Tokyo, Japan",http://www.medipal.co.jp,15,"15,745",Medipal Holdings,2017
383,Zhao Jianguo,Energy,Utilities,"Beijing, China",http://www.chd.com.cn,6,"107,000",China Huadian,2017
384,Ng Keng Hooi,Financials,"Insurance: Life, Health (stock)","Hong Kong, China",http://www.aia.com,3,"20,000",AIA Group,2017
385,Mukesh Kumar Surana,Energy,Petroleum Refining,"Mumbai, India",http://www.hindustanpetroleum.com,14,"10,422",Hindustan Petroleum,2017
386,Herbert Bolliger,Food & Drug Stores,Food and Drug Stores,"Zurich, Switzerland",http://www.migros.ch,23,"77,704",Migros Group,2017
387,Jean-Marc Janaillac,Transportation,Airlines,"Paris, France",http://www.airfranceklm.com,21,"82,175",Air France-KLM Group,2017
388,Richard J. Cousins,"Hotels, Restaurants & Leisure",Food Services,"Chertsey, Britain",http://www.compass-group.com,16,"527,180",Compass Group,2017
389,Paal Kibsgaard,Energy,Oil & Gas Equipment Services,"Houston, TX",http://www.slb.com,17,"100,000",Schlumberger,2017
390,Shigeki Iwane,Energy,Utilities,"Osaka, Japan",http://www.kepco.co.jp,23,"32,666",Kansai Electric Power,2017
391,Barry Lam,Technology,"Computers, Office Equipment","Taoyuan, Taiwan",http://www.quantatw.com,12,"92,698",Quanta Computer,2017
392,Brian C. Hartzer,Financials,Banks: Commercial and Savings,"Sydney, Australia",http://www.westpac.com.au,13,"35,280",Westpac Banking,2017
393,Joos Sutter,Food & Drug Stores,Food and Drug Stores,"Basel, Switzerland",http://www.coop.ch,8,"73,451",Coop Group,2017
394,Mark Zuckerberg,Technology,Internet Services and Retailing,"Menlo Park, CA",http://www.facebook.com,1,"17,048",Facebook,2017
395,Alan D. Schnitzer,Financials,Insurance: Property and Casualty (Stock),"New York, NY",http://www.travelers.com,14,"30,900",Travelers Cos.,2017
396,Richard D. Fairbank,Financials,Banks: Commercial and Savings,"McLean, VA",http://www.capitalone.com,7,"47,300",Capital One Financial,2017
397,James R. Murdoch,Media,Entertainment,"New York, NY",http://www.21cf.com,23,"21,500",Twenty-First Century Fox,2017
398,Qiao Baoping,Energy,Energy,"Beijing, China",http://www.cgdc.com.cn,8,"124,056",China Guodian,2017
399,Eric Olsen,Materials,"Building Materials, Glass","Jona, Switzerland",http://www.lafargeholcim.com,9,"90,903",LafargeHolcim,2017
400,Jean-Pascal Tricoire,Technology,"Electronics, Electrical Equip.","Rueil-Malmaison, France",http://www.schneider-electric.com,16,"143,901",Schneider Electric,2017
401,Xiong Qun Li,Aerospace & Defense,Aerospace and Defense,"Beijing, China",http://www.cetc.com.cn,2,"158,064",China Electronics Technology Group,2017
402,Stuart Parker,Financials,Insurance: Property and Casualty (Stock),"San Antonio, TX",http://www.usaa.com,4,"29,943",USAA,2017
403,Michael J. Kasbar,Energy,Energy,"Miami, FL",http://www.wfscorp.com,6,"5,000",World Fuel Services,2017
404,Oliver Windholz,Wholesalers,Wholesalers: Health Care,"Mannheim, Germany",http://www.phoenixgroup.eu,7,"26,611",Phoenix Pharmahandel,2017
405,Antoine Frerot,Energy,Utilities,"Paris, France",http://www.veolia.com,15,"156,225",Veolia Environnement,2017
406,Andrew G. Thorburn,Financials,Banks: Commercial and Savings,"Docklands, Australia",http://www.nab.com.au,22,"34,263",National Australia Bank,2017
407,Andre Calantzopoulos,"Food, Beverages & Tobacco",Tobacco,"New York, NY",http://www.pmi.com,9,"79,500",Philip Morris International,2017
408,Samuel R. Allen,Industrials,Construction and Farm Machinery,"Moline, IL",http://www.johndeere.com,23,"56,767",Deere,2017
409,Tetsuro Tomita,Transportation,Railroads,"Tokyo, Japan",http://www.jreast.co.jp,23,"85,834",East Japan Railway,2017
410,Willem A.J. van Duin,Financials,"Insurance: Life, Health (Mutual)","Zeist, Netherlands",http://www.achmea.nl,4,"14,921",Achmea,2017
411,Bernardo Hees,"Food, Beverages & Tobacco",Food Consumer Products,"Pittsburgh, PA",http://www.kraftheinzcompany.com,3,"41,000",Kraft Heinz,2017
412,Ming-Ho Hsiung,Financials,"Insurance: Life, Health (stock)","Taipei, Taiwan",http://www.cathaylife.com.tw,16,"36,578",Cathay Life Insurance,2017
413,Robert M. Dutkowsky,Wholesalers,Wholesalers: Electronics and Office Equipment,"Clearwater, FL",http://www.techdata.com,19,"9,500",Tech Data,2017
414,Chang-Soo Kim,Financials,"Insurance: Life, Health (stock)","Seoul, South Korea",http://www.samsunglife.com,21,"5,284",Samsung Life Insurance,2017
415,William J. Amelio,Wholesalers,Wholesalers: Electronics and Office Equipment,"Phoenix, AZ",http://www.avnet.com,7,"17,700",Avnet,2017
416,Rajeev Suri,Technology,Network and Other Communications Equipment,"Espoo, Finland",http://www.nokia.com,19,"102,687",Nokia,2017
417,Al Monaco,Energy,Pipelines,"Calgary, Alberta, Canada",http://www.enbridge.com,4,"7,733",Enbridge,2017
418,Rafael Villaseca Marco,Energy,Utilities,"Barcelona, Spain",http://www.gasnaturalfenosa.com,9,"17,229",Gas Natural Fenosa,2017
419,Shayne Elliott,Financials,Banks: Commercial and Savings,"Docklands, Australia",http://www.anz.com,14,"46,554",Australia & New Zealand Banking Group,2017
420,Borje Ekholm,Technology,Network and Other Communications Equipment,"Stockholm, Sweden",http://www.ericsson.com,23,"111,464",LM Ericsson,2017
421,Masayoshi Matsumoto,Motor Vehicles & Parts,Motor Vehicles and Parts,"Osaka, Japan",http://www.global-sei.com,23,"248,330",Sumitomo Electric Industries,2017
422,Irene B. Rosenfeld,"Food, Beverages & Tobacco",Food Consumer Products,"Deerfield, IL",http://www.mondelezinternational.com,10,"90,000",Mondelez International,2017
423,Bruce Hemphill,Financials,"Insurance: Life, Health (stock)","London, Britain",http://www.oldmutualplc.com,16,"68,527",Old Mutual,2017
424,Takashi Tsukioka,Energy,Petroleum Refining,"Tokyo, Japan",http://www.idemitsu.com,23,"9,139",Idemitsu Kosan,2017
425,Brian J. Porter,Financials,Banks: Commercial and Savings,"Toronto, Ontario, Canada",http://www.scotiabank.com,20,"88,901",Bank of Nova Scotia,2017
426,Jeffrey Gennette,Retailing,General Merchandisers,"Cincinnati, OH",http://www.macysinc.com,23,"148,300",Macy’s,2017
427,Antonio Huertas Mejias,Financials,Insurance: Property and Casualty (Stock),"Madrid, Spain",http://www.mapfre.com,10,"37,020",Mapfre Group,2017
428,Philippe Wahl,Transportation,"Mail, Package, and Freight Delivery","Paris, France",http://www.laposte.fr,22,"240,407",La Poste,2017
429,Pablo Isla Alvarez de Tejera,Retailing,Specialty Retailers,"Arteixo, Spain",http://www.inditex.com,2,"162,450",Inditex,2017
430,Richard A. Gonzalez,Health Care,Pharmaceuticals,"North Chicago, IL",http://www.abbvie.com,2,"30,000",AbbVie,2017
431,Zhang Youxi,Energy,"Mining, Crude-Oil Production","Datong, China",http://www.dtcoalmine.com,5,"162,542",Datong Coal Mine Group,2017
432,Hee-Tae Kang,Retailing,General Merchandisers,"Seoul, South Korea",http://www.lotteshopping.com,4,"26,357",Lotte Shopping,2017
433,Keith Skeoch,Financials,Diversified Financials,"Edinburgh, Britain",http://www.standardlife.com,19,"6,302",Standard Life,2017
434,Wu Huatai,Energy,"Mining, Crude-Oil Production","Taiyuan, China",http://www.sxcc.com.cn,5,"209,817",Shanxi Coking Coal Group,2017
435,Alain Dehaze,Business Services,Temporary Help,"Glattbrugg, Switzerland",http://www.adeccogroup.com,19,"33,000",Adecco Group,2017
436,Willie Walsh,Transportation,Airlines,"Harmondsworth, Britain",http://www.iairgroup.com,20,"63,387",International Airlines Group,2017
437,Stephen J. Easterbrook,"Hotels, Restaurants & Leisure",Food Services,"Oak Brook, IL",http://www.aboutmcdonalds.com,23,"375,000",McDonald’s,2017
438,Takashi Niino,Technology,Information Technology Services,"Tokyo, Japan",http://www.nec.com,23,"107,729",NEC,2017
439,Edward D. Breen,Chemicals,Chemicals,"Wilmington, DE",http://www.dupont.com,23,"46,000",DuPont,2017
440,Zhou Qiang,Wholesalers,Wholesalers: Diversified,"Beijing, China",http://www.cnaf.com,7,"11,739",China National Aviation Fuel Group,2017
441,Wesley G. Bush,Aerospace & Defense,Aerospace and Defense,"Falls Church, VA",http://www.northropgrumman.com,18,"67,000",Northrop Grumman,2017
442,J. Bruce Flatt,Financials,Diversified Financials,"Toronto, Ontario, Canada",http://www.brookfield.com,1,"55,700",Brookfield Asset Management,2017
443,Gustavo J. Vollmer A.,Financials,Banks: Commercial and Savings,"Caracas, Venezuela",http://www.msf.com,1,"8,370",Mercantil Servicios Financieros,2017
444,William R. McDermott,Technology,Computer Software,"Walldorf, Germany",http://www.sap.com,2,"84,183",SAP,2017
445,Ryan M. Lance,Energy,"Mining, Crude-Oil Production","Houston, TX",http://www.conocophillips.com,23,"13,300",ConocoPhillips,2017
446,Zhai Hong,Energy,"Mining, Crude-Oil Production","Yangquan, China",http://www.ymjt.com.cn%20,5,"146,236",Yangquan Coal Industry Group,2017
447,Emmanuel Faber,"Food, Beverages & Tobacco",Food Consumer Products,"Paris, France",http://www.danone.com,23,"99,187",Danone,2017
448,Chi-Hun Choi,Engineering & Construction,"Engineering, Construction","Seoul, South Korea",http://www.samsungcnt.com,1,"13,898",Samsung C&T,2017
449,Li Jinping,Energy,"Mining, Crude-Oil Production","Changzhi, China",http://www.chinaluan.com,5,"95,666",Shanxi LuAn Mining Group,2017
450,Thomas A. Kennedy,Aerospace & Defense,Aerospace and Defense,"Waltham, MA",http://www.raytheon.com,22,"63,000",Raytheon,2017
451,Fang Hongbo,Technology,"Electronics, Electrical Equip.","Foshan, China",http://www.midea.com,2,"126,418",Midea Group,2017
452,Satoru Katsuno,Energy,Utilities,"Nagoya, Japan",http://www.chuden.co.jp,23,"30,635",Chubu Electric Power,2017
453,Charles Woodburn,Aerospace & Defense,Aerospace and Defense,"London, Britain",http://www.baesystems.com,23,"76,000",BAE Systems,2017
454,Gregory J. Goff,Energy,Petroleum Refining,"San Antonio, TX",http://www.tsocorp.com,11,"6,308",Andeavor,2017
455,Chen Jinhang,Energy,Energy,"Beijing, China",http://www.china-cdt.com,8,"97,091",China Datang,2017
456,Michael M. McNamara,Technology,Semiconductors and Other Electronic Components,Singapore,http://www.flex.com,17,"200,000",Flex,2017
457,Michael J. Long,Wholesalers,Wholesalers: Electronics and Office Equipment,"Centennial, CO",http://www.arrow.com,4,"18,700",Arrow Electronics,2017
458,Jan Rinnert,Materials,Metals,"Hanau, Germany",http://www.heraeus.com,7,"12,369",Heraeus Holding,2017
459,Jui-Tsung Chen,Technology,"Computers, Office Equipment","Taipei, Taiwan",http://www.compal.com,6,"64,728",Compal Electronics,2017
460,Lin Tengjiao,Financials,Diversified Financials,"Fuzhou, China",http://www.yangofinance.com,1,"10,234",Yango Financial Holding,2017
461,Steven M. Mollenkopf,Technology,Semiconductors and Other Electronic Components,"San Diego, CA",http://www.qualcomm.com,4,"30,500",Qualcomm,2017
462,Taizo Kubo,Wholesalers,Wholesalers: Health Care,"Tokyo, Japan",http://www.alfresa.com,8,"13,217",Alfresa Holdings,2017
463,Daniel Zhang,Technology,Internet Services and Retailing,"Hangzhou, China",http://www.alibabagroup.com,1,"50,097",Alibaba Group Holding,2017
464,Levent Cakiroglu,Energy,Energy,"Istanbul, Turkey",http://www.koc.com.tr,16,"95,456",Koc Holding,2017
465,Susan Patricia Griffith,Financials,Insurance: Property and Casualty (Stock),"Mayfield Village, OH",http://www.progressive.com,4,"31,721",Progressive,2017
466,Lynn J. Good,Energy,Utilities,"Charlotte, NC",http://www.duke-energy.com,14,"28,798",Duke Energy,2017
467,Jean-Dominique Senard,Motor Vehicles & Parts,Motor Vehicles and Parts,"Clermont-Ferrand, France",http://www.michelin.com,23,"105,654",Michelin,2017
468,Mo Bin,Financials,Real estate,"Foshan, China",http://www.countrygarden.com.cn,1,"94,450",Country Garden Holdings,2017
469,Jean-Francois van Boxmeer,"Food, Beverages & Tobacco",Beverages,"Amsterdam, Netherlands",http://www.theheinekencompany.com,11,"73,525",Heineken Holding,2017
470,A. James Teague,Energy,Pipelines,"Houston, TX",http://www.enterpriseproducts.com,7,"6,800",Enterprise Products Partners,2017
471,Pascal Soriot,Health Care,Pharmaceuticals,"Cambridge, Britain",http://www.astrazeneca.com,19,"59,700",AstraZeneca,2017
472,Robert A. Bradway,Health Care,Pharmaceuticals,"Thousand Oaks, CA",http://www.amgen.com,2,"19,200",Amgen,2017
473,Wiebe Draijer,Financials,Banks: Commercial and Savings,"Utrecht, Netherlands",http://www.rabobank.com,23,"40,029",Rabobank Group,2017
474,Michel Combes,Telecommunications,Telecommunications,"Amsterdam, Netherlands",http://www.altice.net,1,"49,732",Altice,2017
475,Gerald W. Schwartz,Technology,Semiconductors and Other Electronic Components,"Toronto, Ontario, Canada",http://www.onex.com,18,"161,000",Onex,2017
476,Pietro Satriano,Wholesalers,Wholesalers: Food and Grocery,"Rosemont, IL",http://www.usfoods.com,2,"25,000",US Foods Holding,2017
477,He Tiancai,Energy,"Mining, Crude-Oil Production","Jincheng, China",http://www.jamg.cn,5,"135,691",Shanxi Jincheng Anthracite Coal Mining Group,2017
478,Jacques van den Broek,Business Services,Temporary Help,"Diemen, Netherlands",http://www.randstad.com,5,"32,280",Randstad Holding,2017
479,Pony Ma,Technology,Internet Services and Retailing,"Shenzhen, China",http://www.tencent.com,1,"38,775",Tencent Holdings,2017
480,Sang-Beom Han,Technology,"Electronics, Electrical Equip.","Seoul, South Korea",http://www.lgdisplay.com,6,"49,094",LG Display,2017
481,Sheikh Ahmed bin Saeed Al Maktoum,Transportation,Airlines,"Dubai, U.A.E",http://www.theemiratesgroup.com,2,"64,768",Emirates Group,2017
482,Andrew J. Cecere,Financials,Banks: Commercial and Savings,"Minneapolis, MN",http://www.usbank.com,12,"71,191",U.S. Bancorp,2017
483,Karl-Johan Persson,Retailing,Specialty Retailers,"Stockholm, Sweden",http://www.hm.com,2,"114,586",H & M Hennes & Mauritz,2017
484,Daniel P. Amos,Financials,"Insurance: Life, Health (stock)","Columbus, GA",http://www.aflac.com,10,"10,212",Aflac,2017
485,Michel Landel,"Hotels, Restaurants & Leisure",Food Services,"Issy-les-Moulineaux, France",http://www.sodexo.com,18,"425,594",Sodexo,2017
486,Ren Jun,Retailing,Specialty Retailers,"Nanjing, China",http://www.suning.com,1,"60,354",Suning Commerce Group,2017
487,Jin-Soo Huh,Energy,Petroleum Refining,"Seoul, South Korea",http://www.gscaltex.com,6,"2,949",GS Caltex,2017
488,Thilo Mannhardt,Energy,Energy,"Sao Paulo, Brazil",http://www.ultra.com.br,8,"15,173",Ultrapar Holdings,2017
489,Huang Wenzhou,Wholesalers,Trading,"Xiamen, China",http://www.chinacdc.com,1,"18,381",Xiamen C&D,2017
490,Edward S. Lampert,Retailing,General Merchandisers,"Hoffman Estates, IL",http://www.searsholdings.com,23,"140,000",Sears Holdings,2017
491,Xu Xianping,Engineering & Construction,"Engineering, Construction","Beijing, China",http://www.genertec.com.cn,4,"38,589",China General Technology,2017
492,John Pettigrew,Energy,Utilities,"London, Britain",http://www.nationalgrid.com,12,"22,132",National Grid,2017
493,Todd J. Vasos,Retailing,Specialty Retailers,"Goodlettsville, TN",http://www.dollargeneral.com,1,"121,000",Dollar General,2017
494,Flavio Cattaneo,Telecommunications,Telecommunications,"Milan, Italy",http://www.telecomitalia.com,18,"61,227",Telecom Italia,2017
495,Xu Xiaoxi,Wholesalers,Trading,"Xiamen, China",http://www.itgholding.com.cn,1,"18,454",Xiamen ITG Holding Group,2017
496,Shang Jiqiang,Wholesalers,Trading,"Urumqi, China",http://www.guanghui.com,1,"65,616",Xinjiang Guanghui Industry Investment,2017
497,Yitzhak Peterburg,Health Care,Pharmaceuticals,"Petach Tikva, Israel",http://www.tevapharm.com,1,"56,960",Teva Pharmaceutical Industries,2017
498,Wan Feng,Financials,"Insurance: Life, Health (stock)","Beijing, China",http://www.newchinalife.com,2,"54,378",New China Life Insurance,2017
499,David T. Potts,Food & Drug Stores,Food and Drug Stores,"Bradford, Britain",http://www.morrisons.com,13,"77,210",Wm. Morrison Supermarkets,2017
500,Friedrich Joussen,Business Services,Travel Services,"Hanover, Germany",http://www.tuigroup.com,23,"66,779",TUI,2017
