,index,ceo,value,Born,Nationality,Education,BoY,us_abbr,born_country
0,0,Doug McMillon,"Born: October 17, 1966 (age 53 years), Memphis, TN', 'Nationality: American', 'Spouse: Shelley McMillon', 'Education: Bentonville High School, Sam M. Walton College of Business, The University of Tulsa, University of Arkansas', 'Children: Blake McMillon, Spencer McMillon', 'Parents: Laura McMillon, Morris McMillon","October 17, 1966 (age 53 years), Memphis, TN",American,"Bentonville High School, Sam M. Walton College of Business, The University of Tulsa, University of Arkansas",1966,TN,
1,2,Ben van Beurden,"Born: April 23, 1958 (age 61 years), Netherlands', 'Full name: Bernardus Cornelis Adriana Margriet van Beurden', 'Nationality: Dutch', 'Spouse: Stacey van Beurden', 'Children: 4', 'Term: January 2014–present","April 23, 1958 (age 61 years), Netherlands",Dutch,,1958,,Netherlands
2,5,Amin H. Nasser,"Born: 1960 (age 60 years)', 'Nationality: Saudi', 'Education: جامعة الملك فهد للبترول والمعادن",1960 (age 60 years),Saudi,جامعة الملك فهد للبترول والمعادن,1960,,
3,6,Bob Dudley,"Born: September 14, 1955 (age 64 years), Queens, New York, NY', 'Nationality: American', 'Spouse: Mary Dudley', 'Citizenship: United Kingdom; United States', 'Title: Former Group Chief Executive of BP', 'Education: University of Illinois at Urbana-Champaign, MORE","September 14, 1955 (age 64 years), Queens, New York, NY",American,"University of Illinois at Urbana-Champaign, MORE",1955,NY,
4,7,Darren Woods,"Born: Wichita, KS', 'Spouse: Kathryn Woods', 'Predecessor: Rex W. Tillerson', 'Education: Kellogg School of Management, Texas A&M University","Wichita, KS",American,"Kellogg School of Management, Texas A&M University",,KS,
5,8,Herbert Diess,"Born: October 24, 1958 (age 61 years), Munich, Germany', 'Education: Technische Universität München (1987), MORE', 'Board member of: Audi, Volkswagen Group, SEAT, Škoda Auto, Porsche Holding","October 24, 1958 (age 61 years), Munich, Germany",Germany,"Technische Universität München (1987), MORE",1958,,Germany
6,9,Akio Toyoda,"Born: May 3, 1956 (age 63 years), Nagoya, Aichi, Japan', 'Nationality: Japanese', 'Children: 2', 'Education: Babson College, Keio University', 'Parents: Shoichiro Toyoda, Hiroko Mitsui', 'Grandparents: Kiichiro Toyoda, Hatako Toyoda","May 3, 1956 (age 63 years), Nagoya, Aichi, Japan",Japanese,"Babson College, Keio University",1956,,Japan
7,10,Tim Cook,"Born: November 1, 1960 (age 59 years), Mobile, AL', 'Height: 6′ 0″', 'Net worth: US$ 1.3 billion (2015)', 'Education: The Fuqua School of Business (1988), MORE', 'Parents: Geraldine Cook, Donald Cook', 'Siblings: Gerald Cook, Michael Cook","November 1, 1960 (age 59 years), Mobile, AL",American,"The Fuqua School of Business (1988), MORE",1960,AL,
8,11,Warren Buffett,"Born: August 30, 1930 (age 89 years), Omaha, NE', 'Net worth: 73.4 billion USD (2020)', 'Education: Columbia Business School (1950–1951), MORE', 'Spouse: Astrid Menks (m. 2006), Susan Buffett (m. 1952–2004)","August 30, 1930 (age 89 years), Omaha, NE",American,"Columbia Business School (1950–1951), MORE",1930,NE,
9,12,Jeff Bezos,"Net worth: 106.2 billion USD (2020) Trending', 'Born: January 12, 1964 (age 56 years), Albuquerque, NM', 'Height: 5′ 7″', 'Nationality: American', 'Children: 4', 'Education: Princeton University (1986), River Oaks Elementary School, Miami Palmetto Senior High School, University of Florida","January 12, 1964 (age 56 years), Albuquerque, NM",American,"Princeton University (1986), River Oaks Elementary School, Miami Palmetto Senior High School, University of Florida",1964,NM,
10,15,Ivan Glasenberg,"Born: January 1957 (age 63 years), Johannesburg, South Africa', 'Net worth: 2.9 billion USD (2020)', 'Spouse: Elana Glasenberg', 'Children: 2', 'Known for: CEO of Glencore', 'Education: Marshall Business School, USC, University of the Witwatersrand, Johannesburg, University of Southern California","January 1957 (age 63 years), Johannesburg, South Africa",Africa,"Marshall Business School, USC, University of the Witwatersrand, Johannesburg, University of Southern California",1957,,Africa
11,17,Ola Källenius,"Born: June 11, 1969 (age 50 years), Västervik, Sweden', 'Employer: Daimler AG', 'Education: University of St. Gallen, Stockholm School of Economics, Danderyds gymnasium","June 11, 1969 (age 50 years), Västervik, Sweden",Sweden,"University of St. Gallen, Stockholm School of Economics, Danderyds gymnasium",1969,,Sweden
12,18,Larry J. Merlo,"Born: 1956 (age 64 years), Pittsburgh, PA', 'Nationality: American', 'Spouse: Lee Ann Merlo', 'Education: University of Pittsburgh School of Pharmacy (1978)', 'Residence: Rhode Island","1956 (age 64 years), Pittsburgh, PA",American,University of Pittsburgh School of Pharmacy (1978),1956,PA,
13,19,Patrick Pouyanné,"Born: June 24, 1963 (age 56 years), Le Petit-Quevilly, France', 'Education: École Polytechnique","June 24, 1963 (age 56 years), Le Petit-Quevilly, France",France,École Polytechnique,1963,,France
14,21,Jeremy Weir,"Born: 1964 (age 56 years), Melbourne, Australia', 'Education: University of Melbourne', 'Predecessor: Claude Dauphin","1964 (age 56 years), Melbourne, Australia",Australia,University of Melbourne,1964,,Australia
15,22,Terry Gou,"Born: October 18, 1950 (age 69 years), Banqiao District, Taipei, Taiwan', 'Nationality: Taiwanese', 'Net worth: 5.8 billion USD (2020)', 'Spouse: Delia Tseng (m. 2008), Serena Lin (m. 1974–2005)', 'Education: Taipei College of Maritime Technology (1966–1971), New Taipei Municipal Panchiao Senior High School', 'Children: Gou Shou-zheng, Gou Xiao-ling, Gou Shou-shan, Gou Xiao-ru","October 18, 1950 (age 69 years), Banqiao District, Taipei, Taiwan",Taiwanese,"Taipei College of Maritime Technology (1966–1971), New Taipei Municipal Panchiao Senior High School",1950,,Taiwan
16,23,John Elkann,"Born: April 1, 1976 (age 43 years), New York, NY', 'Spouse: Lavinia Borromeo (m. 2004)', 'Education: Polytechnic University of Turin', 'Siblings: Lapo Elkann, Ginevra Elkann, Anna de Pahlen, Maria de Pahlen, Pietro de Pahlen, Tatiana de Pahlen, Sofia de Pahlen', 'Children: Oceano Noah Elkann, Leone Mosé Elkann, Vita Talita Elkann', 'Parents: Alain Elkann, Margherita Agnelli","April 1, 1976 (age 43 years), New York, NY",American,Polytechnic University of Turin,1976,NY,
17,24,Randall L. Stephenson,"Born: April 22, 1960 (age 59 years), Oklahoma City, OK', 'Nationality: American', 'Spouse: Lenise Stephenson', 'Children: 2', 'Residence: Dallas, TX', 'Education: The University of Oklahoma, University of Central Oklahoma","April 22, 1960 (age 59 years), Oklahoma City, OK",American,"The University of Oklahoma, University of Central Oklahoma",1960,OK,
18,26,Steven H. Collis,"Born: 1961 (age 59 years), South Africa', 'Education: University of the Witwatersrand, Johannesburg', 'Predecessor: R. David Yost","1961 (age 59 years), South Africa",Africa,"University of the Witwatersrand, Johannesburg",1961,,Africa
19,27,Mike Wirth,"Born: 1960 (age 60 years)', 'Education: University of Colorado Boulder",1960 (age 60 years),,University of Colorado Boulder,1960,,
20,28,Ma Mingzhe,"Born: December 1955 (age 64 years), China', 'Education: Zhongnan University of Economics and Law', 'Organization founded: Ping An Insurance","December 1955 (age 64 years), China",China,Zhongnan University of Economics and Law,1955,,China
21,29,Jim Hackett,"Born: April 22, 1955 (age 64 years), Columbus, OH', 'Education: University of Michigan (1977)', 'Spouse: Kathy Hackett', 'Residence: Grand Rapids, Michigan, U.S', 'Children: 2","April 22, 1955 (age 64 years), Columbus, OH",American,University of Michigan (1977),1955,OH,
22,31,Mary T. Barra,"Born: December 24, 1961 (age 58 years), Waterford, MI', 'Nationality: American', 'Spouse: Anthony E. Barra', 'Education: Stanford Graduate School of Business (1988–1990), Kettering University, Mott High School', 'Children: Nicholas Barra, Rachel Barra', 'Parents: Ray Makela, Eva Makela","December 24, 1961 (age 58 years), Waterford, MI",American,"Stanford Graduate School of Business (1988–1990), Kettering University, Mott High School",1961,MI,
23,33,Takahiro Hachigo,"Born: May 19, 1959 (age 60 years), Japan', 'Alma mater: Tokyo City University', 'Board member of: Honda Motor Company","May 19, 1959 (age 60 years), Japan",Japan,Tokyo City University,1959,,Japan
24,34,W. Craig Jelinek,"Born: August 8, 1952 (age 67 years), California', 'Nationality: American', 'Education: San Diego State University (1975)', 'Predecessor: James Sinegal","August 8, 1952 (age 67 years), California",American,San Diego State University (1975),1952,,California
25,36,Sundar Pichai,"Born: June 10, 1972 (age 47 years), Madurai, India', 'Spouse: Anjali Pichai', 'Education: Wharton School of the University of Pennsylvania, MORE', 'Children: Kiran Pichai, Kavya Pichai', 'Nationality: American, Indian', 'Parents: Regunatha Pichai, Lakshmi Pichai","June 10, 1972 (age 47 years), Madurai, India","American, Indian","Wharton School of the University of Pennsylvania, MORE",1972,,India
26,38,Chen Zhixin,Born: 1959 (age 61 years),,,,,,
27,39,Stefano Pessina,"Born: June 4, 1941 (age 78 years), Pescara, Italy', 'Net worth: 8.7 billion USD (2020)', 'Children: 2', 'Partner: Ornella Barra (1985–)', 'Board member of: Walgreens Boots Alliance', 'Education: University of Milan, Politecnico di Milano","June 4, 1941 (age 78 years), Pescara, Italy",Italy,"University of Milan, Politecnico di Milano",1941,,Italy
28,40,Jamie Dimon,"Born: March 13, 1956 (age 64 years), New York, NY', 'Nationality: American', 'Net worth: 1.2 billion USD (2020)', 'Spouse: Judith Kent (m. 1983)', 'Children: Julia Dimon, Kara Leigh Dimon, Laura Dimon', 'Education: Harvard Business School (1982), Tufts University, Browning School","March 13, 1956 (age 64 years), New York, NY",American,"Harvard Business School (1982), Tufts University, Browning School",1956,NY,
29,44,Oliver Bäte,"Born: March 1, 1965 (age 55 years), Bergisch Gladbach, Germany', 'Education: University of Cologne (1988–1993), NYU Stern School of Business (1988–1993)","March 1, 1965 (age 55 years), Bergisch Gladbach, Germany",Germany,"University of Cologne (1988–1993), NYU Stern School of Business (1988–1993)",1965,,Germany
30,45,Thomas Buberl,"Born: March 24, 1973 (age 46 years), Cologne, Germany', 'Education: WHU - Otto Beisheim School of Management, Lancaster University, University of St. Gallen","March 24, 1973 (age 46 years), Cologne, Germany",Germany,"WHU - Otto Beisheim School of Management, Lancaster University, University of St. Gallen",1973,,Germany
31,46,Rodney McMullen,"Born: 1961 (age 59 years), Pineville, KY', 'Education: University of Kentucky', 'Predecessor: David Dillon', 'Board member of: Cincinnati Financial, Kroger","1961 (age 59 years), Pineville, KY",American,University of Kentucky,1961,KY,
32,47,H. Lawrence Culp Jr.,"Born: 1964 (age 56 years), Washington, D.C.', 'Nationality: American', 'Children: 3', 'Title: Chairman and CEO, General Electric', 'Predecessor: John L. Flannery', 'Education: Washington College, Harvard Business School","1964 (age 56 years), Washington, D.C.",American,"Washington College, Harvard Business School",1964,,
33,50,Wang Bin MD,"Address: 13347 Sanford Ave C1G, Flushing, NY 11355', 'Hours:\nOpen ⋅ Closes 8PM', 'Phone: (718) 886-7888",,,,,,
34,51,Masatsugu Nagato,"Born: November 18, 1948 (age 71 years), Otaru, Hokkaido, Japan', 'Education: Hitotsubashi University', 'Predecessor: Taizo Nishimuro","November 18, 1948 (age 71 years), Otaru, Hokkaido, Japan",Japan,Hitotsubashi University,1948,,Japan
35,52,Harald Krüger,"Born: October 13, 1965 (age 54 years), Freiburg im Breisgau, Germany', 'Education: RWTH Aachen University (1991), MORE","October 13, 1965 (age 54 years), Freiburg im Breisgau, Germany",Germany,"RWTH Aachen University (1991), MORE",1965,,Germany
36,56,Joseph W. Gorder,"Born: May 1957 (age 62 years)', 'Education: University of Missouri-St. Louis, Our Lady of the Lake School of Business",May 1957 (age 62 years),,"University of Missouri-St. Louis, Our Lady of the Lake School of Business",1957,,
37,57,Brian Moynihan,"Born: October 9, 1959 (age 60 years), Marietta, OH', 'Nationality: American', 'Spouse: Susan Berry', 'Children: 3', 'Education: Notre Dame Law School (1984), Brown University (1981), University of Notre Dame', 'Siblings: Kathryn Moynihan, Patrick Moynihan","October 9, 1959 (age 60 years), Marietta, OH",American,"Notre Dame Law School (1984), Brown University (1981), University of Notre Dame",1959,OH,
38,59,Satya Nadella,"Born: August 19, 1967 (age 52 years), Hyderabad, India', 'Title: CEO of Microsoft', 'Spouse: Anupama Nadella (m. 1992)', 'Education: University of Wisconsin-Milwaukee (1990), MORE', ""Books: Hit Refresh: The Quest to Rediscover Microsoft's Soul and Imagine a Better Future for Everyone"", 'Children: Zain Nadella, Tara Nadella, Divya Nadella","August 19, 1967 (age 52 years), Hyderabad, India",India,"University of Wisconsin-Milwaukee (1990), MORE', ""Books: Hit Refresh: The Quest to Rediscover Microsoft's Soul and Imagine a Better Future for Everyone"", 'Children: Zain Nadella, Tara Nadella, Divya Nadella",1967,,India
39,60,Ren Zhengfei,"Born: October 25, 1944 (age 75 years), Zhenning Buyei and Miao Autonomous County, Anshun, China', 'Nationality: Chinese', 'Net worth: 1.3 billion USD (2020)', 'Spouse: Yao Ling', 'Education: Chongqing University', 'Children: Meng Wanzhou, Annabel Yao, Ren Ping","October 25, 1944 (age 75 years), Zhenning Buyei and Miao Autonomous County, Anshun, China",Chinese,Chongqing University,1944,,China
40,61,Craig Menear,"Born: 1958 (age 62 years), Flint, MI', 'Nationality: American', 'Education: Central High School, Michigan State University","1958 (age 62 years), Flint, MI",American,"Central High School, Michigan State University",1958,MI,
41,63,Jun Sawada,"Born: July 30, 1955 (age 64 years)', 'Predecessor: Hiroo Unoura","July 30, 1955 (age 64 years)",,,1955,,
42,65,Hiroto Saikawa,"Born: November 14, 1953 (age 66 years), Japan",,,,,,
43,66,Zheng Zhijie,"Born: May 1958 (age 61 years)', 'Education: Dongbei University of Finance and Economics', 'Party: Communist Party of China",May 1958 (age 61 years),,Dongbei University of Finance and Economics,1958,,
44,67,Dave Calhoun,"Born: April 18, 1957 (age 62 years), Philadelphia, PA', 'Nationality: American', ""Books: How Companies Win: Profiting from Demand-Driven Business Models No Matter What Business You're In"", 'Education: Orefield Middle School, Pamplin College of Business, Virginia Polytechnic Institute and State University', ""Albums: Salmon Chanted Harbor, Day Drinkin', Momentary Mutiny"", 'Children: Corey Calhoun, Amy Calhoun, Devon Calhoun, Jessica Calhoun","April 18, 1957 (age 62 years), Philadelphia, PA",American,"Orefield Middle School, Pamplin College of Business, Virginia Polytechnic Institute and State University', ""Albums: Salmon Chanted Harbor, Day Drinkin', Momentary Mutiny"", 'Children: Corey Calhoun, Amy Calhoun, Devon Calhoun, Jessica Calhoun",1957,PA,
45,68,Charles W. Scharf,"Born: 1965 (age 55 years)', 'Nationality: American', 'Organization: Visa U.S.A', 'Education: New York University, Johns Hopkins University",1965 (age 55 years),American,"New York University, Johns Hopkins University",1965,,
46,69,Joe Kaeser,"Born: June 23, 1957 (age 62 years), Arnbruck, Germany', 'Spouse: Rosemarie Kaeser', 'Education: Ostbayerische Technische Hochschule (OTH) Regensburg","June 23, 1957 (age 62 years), Arnbruck, Germany",Germany,Ostbayerische Technische Hochschule (OTH) Regensburg,1957,,Germany
47,70,Michael Corbat,"Born: May 2, 1960 (age 59 years), Bristol, CT', 'Nationality: American', 'Spouse: Donna Corbat', 'Education: Harvard University (1983)","May 2, 1960 (age 59 years), Bristol, CT",American,Harvard University (1983),1960,CT,
48,71,Gary R. Heminger,"Born: Tiffin, OH', 'Education: University of Dayton (1982), Tiffin University (1976)","Tiffin, OH",American,"University of Dayton (1982), Tiffin University (1976)",,OH,
49,74,Brian L. Roberts,"Born: June 28, 1959 (age 60 years), Philadelphia, PA', 'Nationality: American', 'Net worth: 1.6 billion USD (2020)', 'Spouse: Aileen Roberts', 'Children: Sarah Roberts, Tucker Roberts', 'Education: Wharton School of the University of Pennsylvania, University of Pennsylvania, Germantown Academy","June 28, 1959 (age 60 years), Philadelphia, PA",American,"Wharton School of the University of Pennsylvania, University of Pennsylvania, Germantown Academy",1959,PA,
50,75,Ulf Mark Schneider,"Born: September 9, 1965 (age 54 years), Neuwied, Germany', 'Nationality: German', 'Citizenship: German and American', 'Predecessor: Paul Bulcke', 'Education: Harvard Business School, University of St. Gallen","September 9, 1965 (age 54 years), Neuwied, Germany",German,"Harvard Business School, University of St. Gallen",1965,,Germany
51,76,Volkmar Denner,"Born: November 30, 1956 (age 63 years), Uhingen, Germany', 'Education: University of Stuttgart (1985), University of Stuttgart (1981)', 'Appointed by: Angela Merkel","November 30, 1956 (age 63 years), Uhingen, Germany",Germany,"University of Stuttgart (1985), University of Stuttgart (1981)",1956,,Germany
52,78,Gail Koziara Boudreaux,"Born: 1960 (age 60 years)', 'Spouse: Terry Boudreaux (m. 1989)', 'Children: 2 sons', 'Education: Chicopee Comprehensv High Sch, Columbia University, Columbia Business School, Dartmouth College",1960 (age 60 years),,"Chicopee Comprehensv High Sch, Columbia University, Columbia Business School, Dartmouth College",1960,,
53,80,Alexandre Bompard,"Born: October 4, 1972 (age 47 years), Saint-Étienne, France', 'Spouse: Charlotte Bompard', 'Predecessor: Georges Plassat', 'Board member of: Fnac', ""Education: École Nationale d'Administration (1997–1999), Sciences Po""","October 4, 1972 (age 47 years), Saint-Étienne, France",France,"École Nationale d'Administration (1997–1999), Sciences Po""",1972,,France
54,82,Claudio Descalzi,"Born: 1955 (age 65 years), Milan, Italy', 'Education: University of Milan","1955 (age 65 years), Milan, Italy",Italy,University of Milan,1955,,Italy
55,83,Michael S. Dell,"Born: February 23, 1965 (age 55 years), Houston, TX', 'Net worth: US$31.2 billion (October 2019)', 'Spouse: Susan Dell (m. 1989)', 'Education: Memorial Senior High School, The University of Texas at Austin, Herod Elementary School', 'Children: Alexa Dell, Kira Dell, Juliette Dell, Zachary Dell","February 23, 1965 (age 55 years), Houston, TX",American,"Memorial Senior High School, The University of Texas at Austin, Herod Elementary School",1965,TX,
56,84,José Antonio Alvarez (José Antonio ...,"Born: January 6, 1960 (age 60 years), León, Spain', 'Predecessor: Javier Marín","January 6, 1960 (age 60 years), León, Spain",Spain,,1960,,Spain
57,85,Igor Sechin,"Born: September 7, 1960 (age 59 years), Russian Soviet Federative Socialist Republic', 'Height: 5′ 9″', 'Spouse: Olga Rozhkova (m. 2011–2017)', 'Education: Saint Petersburg State University', 'Nationality: Russian, Soviet', 'Children: Inga Sechina, Ivan Sechin","September 7, 1960 (age 59 years), Russian Soviet Federative Socialist Republic","Russian, Soviet",Saint Petersburg State University,1960,,Republic
58,87,Ning Gaoning,"Born: November 9, 1958 (age 61 years), Binzhou, China', 'Education: Joseph M. Katz Graduate School of Business, Shandong University, University of Pittsburgh","November 9, 1958 (age 61 years), Binzhou, China",China,"Joseph M. Katz Graduate School of Business, Shandong University, University of Pittsburgh",1958,,China
59,88,Francesco Starace,"Born: 1955 (age 65 years), Rome, Italy', 'Education: Politecnico di Milano","1955 (age 65 years), Rome, Italy",Italy,Politecnico di Milano,1955,,Italy
60,89,Timotheus Höttges,"Born: September 18, 1962 (age 57 years), Solingen, Germany', 'Education: University of Cologne","September 18, 1962 (age 57 years), Solingen, Germany",Germany,University of Cologne,1962,,Germany
61,90,Philippe Brassac,"Born: August 31, 1959 (age 60 years), Nîmes, France', 'Education: ENSAE Paris', 'Predecessor: Jean-Paul Chifflet","August 31, 1959 (age 60 years), Nîmes, France",France,ENSAE Paris,1959,,France
62,91,Philippe Donnet,"Born: July 26, 1960 (age 59 years), Suresnes, France', 'Education: École Polytechnique","July 26, 1960 (age 59 years), Suresnes, France",France,École Polytechnique,1960,,France
63,94,Octavio Romero Oropeza,"Born: January 20, 1959 (age 61 years), Jalapa",,,,,,
64,95,Carlos Tavares,"Born: August 14, 1958 (age 61 years), Lisbon, Portugal', 'Nationality: Portuguese', 'Education: École Centrale Paris (1981)","August 14, 1958 (age 61 years), Lisbon, Portugal",Portuguese,École Centrale Paris (1981),1958,,Portugal
65,97,Masayoshi Son,"Born: August 11, 1957 (age 62 years), Tosu, Saga, Japan', 'Nationality: Japanese', 'Net worth: 19.3 billion USD (2020)', 'Children: 2', 'Spouse: Masami Ohno (m. 1979)', 'Education: University of California, Berkeley (1980), MORE","August 11, 1957 (age 62 years), Tosu, Saga, Japan",Japanese,"University of California, Berkeley (1980), MORE",1957,,Japan
66,98,John Flint,"Born: June 1968 (age 51 years), Yorkshire, United Kingdom', 'Children: 2', 'Successor: Noel Quinn', 'Predecessor: Stuart Gulliver', 'Title: CEO, HSBC', 'Education: University of Portsmouth, Giggleswick School","June 1968 (age 51 years), Yorkshire, United Kingdom",United Kingdom,"University of Portsmouth, Giggleswick School",1968,,United Kingdom
67,103,Jean-Laurent Bonnafé,"Born: July 14, 1961 (age 58 years), Clichy, France', 'Education: École Polytechnique, Mines ParisTech, Lycée Louis-le-Grand","July 14, 1961 (age 58 years), Clichy, France",France,"École Polytechnique, Mines ParisTech, Lycée Louis-le-Grand",1961,,France
68,107,Michael L. Tipsord,"Born: 1959 (age 61 years), Illinois', 'Education: Illinois Wesleyan University (1981), University of Illinois at Urbana-Champaign","1959 (age 61 years), Illinois",Illinois,"Illinois Wesleyan University (1981), University of Illinois at Urbana-Champaign",1959,,Illinois
69,108,Alex Gorsky,"Born: May 24, 1960 (age 59 years), Kansas City, KS', 'Nationality: American', 'Salary: US$ 20.1 million (2018); US$ 29.8 million (2017)', 'Education: Wharton School of the University of Pennsylvania, United States Military Academy', 'Children: Nicholas Gorsky', 'Parents: Albert Gorsky, Loretta Gorsky","May 24, 1960 (age 59 years), Kansas City, KS",American,"Wharton School of the University of Pennsylvania, United States Military Academy",1960,KS,
70,109,Jean-Bernard Lévy,"Born: March 18, 1955 (age 64 years), Suresnes, France', 'Education: École Polytechnique, Télécom Paris', 'Parents: Monique Herzog, Claude Lévy","March 18, 1955 (age 64 years), Suresnes, France",France,"École Polytechnique, Télécom Paris",1955,,France
71,112,Eldar Sætre,"Born: February 8, 1956 (age 64 years), Vartdal, Norway', 'Education: NHH Norwegian School of Economics', 'Siblings: Oddrun Godø","February 8, 1956 (age 64 years), Vartdal, Norway",Norway,NHH Norwegian School of Economics,1956,,Norway
72,113,Ginni Rometty,"Born: July 29, 1957 (age 62 years), Chicago, IL', 'Full name: Virginia Marie Rometty', 'Spouse: Mark Anthony Rometty', 'Successor: Arvind Krishna', 'Education: Northwestern University, Robert R. McCormick School of Engineering and Applied Science at Northwestern', 'Siblings: Joe Nicosia","July 29, 1957 (age 62 years), Chicago, IL",American,"Northwestern University, Robert R. McCormick School of Engineering and Applied Science at Northwestern",1957,IL,
73,114,Martin Brudermüller,"Born: May 5, 1961 (age 58 years), Stuttgart, Germany', 'Education: Karlsruhe Institute of Technology', 'Predecessor: Kurt Bock', 'Term: 2018","May 5, 1961 (age 58 years), Stuttgart, Germany",Germany,Karlsruhe Institute of Technology,1961,,Germany
74,115,Kenichirō Yoshida,"Born: October 1959 (age 60 years), Kumamoto, Japan', 'Nationality: Japanese","October 1959 (age 60 years), Kumamoto, Japan",Japan,,1959,,Japan
75,117,Motoya Okada,"Born: June 17, 1951 (age 68 years), Yokkaichi, Mie, Japan', 'Education: Babson College', 'Parents: Takuya Okada', 'Siblings: Katsuya Okada","June 17, 1951 (age 68 years), Yokkaichi, Mie, Japan",Japan,Babson College,1951,,Japan
76,118,Wang Wenyin,"Born: 1968 (age 52 years), Anhui, China', 'Net worth: US$16.0 billion (June 2015)', 'Education: Anhui Qianshan Yezhai Middle School, Nanjing University', 'Organization founded: Amer International Group","1968 (age 52 years), Anhui, China",China,"Anhui Qianshan Yezhai Middle School, Nanjing University",1968,,China
77,119,Lakshmi Mittal,"Born: June 15, 1950 (age 69 years), Sadulpur, India', 'Nationality: Indian', 'Net worth: 8.4 billion USD (2020)', 'Spouse: Usha Mittal', ""Education: St. Xavier's College, Kolkata"", 'Children: Aditya Mittal, Vanisha Mittal","June 15, 1950 (age 69 years), Sadulpur, India",Indian,"St. Xavier's College, Kolkata"", 'Children: Aditya Mittal, Vanisha Mittal",1950,,India
78,121,Brian Cornell,"Born: 1958 (age 62 years), Queens, New York, NY', 'Spouse: Martha Cornell', 'Known for: Chairman & CEO of Target', 'Education: UCLA Anderson School of Management, University of California, Los Angeles', 'Children: Megan Cornell, Jonathan Cornell', 'Board member of: Yum! Brands, Retail Industry Leaders Association (Chairman)","1958 (age 62 years), Queens, New York, NY",American,"UCLA Anderson School of Management, University of California, Los Angeles",1958,NY,
79,122,Guillaume Faury,"Born: February 22, 1968 (age 52 years), Cherbourg-Octeville, Cherbourg-en-Cotentin, France', ""Education: Institut supérieur de l'aéronautique et de l'espace, École nationale supérieure de l'aéronautique et de l'espace""","February 22, 1968 (age 52 years), Cherbourg-Octeville, Cherbourg-en-Cotentin, France",France,"Institut supérieur de l'aéronautique et de l'espace, École nationale supérieure de l'aéronautique et de l'espace""",1968,,France
80,123,Frank Appel,"Born: July 29, 1961 (age 58 years), Hamburg, Germany', 'Predecessor: Klaus Zumwinkel', 'Education: ETH Zürich (2001), Ludwig Maximilian University of Munich","July 29, 1961 (age 58 years), Hamburg, Germany",Germany,"ETH Zürich (2001), Ludwig Maximilian University of Munich",1961,,Germany
81,124,Hiroshi Shimizu,"Born: March 28, 1903', 'Died: June 23, 1966, Ukyo Ward, Kyoto, Japan', 'Education: Hokkaido University', 'Other name: Takahiko Minamoto, Umihiko Yuhara', 'Books: Japan and Singapore in the world economy","March 28, 1903",,Hokkaido University,1903,,
82,125,Isabelle Kocher,"Born: December 9, 1966 (age 53 years), Neuilly-sur-Seine, France', 'Spouse: Laurent Kocher (m. 1989)', 'Children: 5', 'Education: École Normale Supérieure (1987), Mines ParisTech","December 9, 1966 (age 53 years), Neuilly-sur-Seine, France",France,"École Normale Supérieure (1987), Mines ParisTech",1966,,France
83,126,Frans Muller,"Education: Erasmus University Rotterdam', 'Predecessor: Dick Boer",,,Erasmus University Rotterdam,,,
84,127,Brickman David M CPA,"Address: 270 Madison Ave # 1500, New York, NY 10016', 'Phone: (212) 687-7215",,,,,,
85,130,Kazuhiro Tsuga,"Born: November 14, 1956 (age 63 years), Osaka, Osaka, Japan', 'Predecessor: Fumio Ōtsubo', 'Employer: Panasonic', 'Title: President', 'Education: University of California, Santa Barbara (1986), Osaka University (1979)","November 14, 1956 (age 63 years), Osaka, Osaka, Japan",Japan,"University of California, Santa Barbara (1986), Osaka University (1979)",1956,,Japan
86,131,David P. Abney,"Born: 1956 (age 64 years), Greenwood, MS', 'Spouse: Sherry Abney', 'Education: Delta State University, Pillow Academy","1956 (age 64 years), Greenwood, MS",American,"Delta State University, Pillow Academy",1956,MS,
87,132,Marvin Ellison,"Born: 1966 (age 54 years)', 'Nationality: American', 'Spouse: Sharyn Ellison', 'Profession: Musician', ""Education: Haywood High School, Emory University, Emory University's Goizueta Business School, University of Memphis"", 'Children: Donavan Ellison",1966 (age 54 years),American,"Haywood High School, Emory University, Emory University's Goizueta Business School, University of Memphis"", 'Children: Donavan Ellison",1966,,
88,134,Bob Swan,"Born: May 9, 1960 (age 59 years), Syracuse, NY', 'Children: 2', 'Employer: Intel', 'Board member of: Intel Corporation, eBay', 'Predecessor: Brian Krzanich', 'Education: Corcoran High School, Binghamton University, University at Buffalo School of Management","May 9, 1960 (age 59 years), Syracuse, NY",American,"Corcoran High School, Binghamton University, University at Buffalo School of Management",1960,NY,
89,135,Megan Brennan,"Born: 1961 (age 59 years), Pottsville, PA', 'Office: United States Postmaster General since 2015', 'Party: Democratic Party', 'Education: MIT Sloan School of Management, Nativity BVM High School, Immaculata University","1961 (age 59 years), Pottsville, PA",American,"MIT Sloan School of Management, Nativity BVM High School, Immaculata University",1961,PA,
90,136,Chang Zhenming,"Born: October 1956 (age 63 years), China', 'Parents: Chang Dong', 'Education: Tsinghua University High School, Beijing International Studies University, カレッジ・オブ・インシュアランス","October 1956 (age 63 years), China",China,"Tsinghua University High School, Beijing International Studies University, カレッジ・オブ・インシュアランス",1956,,China
91,137,Xu Jiayin,"Born: October 9, 1958 (age 61 years), Taikang County, Zhoukou, China', 'Nationality: Chinese', 'Net worth: 25.7 billion USD (2020)', 'Spouse: Ding Yumei (m. 1983)', 'Education: Wuhan University of Science and Technology', 'Children: Xu Xihao, Xu Zhijian","October 9, 1958 (age 61 years), Taikang County, Zhoukou, China",Chinese,Wuhan University of Science and Technology,1958,,China
92,138,Liu Qiangdong,"Born: Lailongzhen, Suqian, China', 'Height: 5′ 10″', 'Spouse: Zhang Zetian (m. 2015)', 'Net worth: 8.4 billion USD (2020)', 'Education: China Europe International Business School, Renmin University of China', 'Parents: Wang Shaoxia, Liu Zhicheng","Lailongzhen, Suqian, China",China,"China Europe International Business School, Renmin University of China",,,China
93,142,Thierry Bolloré,"Born: May 30, 1963 (age 56 years), France', 'Education: Master of Business Administration, Paris Dauphine University', 'Parents: Yves Henri Bolloré, Jacqueline Martin","May 30, 1963 (age 56 years), France",France,"Master of Business Administration, Paris Dauphine University",1963,,France
94,145,David S. Taylor,"Born: April 20, 1958 (age 61 years), Charlotte, NC', 'Education: Duke University (1980), West Charlotte High School","April 20, 1958 (age 61 years), Charlotte, NC",American,"Duke University (1980), West Charlotte High School",1958,NC,
95,147,Gregory J. Hayes,"Born: United States', 'Education: Krannert School of Management', 'Predecessor: Louis R. Chênevert",United States,United States,Krannert School of Management,,,United States
96,151,Frederick W. Smith,"Born: August 11, 1944 (age 75 years), Marks, MS', 'Net worth: US $5.4 billion (December 2017)', 'Children: Cannon Smith, Molly Smith, Windland Smith Rice, Richard Smith, Arthur Smith', 'Education: Yale University (1962–1966), Memphis University School, Presbyterian Day School', 'Spouse: Linda Black Grisham (m. 1969–1977), Diane Smith', 'Grandchildren: Alden James Rice, Mason Frederick Rice","August 11, 1944 (age 75 years), Marks, MS",American,"Yale University (1962–1966), Memphis University School, Presbyterian Day School",1944,MS,
97,154,Juan Ricardo Luciano,"Born: 1962 (age 58 years), Argentina', 'Nationality: Argentine', 'Education: Instituto Tecnológico de Buenos Aires","1962 (age 58 years), Argentina",Argentine,Instituto Tecnológico de Buenos Aires,1962,,Argentina
98,157,Wan Zulkiflee,"Born: 1961 (age 59 years), Malaysia', 'Education: Malay College Kuala Kangsar', 'Predecessor: Shamsul Azhar Abbas', 'Title: CEO and president, Petronas","1961 (age 59 years), Malaysia",Malaysia,Malay College Kuala Kangsar,1961,,Malaysia
99,162,Severin Schwan,"Born: November 17, 1967 (age 52 years), Austria', 'Education: University of York, University of Innsbruck","November 17, 1967 (age 52 years), Austria",Austria,"University of York, University of Innsbruck",1967,,Austria
100,169,Robert Allen Iger,"Born: February 10, 1951 (age 69 years), New York, NY', 'Books: The Ride of a Lifetime: Lessons Learned from 15 Years as CEO of the Walt Disney Company, The Ride of a Lifetime', 'Spouse: Willow Bay (m. 1995), Susan Iger (m. ?–1994)', 'Children: Kate Iger, Robert Maxwell Iger, William Iger, Amanda Iger', 'Education: Ithaca College (1973), Oceanside High School, Roy H. Park School of Communications, The Center for Early Education","February 10, 1951 (age 69 years), New York, NY",American,"Ithaca College (1973), Oceanside High School, Roy H. Park School of Communications, The Center for Early Education",1951,NY,
101,173,Frédéric Oudéa,"Born: July 3, 1963 (age 56 years), Paris, France', 'Children: 5', 'Spouse: Amélie Oudéa-Castéra (m. 2006)', ""Education: Lycée Louis-le-Grand, Sciences Po, École Nationale d'Administration, École Polytechnique""","July 3, 1963 (age 56 years), Paris, France",France,"Lycée Louis-le-Grand, Sciences Po, École Nationale d'Administration, École Polytechnique""",1963,,France
102,175,José María Álvarez-Pallete López (José María Álvarez-Pallete),"Born: December 12, 1963 (age 56 years), Madrid, Spain', 'Spouse: Cuqui Samaniego","December 12, 1963 (age 56 years), Madrid, Spain",Spain,,1963,,Spain
103,178,Bruce D. Broussard,"Born: 1963 (age 57 years)', 'Spouse: Janine Broussard",1963 (age 57 years),,,1963,,
104,179,Bruce Flatt,"Born: 1965 (age 55 years), Winnipeg, Canada', 'Net worth: 1.9 billion USD (2020)', 'Siblings: Gordon Flatt","1965 (age 55 years), Winnipeg, Canada",Canada,,1965,,Canada
105,180,Chen Jianhua,"Born: March 1956 (age 64 years), Lufeng, Guangdong, Shanwei, China', 'Education: Nanjing Normal University', 'Party: Communist Party of China', 'Residence: Guangzhou, China","March 1956 (age 64 years), Lufeng, Guangdong, Shanwei, China",China,Nanjing Normal University,1956,,China
106,181,Daniel Zhang,"Born: 1972 (age 48 years), Shanghai, China', 'Nationality: Chinese', 'Education: Shanghai University of Finance and Economics","1972 (age 48 years), Shanghai, China",Chinese,Shanghai University of Finance and Economics,1972,,China
107,182,Rolf Martin Schmitz,"Born: June 17, 1957 (age 62 years), Mönchengladbach, Germany', 'Education: RWTH Aachen University","June 17, 1957 (age 62 years), Mönchengladbach, Germany",Germany,RWTH Aachen University,1957,,Germany
108,183,Mark Zuckerberg,"Net worth: 57.4 billion USD (2020) Trending', 'Born: May 14, 1984 (age 35 years), White Plains, NY', 'Height: 5′ 7″', 'Spouse: Priscilla Chan (m. 2012)', 'Education: Harvard University (2002–2004), MORE', 'Children: Maxima Chan Zuckerberg, August Chan Zuckerberg","May 14, 1984 (age 35 years), White Plains, NY",American,"Harvard University (2002–2004), MORE",1984,NY,
109,186,Sidney Toledano,"Born: July 25, 1951 (age 68 years), Casablanca, Morocco', 'Spouse: Katia Assous (m. 1981)', 'Parents: Boris Toledano, Inès Benezra', 'Nationality: French, Moroccan","July 25, 1951 (age 68 years), Casablanca, Morocco",Morocco,,1951,,Morocco
110,189,Jim Umpleby,"Born: 1958 (age 62 years), Highland, IN', 'Spouse(s): Katherine Umpleby', 'Employer: Caterpillar Inc.', 'Predecessor: Douglas R. Oberhelman', 'Children: 2 children', 'Education: Rose-Hulman Institute of Technology (1980), Highland High School","1958 (age 62 years), Highland, IN",American,"Rose-Hulman Institute of Technology (1980), Highland High School",1958,IN,
111,190,Candido Botelho Bracher,"Born: December 5, 1958 (age 61 years), State of São Paulo, Brazil', 'Education: Escola de Administração de Empresas de São Paulo (1980), Santa Cruz School","December 5, 1958 (age 61 years), State of São Paulo, Brazil",Brazil,"Escola de Administração de Empresas de São Paulo (1980), Santa Cruz School",1958,,Brazil
112,191,Carlos Brito,"Born: 1960 (age 60 years), Rio de Janeiro, State of Rio de Janeiro, Brazil', 'Nationality: Brazilian', 'Spouse(s): Belinda Brito', 'Children: Louise Brito, Kevin Brito, Mark Brito, Christine Brito', 'Education: Stanford Graduate School of Business, Universidade Federal do Rio de Janeiro","1960 (age 60 years), Rio de Janeiro, State of Rio de Janeiro, Brazil",Brazilian,"Stanford Graduate School of Business, Universidade Federal do Rio de Janeiro",1960,,Brazil
113,193,Kelcy Warren,"Born: 1955 (age 65 years), Gladewater, TX', 'Net worth: 2.6 billion USD (2020)', 'Spouse: Amy Warren (m. 2010), Sherry Johnson (m. 1980–1991)', 'Children: Klyde Warren', 'Education: White Oak High School, The University of Texas at Arlington', 'Parents: Bertie Lee Kirby, Hugh Brinson Warren","1955 (age 65 years), Gladewater, TX",American,"White Oak High School, The University of Texas at Arlington",1955,TX,
114,195,Daniel Hajj Aboumrad,"Born: 1966 (age 54 years), Mexico City, Mexico",,,,,,
115,196,Marillyn Hewson,"Born: 1954 (age 66 years), Junction City, KS', 'Spouse: James Hewson', 'Predecessor: Robert J. Stevens', 'Education: Columbia Business School, The University of Alabama, Harvard Business School', 'Children: Will Hewson, David Hewson', 'Parents: Mary Adams, Warren Adams","1954 (age 66 years), Junction City, KS",American,"Columbia Business School, The University of Alabama, Harvard Business School",1954,KS,
116,197,Albert Bourla,"Born: 1962 (age 58 years)', 'Nationality: Greek",1962 (age 58 years),,,1962,,
117,199,Josu Jon Imaz,"Born: September 6, 1963 (age 56 years), Zumarraga, Spain', 'Education: Campus De Bizkaia - Campus of Biscay', 'Employer: Repsol","September 6, 1963 (age 56 years), Zumarraga, Spain",Spain,Campus De Bizkaia - Campus of Biscay,1963,,Spain
118,200,Vasant Narasimhan,"Born: 1976 (age 44 years), Moorestown, NJ', 'Nationality: American', 'Spouse: Srishi Gupta (m. 2003)', 'Education: Harvard University, Harvard Kennedy School, Harvard Medical School, The University of Chicago', 'Parents: Kalathur Narasimhan, Gita Narasimhan","1976 (age 44 years), Moorestown, NJ",American,"Harvard University, Harvard Kennedy School, Harvard Medical School, The University of Chicago",1976,NJ,
119,203,David M. Solomon,"Born: 1962 (age 58 years), Hartsdale, NY', 'Full name: David Michael Solomon', 'Spouse: Mary Solomon (m. 1989)', 'Education: Hamilton College, Edgemont Jr./Sr. High School', 'Parents: Sandra Solomon, Alan Solomon","1962 (age 58 years), Hartsdale, NY",American,"Hamilton College, Edgemont Jr./Sr. High School",1962,NY,
120,204,Elmar Degenhart,"Born: January 29, 1959 (age 61 years), Dossenheim, Germany', 'Education: University of Stuttgart', 'Predecessor: Karl-Thomas Neumann","January 29, 1959 (age 61 years), Dossenheim, Germany",Germany,University of Stuttgart,1959,,Germany
121,205,Xavier Huillard,"Born: June 27, 1954 (age 65 years), Paris, France', 'Education: École des ponts ParisTech, École Polytechnique","June 27, 1954 (age 65 years), Paris, France",France,"École des ponts ParisTech, École Polytechnique",1954,,France
122,211,Yang Yuanqing,"Born: November 12, 1964 (age 55 years), Hefei, China', 'Nationality: Chinese', 'Net worth: US$1.25 billion (September 2015)', 'Parent(s): Yang Furong', 'Education: Shanghai Jiao Tong University, University of Science and Technology of China","November 12, 1964 (age 55 years), Hefei, China",Chinese,"Shanghai Jiao Tong University, University of Science and Technology of China",1964,,China
123,213,Yu Yong MD,"Address: 13620 38th Ave # 8C, Flushing, NY 11354', 'Phone: (718) 886-6995",,,,,,
124,214,Guido Kerkhoff,"Born: November 22, 1967 (age 52 years), Schüttorf, Germany', 'Education: Bielefeld University","November 22, 1967 (age 52 years), Schüttorf, Germany",Germany,Bielefeld University,1967,,Germany
125,217,James P. Gorman,"Born: July 14, 1958 (age 61 years), Melbourne, Australia', 'Spouse: Pendleton Dedman', 'Education: Columbia Business School, Newman College, University of Melbourne, Columbia University, Xavier College', ""Children: Caroline D'Arcy Gorman, Caroline Gorman"", 'Siblings: Katherine Williams', 'Nationality: American, Australian","July 14, 1958 (age 61 years), Melbourne, Australia",Australia,"Columbia Business School, Newman College, University of Melbourne, Columbia University, Xavier College', ""Children: Caroline D'Arcy Gorman, Caroline Gorman"", 'Siblings: Katherine Williams",1958,,Australia
126,219,Li Shufu,"Born: June 25, 1963 (age 56 years), Taizhou, China', 'Spouse: Li Wang', 'Net worth: 13.4 billion USD (2020)', 'Board member of: Geely', 'Education: Hubei University of Economics, Yanshan University, Harbin University of Science and Technology', 'Organizations founded: Geely, Geely Auto","June 25, 1963 (age 56 years), Taizhou, China",China,"Hubei University of Economics, Yanshan University, Harbin University of Science and Technology",1963,,China
127,223,Tsuyoshi Nagano,"Born: 1961 (age 59 years), Tokyo, Japan",,,,,,
128,224,Chuck Robbins,"Born: Grayson, GA', 'Spouse(s): Married', 'Children: 4', 'Education: University of North Carolina at Chapel Hill (1983–1987), Rocky Mt High School","Grayson, GA",American,"University of North Carolina at Chapel Hill (1983–1987), Rocky Mt High School",,GA,
129,225,Pierre-André de Chalendar,"Born: April 12, 1958 (age 61 years), Vichy, France', 'Spouse(s): Leticia Petrie (m. 1989)', 'Children: 4', ""Education: École Nationale d'Administration, MORE""","April 12, 1958 (age 61 years), Vichy, France",France,"École Nationale d'Administration, MORE""",1958,,France
130,227,Stéphane Richard,"Born: August 24, 1961 (age 58 years), Gironde, France', 'Education: HEC Paris","August 24, 1961 (age 58 years), Gironde, France",France,HEC Paris,1961,,France
131,228,David Cordani,"Born: February 10, 1966 (age 54 years), Waterbury, CT', 'Nationality: American', 'Books: The Courage to Go Forward: The Power of Micro Communities', 'Education: Texas A&M University, University of Hartford","February 10, 1966 (age 54 years), Waterbury, CT",American,"Texas A&M University, University of Hartford",1966,CT,
132,233,Onur Genç,"Born: 1974 (age 46 years), Trabzon, Turkey', 'Education: Tepper School of Business (1995–1997), Boğaziçi University (1991–1995)","1974 (age 46 years), Trabzon, Turkey",Turkey,"Tepper School of Business (1995–1997), Boğaziçi University (1991–1995)",1974,,Turkey
133,234,Brian Duperreault,"Born: May 8, 1947 (age 72 years), Hamilton, Bermuda', 'Nationality: American', ""Education: Saint Joseph's University, Trenton Catholic Academy""","May 8, 1947 (age 72 years), Hamilton, Bermuda",American,"Saint Joseph's University, Trenton Catholic Academy""",1947,,Bermuda
134,235,Rajnish Kumar,"Born: January 14, 1958 (age 62 years)', 'Residence: Mumbai, India","January 14, 1958 (age 62 years)",,,1958,,
135,236,Ma Huateng,"Born: October 29, 1971 (age 48 years), Chaoyang, Shantou, China', 'Nationality: Chinese', 'Net worth: 40.7 billion USD (2020)', 'Residence: Shenzhen, China', 'Education: Shenzhen Middle School, Shenzhen University', 'Parents: Ma Chenshu, Huang Huiqing","October 29, 1971 (age 48 years), Chaoyang, Shantou, China",Chinese,"Shenzhen Middle School, Shenzhen University",1971,,China
136,237,Mario Greco,"Born: June 16, 1959 (age 60 years), Naples, Italy', 'Education: University of Rochester, Sapienza University of Rome', 'Board member of: Zurich Insurance Group, GEDI Gruppo Editoriale, Indesit Co., Pirelli, Saras S.p.A.","June 16, 1959 (age 60 years), Naples, Italy",Italy,"University of Rochester, Sapienza University of Rome",1959,,Italy
137,238,Christian Sewing,"Born: April 24, 1970 (age 49 years), Bünde, Germany', 'Education: Frankfurt School of Finance & Management (1992–1994), MORE","April 24, 1970 (age 49 years), Bünde, Germany",Germany,"Frankfurt School of Finance & Management (1992–1994), MORE",1970,,Germany
138,239,Werner Baumann,"Born: October 6, 1962 (age 57 years), Krefeld, Germany', 'Children: 4', 'Predecessor: Marijn Dekkers', 'Education: University of Cologne, RWTH Aachen University","October 6, 1962 (age 57 years), Krefeld, Germany",Germany,"University of Cologne, RWTH Aachen University",1962,,Germany
139,243,Li Jianhong,"Born: March 13, 1975 (age 45 years), China', 'Genre: Alternative/Indie', 'Albums: Classic of the Mountains and Seas, 此刻,如同活人', 'Record labels: 摩登天空, P.S.F. Records, Nothing Out There, Tipped Bowler Tapes","March 13, 1975 (age 45 years), China",China,,1975,,China
140,245,Andrew Stewart Mackenzie,"Born: December 20, 1956 (age 63 years), Scotland, United Kingdom', 'Thesis: Applications of biological marker compounds to subsurface geological processes (1981)', 'Award: Fellow of the Royal Society (2014)', 'Field: Petroleum', 'Children: two daughters', 'Education: University of Bristol, University of St Andrews","December 20, 1956 (age 63 years), Scotland, United Kingdom",United Kingdom,"University of Bristol, University of St Andrews",1956,,United Kingdom
141,252,Martin Lundstedt,"Born: April 28, 1967 (age 52 years), Mariestad, Sweden', 'Education: Chalmers University of Technology","April 28, 1967 (age 52 years), Mariestad, Sweden",Sweden,Chalmers University of Technology,1967,,Sweden
142,254,Herman Gref,"Born: February 8, 1964 (age 56 years), Panfilovo, Kazakhstan', 'Spouse: Yana Gref (m. 2004)', 'Education: Saint Petersburg State University (1990–1993), MORE', 'Children: Oleg Gref', 'Nationality: Russian, German', 'Siblings: Yelena Peredriy, Yevgeniy Gref","February 8, 1964 (age 56 years), Panfilovo, Kazakhstan","Russian, German","Saint Petersburg State University (1990–1993), MORE",1964,,Kazakhstan
143,255,David I. McKay,"Born: Montreal, Canada', 'Spouse(s): Karen McKay', 'Children: 2', 'Title: CEO, Royal Bank of Canada', 'Education: Ivey Business School, John Rennie High School, University of Waterloo","Montreal, Canada",Canada,"Ivey Business School, John Rennie High School, University of Waterloo",,,Canada
144,256,Doug Parker,"Born: 1961 (age 59 years)', 'Spouse: Gwen Parker', 'Children: 3', 'Predecessor: Bill Franke', 'Employer: American Airlines Group', 'Education: Vanderbilt University, Albion College, Owen Graduate School of Management",1961 (age 59 years),,"Vanderbilt University, Albion College, Owen Graduate School of Management",1961,,
145,257,Kuok Khoon Hong,"Born: 1951 (age 69 years), Singapore', 'Net worth: 2.3 billion USD (2020)', 'Parents: Kuok Hock Swee', 'Children: Kuok Meng Ru', 'Education: English College Johore Bahru, NUS Business School, Desautels Faculty of Management, McGill University', 'Organization founded: Wilmar International","1951 (age 69 years), Singapore",Singapore,"English College Johore Bahru, NUS Business School, Desautels Faculty of Management, McGill University",1951,,Singapore
146,259,Ed Bastian,"Born: June 6, 1957 (age 62 years), Poughkeepsie, NY', 'Children: 4', 'Term: May 2, 2016 – present', 'Residence: Atlanta, GA', 'Board member of: Aeroméxico, Atlanta Committee for Progress, Metro Atlanta Chamber, The Woodruff Arts Center', 'Education: St. Bonaventure University, Our Lady of Lourdes High School","June 6, 1957 (age 62 years), Poughkeepsie, NY",American,"St. Bonaventure University, Our Lady of Lourdes High School",1957,NY,
147,263,Tom Rutledge,Education: California University of Pennsylvania,,,California University of Pennsylvania,,,
148,264,Guenter Butschek,"Born: October 21, 1960 (age 59 years)",,,,,,
149,268,Stephen Squeri,"Born: 1955 (age 65 years)', 'Education: Manhattan College",1955 (age 65 years),,Manhattan College,1955,,
150,271,Zhang Bo,"Born: August 29, 1982 (age 37 years), China', 'Education: Central Academy of Drama', 'Other name: Jaco Zhang', 'Movies: Falling Flowers, PK.COM.CN, Ip Man, Snow Blossom","August 29, 1982 (age 37 years), China",China,Central Academy of Drama,1982,,China
151,272,Sergio Ermotti,"Born: May 11, 1960 (age 59 years), Lugano, Switzerland', 'Spouse(s): Tina Ermotti', 'Children: 2', 'Education: University of Oxford', 'Predecessor: Oswald Grübel', 'Term: November 2011-","May 11, 1960 (age 59 years), Lugano, Switzerland",Switzerland,University of Oxford,1960,,Switzerland
152,276,David H. Long,"Born: 1961 (age 59 years), Liverpool, United Kingdom', 'Education: Hartwick College","1961 (age 59 years), Liverpool, United Kingdom",United Kingdom,Hartwick College,1961,,United Kingdom
153,281,Zhou Qiang,"Born: April 25, 1960 (age 59 years), Huangmei County, Huanggang, China', 'Parents: Zhou Shanjiao', 'Education: Southwest University of Political Science & Law', 'Party: Communist Party of China","April 25, 1960 (age 59 years), Huangmei County, Huanggang, China",China,Southwest University of Political Science & Law,1960,,China
154,282,Carsten Spohr,"Born: December 16, 1966 (age 53 years), Wanne-Eickel, Herne, Germany', 'Children: 2', 'Spouse: Vivian Spohr', 'Employer: Lufthansa', 'Education: Karlsruhe Institute of Technology, Airline Training Center Arizona, Lufthansa Flight Training","December 16, 1966 (age 53 years), Wanne-Eickel, Herne, Germany",Germany,"Karlsruhe Institute of Technology, Airline Training Center Arizona, Lufthansa Flight Training",1966,,Germany
155,283,Kenneth C. Frazier,"Born: December 17, 1954 (age 65 years), Philadelphia, PA', 'Spouse: Andrea Frazier', 'Education: Harvard Law School (1978), Penn State University (1975), Northeast High School, Harvard University', 'Children: Lauren Frazier, James Frazier', 'Parents: Clara Frazier, Otis Frazier","December 17, 1954 (age 65 years), Philadelphia, PA",American,"Harvard Law School (1978), Penn State University (1975), Northeast High School, Harvard University",1954,PA,
156,284,Shu Yinbiao,"Born: 1958 (age 62 years)', 'Education: North China Electric Power University",1958 (age 62 years),,North China Electric Power University,1958,,
157,285,Martin Bouygues,"Born: May 3, 1952 (age 67 years), Suresnes, France', 'Net worth: $3.8 billion (jointly with brother Olivier, February 2015)', 'Education: Janson de Sailly School', 'Children: William Bouygues, Charlotte Bouygues, Édouard Bouygues', 'Parents: Francis Bouygues, Monique Bouygues', 'Siblings: Olivier Bouygues, Corinne Bouygues, Nicolas Bouygues","May 3, 1952 (age 67 years), Suresnes, France",France,Janson de Sailly School,1952,,France
158,286,Olivier Brandicourt,"Born: February 1956 (age 64 years), France', 'Education: Paris Descartes University","February 1956 (age 64 years), France",France,Paris Descartes University,1956,,France
159,289,Xu Xiaoxi,"Born: November 18, 1981 (age 38 years), Chengdu, China', 'Education: New York Film Academy | Battery Place, New York', 'Movies: Desire Street, Sunken Plum, Floating Melon, Mei Mei, MORE","November 18, 1981 (age 38 years), Chengdu, China",China,"New York Film Academy | Battery Place, New York",1981,,China
160,290,José Ignacio Sánchez Galán,"Born: September 30, 1950 (age 69 years), Villavieja de Yeltes, Spain', 'Education: EOI Business School, Comillas Pontifical University","September 30, 1950 (age 69 years), Villavieja de Yeltes, Spain",Spain,"EOI Business School, Comillas Pontifical University",1950,,Spain
161,291,Oscar Munoz,"Born: January 1959 (age 61 years), California', 'Nationality: American', 'Net worth: US$26.9 million (March 2019)', 'Spouse(s): Cathy Munoz', 'Children: 4', 'Education: La Quinta High School, Marshall Business School, USC, University of Southern California, Pepperdine University","January 1959 (age 61 years), California",American,"La Quinta High School, Marshall Business School, USC, University of Southern California, Pepperdine University",1959,,California
162,292,Søren Skou,"Born: August 20, 1964 (age 55 years), Denmark', 'Spouse: Lene Buus Skou (m. 1988)', 'Education: IMD Business School, Copenhagen Business School","August 20, 1964 (age 55 years), Denmark",Denmark,"IMD Business School, Copenhagen Business School",1964,,Denmark
163,293,Bharat Masrani,"Born: May 26, 1956 (age 63 years), Uganda', 'Nationality: Canadian', 'Education: Schulich School of Business (1979), York University (1978)","May 26, 1956 (age 63 years), Uganda",Canadian,"Schulich School of Business (1979), York University (1978)",1956,,Uganda
164,294,Emma Walmsley,"Born: June 1969 (age 50 years), Barrow-in-Furness, United Kingdom', 'Spouse: David Owen (m. 1995)', 'Children: 4', ""Education: University of Oxford, St Swithun's School"", 'Parents: Robert Walmsley, Christina V Melvill', 'Board member of: Diageo, GlaxoSmithKline, Microsoft Corporation","June 1969 (age 50 years), Barrow-in-Furness, United Kingdom",United Kingdom,"University of Oxford, St Swithun's School"", 'Parents: Robert Walmsley, Christina V Melvill",1969,,United Kingdom
165,295,Roger W. Ferguson Jr.,"Born: October 28, 1951 (age 68 years), Washington, D.C.', 'Nationality: American', 'Spouse: Annette Nazareth', 'Education: Sidwell Friends School (1969), Harvard College, Harvard Law School, Harvard University, Pembroke College', 'Books: International Financial Stability, Banking, Financial, and Regulatory Reform","October 28, 1951 (age 68 years), Washington, D.C.",American,"Sidwell Friends School (1969), Harvard College, Harvard Law School, Harvard University, Pembroke College",1951,,
166,296,Julie Sweet,"Nationality: American', 'Spouse: Chad Sweet (m. 2004)', 'Education: Claremont McKenna College",,American,Claremont McKenna College,,,
167,297,Donald J. Walker,"Born: 1956 (age 64 years), Canada', 'Education: University of Waterloo', 'Spouse: Joan Kelley Walker (m. 2000), Belinda Stronach (m. 1990–1995)', 'Children: Frank Walker, Nikki Walker","1956 (age 64 years), Canada",Canada,University of Waterloo,1956,,Canada
168,299,Dr. Jing Zhang,"Address: 4771 Hylan Blvd, Staten Island, NY 10312', 'Phone: (718) 816-6440",,,,,,
169,300,Ian McIntosh,"Genre: Pop', 'Music groups: Jesus Culture, Passion Conferences",,,,,,
170,301,Jean-Sébastien Jacques,"Born: October 1971 (age 48 years), Orléans, France', 'Education: École Centrale Paris', 'Title: CEO, Rio Tinto Group","October 1971 (age 48 years), Orléans, France",France,École Centrale Paris,1971,,France
171,303,Pedro Guimarães,"Born: Rio de Janeiro, State of Rio de Janeiro, Brazil', 'Education: University of Rochester, PUC-Rio, Fundação Getúlio Vargas","Rio de Janeiro, State of Rio de Janeiro, Brazil",Brazil,"University of Rochester, PUC-Rio, Fundação Getúlio Vargas",,,Brazil
172,304,Noel White,"Born: December 16, 1929, Altrincham, United Kingdom', 'Died: June 30, 2019', 'Award: British Empire Medal","December 16, 1929, Altrincham, United Kingdom",United Kingdom,,1929,,United Kingdom
173,305,Safra Catz,"Born: December 1, 1961 (age 58 years), Holon, Israel', 'Net worth: US$1.1 billion (2019)', 'Spouse: Gal Tirosh (m. 1997)', 'Education: Penn Law (1986), MORE', 'Children: Gary Tirosh, Scott Tirosh', 'Nationality: American, Israeli","December 1, 1961 (age 58 years), Holon, Israel",Israel,"Penn Law (1986), MORE",1961,,Israel
174,306,Thomas J. Wilson,"Born: 1958 (age 62 years), St. Clair Shores, MI', 'Net worth: US$85.2 million (2019)', 'Education: Kellogg School of Management, Northwestern University, University of Michigan, Lake Shore High School","1958 (age 62 years), St. Clair Shores, MI",American,"Kellogg School of Management, Northwestern University, University of Michigan, Lake Shore High School",1958,MI,
175,308,Ralph Hamers,"Born: 1966 (age 54 years), Simpelveld, Netherlands', 'Spouse: Patricia van Nimwegen (m. 1997)', 'Children: 2', 'Education: Tilburg University","1966 (age 54 years), Simpelveld, Netherlands",Netherlands,Tilburg University,1966,,Netherlands
176,309,Iain Conn,"Born: October 22, 1962 (age 57 years), Edinburgh, United Kingdom', 'Spouse: Caroline Shorten Conn', 'Children: 3', 'Education: Loretto School Pinkie Campus, MORE","October 22, 1962 (age 57 years), Edinburgh, United Kingdom",United Kingdom,"Loretto School Pinkie Campus, MORE",1962,,United Kingdom
177,310,Paul Fang,"Born: 1967 (age 53 years), Anhui, China', 'Net worth: 1.1 billion USD (2020)', 'Education: East China Normal University","1967 (age 53 years), Anhui, China",China,East China Normal University,1967,,China
178,317,Ryan Lance,"Born: Butte, MT', 'Education: Montana Tech (1984), Great Falls High School","Butte, MT",American,"Montana Tech (1984), Great Falls High School",,MT,
179,318,Jes Staley,"Born: December 27, 1956 (age 63 years), Boston, MA', 'Spouse: Debbie Staley', 'Education: Bowdoin College', 'Parents: Paul R. Staley', 'Children: Sophia Staley, Alexa Staley', 'Siblings: Peter Staley","December 27, 1956 (age 63 years), Boston, MA",American,Bowdoin College,1956,MA,
180,319,Mike Coupe,"Born: September 26, 1960 (age 59 years), Watford, United Kingdom', 'Spouse: Jill Parkinson (m. 1990)', 'Education: The Weald School, Billingshurst', 'Predecessor: Justin King","September 26, 1960 (age 59 years), Watford, United Kingdom",United Kingdom,"The Weald School, Billingshurst",1960,,United Kingdom
181,324,Guillaume Pepy,"Born: May 26, 1958 (age 61 years), Neuilly-sur-Seine, France', ""Education: École Nationale d'Administration (1984), École alsacienne, Sciences Po""","May 26, 1958 (age 61 years), Neuilly-sur-Seine, France",France,"École Nationale d'Administration (1984), École alsacienne, Sciences Po""",1958,,France
182,326,Peter Voser,"Born: August 29, 1958 (age 61 years), Baden, Switzerland', 'Spouse: Daniela Voser', 'Board member of: Roche Holding AG', 'Children: 3', 'Education: Zürcher Fachhochschule, IMD Business School, Zurich University of Applied Sciences","August 29, 1958 (age 61 years), Baden, Switzerland",Switzerland,"Zürcher Fachhochschule, IMD Business School, Zurich University of Applied Sciences",1958,,Switzerland
183,329,André Desmarais,"Born: October 26, 1956 (age 63 years), Ottawa, Canada', 'Spouse: France Chrétien Desmarais', 'Education: Concordia University', 'Children: Olivier Desmarais', 'Parents: Paul Desmarais, Jacqueline Desmarais', 'Siblings: Paul Desmarais Jr., Louise Desmarais, Sophie Desmarais","October 26, 1956 (age 63 years), Ottawa, Canada",Canada,Concordia University,1956,,Canada
184,330,Christian Mumenthaler,"Born: June 21, 1969 (age 50 years)', 'Education: ETH Zürich","June 21, 1969 (age 50 years)",,ETH Zürich,1969,,
185,339,John Donahoe,"Born: April 30, 1960 (age 59 years), Evanston, IL', 'Nationality: American', 'Spouse: Eileen Donahoe', 'Children: 4', 'Education: Stanford Graduate School of Business, Dartmouth College, New Trier Township High School Winnetka', 'Board member of: Nike, ServiceNow, Bridgespan Group, PayPal","April 30, 1960 (age 59 years), Evanston, IL",American,"Stanford Graduate School of Business, Dartmouth College, New Trier Township High School Winnetka",1960,IL,
186,341,Phebe Novakovic,"Born: 1957 (age 63 years), Pittsburgh, PA', 'Spouse: David Morrison', 'Education: Wharton School of the University of Pennsylvania, Smith College","1957 (age 63 years), Pittsburgh, PA",American,"Wharton School of the University of Pennsylvania, Smith College",1957,PA,
187,343,Fujio Mitarai,"Born: September 23, 1935 (age 84 years), Kamae, Ōita', 'Education: Chuo University', 'Children: Sayoko, Masanobu Mitarai","September 23, 1935 (age 84 years), Kamae, Ōita",,Chuo University,1935,,
188,346,Johannes Teyssen,"Born: October 9, 1959 (age 60 years), Hildesheim, Germany', 'Children: 4', 'Education: University of Göttingen","October 9, 1959 (age 60 years), Hildesheim, Germany",Germany,University of Göttingen,1959,,Germany
189,353,Matteo Del Fante,"Born: May 27, 1967 (age 52 years), Florence, Italy",,,,,,
190,355,Toshihiro Suzuki,"Born: March 1959 (age 61 years), Shizuoka, Japan', 'Parents: Osamu Suzuki', 'Grandparent: Shunzo Suzuki","March 1959 (age 61 years), Shizuoka, Japan",Japan,,1959,,Japan
191,358,Tidjane Thiam,"""Born: July 29, 1962 (age 57 years), Côte d'Ivoire"", 'Spouse: Annette Thiam', 'Children: 2', 'Education: INSEAD Europe Campus (1986–1988), MORE', ""Siblings: Abdel Aziz Thiam, Yamousso Thiam, Papa Ababakar Thiam, N'deye Anna Thiam, Daouda Thiam, Augustin Thiam"", 'Nationality: Ivorian, French","July 29, 1962 (age 57 years), Côte d'Ivoire"", 'Spouse: Annette Thiam",Thiam,"INSEAD Europe Campus (1986–1988), MORE', ""Siblings: Abdel Aziz Thiam, Yamousso Thiam, Papa Ababakar Thiam, N'deye Anna Thiam, Daouda Thiam, Augustin Thiam"", 'Nationality: Ivorian, French",1962,,Thiam
192,361,C. C. Wei,"Born: July 12, 1914, Shengzhou, Shaoxing, China', 'Died: February 20, 1987, Broadway, NY', 'Books: Bidding Precisely, The precision bidding system in bridge, MORE","July 12, 1914, Shengzhou, Shaoxing, China",China,,1914,,China
193,363,Barry Lam,"Born: April 24, 1949 (age 70 years), Shanghai, China', 'Net worth: 4.1 billion USD (2020)', 'Spouse: He Sha', 'Children: Sam Lam, Lam Yu-Hsuan', 'Organizations founded: Quanta Computer, Kinpo Electronics, Inc., Quanta Arts Foundation","April 24, 1949 (age 70 years), Shanghai, China",China,,1949,,China
194,370,Michael A. Wells,"Born: April 9, 1960 (age 59 years), Canada', 'Alma mater: San Diego State University', 'Predecessor: Tidjane Thiam', 'Children: 2', 'Spouse(s): married","April 9, 1960 (age 59 years), Canada",Canada,San Diego State University,1960,,Canada
195,371,Matt Comyn,"Employer: Commonwealth Bank', 'Education: The University of Sydney, Sydney Boys High School",,,"The University of Sydney, Sydney Boys High School",,,
196,372,Masaaki Tsuya,"Born: June 22, 1952 (age 67 years), Tokyo, Japan', 'Education: Hitotsubashi University","June 22, 1952 (age 67 years), Tokyo, Japan",Japan,Hitotsubashi University,1952,,Japan
197,377,Olivier Le Peuch,"Born: France', 'Predecessor: Paal Kibsgaard', 'Board member of: Schlumberger', 'Education: École nationale supérieure d’électronique, informatique, télécommunications, mathématique et mécanique de Bordeaux, MORE",France,France,"École nationale supérieure d’électronique, informatique, télécommunications, mathématique et mécanique de Bordeaux, MORE",,,France
198,379,Richard A. Gonzalez,"Born: January 21, 1954 (age 66 years)', 'Nationality: American', 'Education: University of Houston","January 21, 1954 (age 66 years)",American,University of Houston,1954,,
199,380,Evan G. Greenberg,"Born: 1955 (age 65 years), United States', 'Education: カレッジ・オブ・インシュアランス, New York University', 'Books: Reinvigorating U.S. Economic Strategy in the Asia Pacific: Recommendations for the Incoming Administration', 'Siblings: Jeffrey W. Greenberg, Cathleen Greenberg, Scott Greenberg', 'Parents: Maurice R. Greenberg, Corinne Phyllis Zuckerman', 'Grandparents: Jacob Greenberg, Ada Rheingold","1955 (age 65 years), United States",United States,"カレッジ・オブ・インシュアランス, New York University",1955,,United States
200,382,Jack Bowles,"Born: France', 'Predecessor: Nicandro Durante', 'Board member of: British American Tobacco",France,France,,,,France
201,385,Richard Fairbank,"Born: September 18, 1950 (age 69 years), California', 'Height: 5′ 7″', 'Net worth: US$1.1 billion (January 2018)', 'Spouse: Chris Fairbank', 'Children: 8', 'Education: Stanford University, Stanford Graduate School of Business","September 18, 1950 (age 69 years), California",California,"Stanford University, Stanford Graduate School of Business",1950,,California
202,389,Tricia Griffith,"Born: October 1964 (age 55 years), Illinois', 'Education: Illinois State University', 'Employer: Progressive Corporation (CEO, president)","October 1964 (age 55 years), Illinois",Illinois,Illinois State University,1964,,Illinois
203,393,James Quincey,"Born: January 8, 1965 (age 55 years), London, United Kingdom', 'Nationality: British', 'Children: 2', 'Spouse: Jacqui Quincey', 'Predecessor: Muhtar Kent', ""Education: King Edward's School, University of Liverpool""","January 8, 1965 (age 55 years), London, United Kingdom",British,"King Edward's School, University of Liverpool""",1965,,United Kingdom
204,394,Jean Paul Agon,"Born: July 6, 1956 (age 63 years), Boulogne-Billancourt, France', 'Spouse: Sophie Agon', 'Education: HEC Paris","July 6, 1956 (age 63 years), Boulogne-Billancourt, France",France,HEC Paris,1956,,France
205,395,Albert Manifold,"Born: August 1962 (age 57 years)', 'Term: January 2014-', 'Predecessor: Myles Lee",August 1962 (age 57 years),,,1962,,
206,401,Dominic Blakemore,"Born: June 1969 (age 50 years)', 'Education: University College London', 'Predecessor: Richard J. Cousins', 'Term: 2018",June 1969 (age 50 years),,University College London,1969,,
207,402,Antonio Neri,"Born: May 10, 1967 (age 52 years), Argentina', 'Nationality: American', 'Education: National Technological University', 'Board member of: Hewlett Packard Enterprise', 'Predecessor: Meg Whitman', 'Residence: Livermore, CA, Delray Beach, FL","May 10, 1967 (age 52 years), Argentina",American,National Technological University,1967,,Argentina
208,403,Philip Jansen,"Born: January 28, 1967 (age 53 years), United Kingdom', 'Children: 5', 'Education: Cardiff University', 'Predecessor: Gavin Patterson","January 28, 1967 (age 53 years), United Kingdom",United Kingdom,Cardiff University,1967,,United Kingdom
209,404,Pablo Isla,"Born: January 22, 1964 (age 56 years), Madrid, Spain', 'Spouse: Maria de la Vega', 'Children: Cecilia Isla, Santiago Isla, Belén Isla', 'Education: Complutense University of Madrid, Our Lady of Remembrance College, Madrid', 'Parents: José María Isla, Carmen Álvarez de Tejera', 'Siblings: Fernando Isla Álvarez de Tejera","January 22, 1964 (age 56 years), Madrid, Spain",Spain,"Complutense University of Madrid, Our Lady of Remembrance College, Madrid",1964,,Spain
210,405,Antoine Frérot,"Born: June 3, 1958 (age 61 years), Fontainebleau, France', 'Books: Water: Towards a Culture of Responsibility', 'Education: École des ponts ParisTech, École Polytechnique', 'Awards: Legion of Honour","June 3, 1958 (age 61 years), Fontainebleau, France",France,"École des ponts ParisTech, École Polytechnique",1958,,France
211,406,Miles D. White,"Born: 1955 (age 65 years), Minneapolis, MN', 'Education: Stanford Graduate School of Business (1980), Stanford University (1978), Culver Academies","1955 (age 65 years), Minneapolis, MN",American,"Stanford Graduate School of Business (1980), Stanford University (1978), Culver Academies",1955,MN,
212,407,Sanjay Mehrotra,"Born: June 27, 1958 (age 61 years), Kanpur, India', 'Spouse: Sangeeta Mehrotra', 'Education: University of California, Berkeley', 'Founded: SanDisk', 'Children: Mahncy Mehrotra, Malika Mehrotra","June 27, 1958 (age 61 years), Kanpur, India",India,"University of California, Berkeley",1958,,India
213,408,Daniel Obajtek,"Born: January 2, 1976 (age 44 years), Myslenice, Poland', 'Party: Law and Justice', 'Education: Private College of Environmental Protection (2014), Gdańska Fundacja Kształcenia Menedżerów', 'Siblings: Bartłomiej Obajtek","January 2, 1976 (age 44 years), Myslenice, Poland",Poland,"Private College of Environmental Protection (2014), Gdańska Fundacja Kształcenia Menedżerów",1976,,Poland
214,409,Jean-Pascal Tricoire,"Born: November 5, 1963 (age 56 years), Beaupréau', 'Education: ESEO, Emlyon Business School","November 5, 1963 (age 56 years), Beaupréau",,"ESEO, Emlyon Business School",1963,,
215,411,Alan D. Schnitzer,"Born: 1965 (age 55 years), United States', 'Spouse: Anne Rose Berman', 'Education: Wharton School of the University of Pennsylvania, Columbia Law School","1965 (age 55 years), United States",United States,"Wharton School of the University of Pennsylvania, Columbia Law School",1965,,United States
216,412,Dong Mingzhu,"Born: August 1954 (age 65 years), Nanjing, China', 'Residence: Zhuhai, China', 'Predecessor: Zhu Jianghong', 'Title: Chairman of the board of Gree Electric', 'Children: 1 son', 'Education: Zhongnan University of Economics and Law, MORE","August 1954 (age 65 years), Nanjing, China",China,"Zhongnan University of Economics and Law, MORE",1954,,China
217,414,Kathy J. Warden,"Title: Chief Executive Officer and President of Northrop Grumman', 'Board member of: Federal Reserve Bank of Richmond, Northrop Grumman, Wolf Trap National Park for the Performing Arts', 'Education: James Madison University, Smithsburg High School, The George Washington University",,,"James Madison University, Smithsburg High School, The George Washington University",,,
218,417,Omar Ishrak,"Born: 1956 (age 64 years), Bangladesh', ""Education: King's College London, সেন্ট যোসেফ উচ্চ মাধ্যমিক বিদ্যালয়""","1956 (age 64 years), Bangladesh",Bangladesh,"King's College London, সেন্ট যোসেফ উচ্চ মাধ্যমিক বিদ্যালয়""",1956,,Bangladesh
219,420,André Calantzopoulos,"Born: 1958 (age 62 years), Archaeological Site of Olympia, Greece', 'Education: INSEAD Europe Campus, Swiss Federal Institute of Technology Lausanne","1958 (age 62 years), Archaeological Site of Olympia, Greece",Greece,"INSEAD Europe Campus, Swiss Federal Institute of Technology Lausanne",1958,,Greece
220,421,Levent Çakıroğlu (Levent Cakiroglu),"Born: 1967 (age 53 years), Ankara, Turkey', 'Education: Ankara University Faculty of Political Science - Civil (1988), University of Illinois at Urbana-Champaign","1967 (age 53 years), Ankara, Turkey",Turkey,"Ankara University Faculty of Political Science - Civil (1988), University of Illinois at Urbana-Champaign",1967,,Turkey
221,423,Jean Pierre Mustier,"Born: January 18, 1961 (age 59 years), Chamalières, France",,,,,,
222,425,Bill McDermott,"Born: August 18, 1961 (age 58 years), Flushing, New York, NY', 'Spouse: Julie McDermott', 'Children: 2', 'Books: Winners Dream: A Journey from Corner Store to Corner Office', 'Education: Dowling College, University of Pennsylvania, MORE', 'Parents: Bill McDermott, Kathleen McDermott","August 18, 1961 (age 58 years), Flushing, New York, NY",American,"Dowling College, University of Pennsylvania, MORE",1961,NY,
223,426,Philippe Wahl,"Born: March 11, 1956 (age 64 years), Sarralbe, France', ""Education: École Nationale d'Administration, Sciences Po, Pantheon-Sorbonne University"", 'Parents: Adrien Wahl, Georgette Meyer","March 11, 1956 (age 64 years), Sarralbe, France",France,"École Nationale d'Administration, Sciences Po, Pantheon-Sorbonne University"", 'Parents: Adrien Wahl, Georgette Meyer",1956,,France
224,430,Emmanuel Faber,"Born: January 22, 1964 (age 56 years), Grenoble, France', 'Education: HEC Paris","January 22, 1964 (age 56 years), Grenoble, France",France,HEC Paris,1964,,France
225,433,William M. Walsh,"Born: October 25, 1961 (age 58 years), Dublin, Ireland', 'Education: Trinity College Dublin, Ardscoil Rís, Dublin","October 25, 1961 (age 58 years), Dublin, Ireland",Ireland,"Trinity College Dublin, Ardscoil Rís, Dublin",1961,,Ireland
226,443,Alain Dehaze,"Born: 1963 (age 57 years)', 'Education: ICHEC Brussels Management School",1963 (age 57 years),,ICHEC Brussels Management School,1963,,
227,444,Jacques van den Broek,"Born: May 24, 1960 (age 59 years), Goes, Netherlands', 'Education: Tilburg University","May 24, 1960 (age 59 years), Goes, Netherlands",Netherlands,Tilburg University,1960,,Netherlands
228,447,"""O'Connor Sean M""","Address: 767 5th Ave # Conc1, New York, NY 10153', 'Phone: (212) 310-8000",,,,,,
229,448,Mark Cutifani,"Born: May 2, 1958 (age 61 years), Wollongong, Australia', 'Term: 2013–present', 'Education: University of Wollongong', 'Predecessor: Cynthia Carroll","May 2, 1958 (age 61 years), Wollongong, Australia",Australia,University of Wollongong,1958,,Australia
230,450,Antonio Huertas,"Born: January 18, 1964 (age 56 years), Villanueva de la Serena, Spain', 'Education: University of Salamanca","January 18, 1964 (age 56 years), Villanueva de la Serena, Spain",Spain,University of Salamanca,1964,,Spain
231,454,Vincent Bolloré,"Born: April 1, 1952 (age 67 years), Boulogne-Billancourt, France', 'Nationality: French', 'Spouse(s): Anaïs Jeanneret', 'Net worth: 4 billion USD (2020)', 'Children: Yannick Bolloré, Cyrille Bollore, Marie Bollore, Sébastien Bollore, Cyrille Bolloré', 'Education: Paris Nanterre University, Janson de Sailly School","April 1, 1952 (age 67 years), Boulogne-Billancourt, France",French,"Paris Nanterre University, Janson de Sailly School",1952,,France
232,455,Shayne Elliott,"Born: New Zealand', 'Spouse: Najla Elliott', 'Education: The University of Auckland, Waitakere College",New Zealand,Zealand,"The University of Auckland, Waitakere College",,,Zealand
233,458,Thomas A. Kennedy,"Born: 1955 (age 65 years), United States', 'Alma maters: Rutgers University, Air Force Institute of Technology, University of California, Los Angeles","1955 (age 65 years), United States",United States,,1955,,United States
234,464,Rajeev Suri,"Born: October 10, 1967 (age 52 years), New Delhi, India', 'Nationality: Singaporean', 'Spouse: Nina Suri (m. 1992)', 'Education: Manipal Institute of Technology (1989), Manipal Academy of Higher Education, Mangalore University', 'Parents: Asha Suri, Yashpal Suri', 'Children: Anish Suri, Ankit Suri","October 10, 1967 (age 52 years), New Delhi, India",Singaporean,"Manipal Institute of Technology (1989), Manipal Academy of Higher Education, Mangalore University",1967,,India
235,465,Jean-François van Boxmeer,"Born: September 12, 1961 (age 58 years), Ixelles, Belgium', 'Education: University of Namur', 'Board member of: Mondelez International, Heineken N.V.","September 12, 1961 (age 58 years), Ixelles, Belgium",Belgium,University of Namur,1961,,Belgium
236,466,Lei Jun,"Born: December 16, 1969 (age 50 years), Xiantao, China', 'Nationality: Chinese', 'Net worth: 10.3 billion USD (2020)', 'Spouse: Zhang Tong', 'Children: 2', 'Education: Wuhan University (1987–1991), Hubei Xiantao Middle School (1984–1987)","December 16, 1969 (age 50 years), Xiantao, China",Chinese,"Wuhan University (1987–1991), Hubei Xiantao Middle School (1984–1987)",1969,,China
237,470,Miguel Patricio,"Nationality: Portuguese', 'Predecessor: Bernard Hees",,Portuguese,,,,
238,474,Ahmed bin Saeed Al Maktoum,"Born: December 1, 1958 (age 61 years), Dubai, United Arab Emirates', 'Net worth: US$37.8 billion (2018)', 'Spouse: Mona bint Obaid bin Thani Al Maktoum (m. 2008)', 'House: Al Maktoum', 'Parents: Saeed bin Maktoum bin Hasher Al Maktoum, Sheikha Fatima bint Ahmed bin Suliman', 'Children: Saeed bin Ahmed bin Saeed Al Maktoum","December 1, 1958 (age 61 years), Dubai, United Arab Emirates",Emirates,,1958,,Emirates
239,478,Dirk Van de Put,"Born: 1959 (age 61 years), Mechelen, Belgium', 'Predecessor: Irene Rosenfeld', 'Education: Ghent University, University of Antwerp","1959 (age 61 years), Mechelen, Belgium",Belgium,"Ghent University, University of Antwerp",1959,,Belgium
240,479,Kasper Rørsted,"Born: February 24, 1962 (age 58 years), Aarhus, Denmark', 'Nationality: Danish', 'Spouse: Lene Rørsted', 'Education: Harvard Business School (2007–2007), MORE', 'Parents: Bendt Rørsted, Judith Kildeberg Rørsted","February 24, 1962 (age 58 years), Aarhus, Denmark",Danish,"Harvard Business School (2007–2007), MORE",1962,,Denmark
241,481,Wiebe Draijer,"Born: August 27, 1965 (age 54 years), Enschede, Netherlands', 'Education: Delft University of Technology (TU Delft)","August 27, 1965 (age 54 years), Enschede, Netherlands",Netherlands,Delft University of Technology (TU Delft),1965,,Netherlands
242,483,Xu Xianping,"Born: October 1954 (age 65 years), Longhui County, Shaoyang, China', 'Party: Communist Party of China","October 1954 (age 65 years), Longhui County, Shaoyang, China",China,,1954,,China
243,489,Gerald W. Schwartz,"Born: November 24, 1941 (age 78 years), Winnipeg, Canada', 'Net worth: 1.2 billion USD (2020)', 'Children: 4', 'Spouse: Heather Reisman (m. 1982)', 'Education: Harvard University, University of Manitoba, Kelvin High School', 'Organizations founded: Onex Corporation, HESEG Foundation, Canwest, Cineplex Entertainment","November 24, 1941 (age 78 years), Winnipeg, Canada",Canada,"Harvard University, University of Manitoba, Kelvin High School",1941,,Canada
244,491,Philippe Petitcolin,"Born: September 28, 1952 (age 67 years), Bannoncourt, France', 'Education: Centre de perfectionnement aux affaires', 'Board member of: Safran, GIFAS, Belcan","September 28, 1952 (age 67 years), Bannoncourt, France",France,Centre de perfectionnement aux affaires,1952,,France
245,495,Darryl White,"Education: Ivey Business School, Western University",,,"Ivey Business School, Western University",,,
246,496,Chen Dongsheng,"Born: December 17, 1957 (age 62 years)', 'Net worth: 4.9 billion USD (2020)', 'Organization founded: Taikang Life Insurance","December 17, 1957 (age 62 years)",,,1957,,
247,498,Benoît Potier,"Born: 1957 (age 63 years), Mulhouse, France', 'Education: Lycée privé Sainte-Geneviève, École Centrale Paris","1957 (age 63 years), Mulhouse, France",France,"Lycée privé Sainte-Geneviève, École Centrale Paris",1957,,France
